No.	Word	Total no. in this subcorpus	Expected collocate frequency	Observed collocate frequency	In no. of texts	Log-likelihood value

1	in	463796	1682.119	5543	485	5740.71
2	Augustinus	1868	6.775	446	72	2971.971
3	de	136672	495.689	2086	342	2868.14
4	Regum	2335	8.469	444	105	2734.658
5	Moralium	151	0.548	122	32	1223.787
6	Paralipomenon	275	0.997	139	46	1182.234
7	eodem	7506	27.223	327	93	1039.62
8	Item	9688	35.137	341	57	949.273
9	Numerorum	400	1.451	126	42	919.86
10	Secundus	894	3.242	142	101	818.961
11	legitur	3327	12.067	209	102	810.692
12	Augustini	834	3.025	136	49	791.984
13	Primo	4829	17.514	228	89	759.225
14	Iudicum	362	1.313	105	48	746.095
15	quinque	3634	13.18	201	76	730.045
16	secundo	2140	7.762	168	70	725.355
17	scriptum	8276	30.016	242	85	592.349
18	Machabeorum	128	0.464	67	40	576.348
19	Trinitate	828	3.003	106	32	563.111
20	Dialogorum	62	0.225	54	33	559.291
21	Incipit	1805	6.547	133	66	557.454
22	Primus	2727	9.89	150	110	543.12
23	Tertius	851	3.087	101	72	520.664
24	beatus	5441	19.734	188	68	516.676
25	Euangeliorum	258	0.936	71	38	495.791
26	quatuor	5393	19.56	176	69	465.401
27	Iob	2983	10.819	140	76	464.459
28	Scripsit	1471	5.335	110	62	464.235
29	Exodi	97	0.352	53	32	462.38
30	idem	9197	33.356	218	50	453.402
31	Gregorius	2028	7.355	118	44	440.011
32	quarto	1121	4.066	96	47	431.088
33	tertio	2234	8.102	119	52	423.488
34	Genesis	119	0.432	52	37	421.865
35	Geneseos	94	0.341	49	38	420.925
36	Regnorum	283	1.026	64	35	418.355
37	legis	5802	21.043	165	75	395.576
38	Sapientie	2871	10.413	122	74	381.887
39	Quartus	480	1.741	67	49	368.018
40	decimo	893	3.239	77	28	346.807
41	Esdre	68	0.247	39	20	345.76
42	sanctus	8553	31.021	181	40	341.514
43	Sententiarum	219	0.794	51	22	336.715
44	capitulo	935	3.391	76	24	333.322
45	I	4371	15.853	130	53	321.986
46	generationis	273	0.99	52	27	320.207
47	Ambrosius	556	2.017	63	24	318.721
48	:	232010	841.466	1404	243	318.161
49	Ciuitate	3102	11.251	112	43	316.73
50	Predestinatione	739	2.68	68	16	315.164
51	Perseuerantie	141	0.511	43	8	310.568
52	Moysi	1466	5.317	82	38	299.485
53	Caput	12364	44.842	203	65	299.144
54	Ex	62436	226.446	531	178	298.742
55	Questionum	131	0.475	41	16	298.646
56	Historie	779	2.825	65	42	288.472
57	quem	20657	74.92	262	139	284.029
58	Retractationum	31	0.112	27	13	279.66
59	quinto	760	2.756	63	27	278.767
60	.	894868	3245.554	4209	449	275.52
61	capitulorum	245	0.889	45	16	273.533
62	psalmorum	389	1.411	51	29	273.431
63	septimo	796	2.887	63	33	272.946
64	Enchiridion	64	0.232	32	18	271.169
65	diuinis	2152	7.805	88	57	269.107
66	Correptione	163	0.591	40	8	268.808
67	prologus	166	0.602	40	22	267.156
68	Explicit	203	0.736	42	25	266.231
69	legimus	2198	7.972	88	51	265.642
70	Deuteronomii	125	0.453	37	21	264.626
71	Capitula	1125	4.08	69	22	264.311
72	diuinorum	620	2.249	57	39	264.073
73	Hypomnesticon	34	0.123	26	2	255.181
74	prefatio	349	1.266	47	27	254.615
75	Leuitici	54	0.196	29	18	251.569
76	capite	2278	8.262	86	40	250.24
77	scripta	2049	7.431	82	53	247.46
78	Decimus	281	1.019	43	12	244.533
79	Antiquitatum	39	0.141	26	19	242.681
80	Naue	245	0.889	41	25	240.982
81	Euangelii	2367	8.585	85	44	239.504
82	beati	6144	22.283	128	69	238.091
83	Numeri	709	2.571	54	19	229.827
84	Prosper	211	0.765	38	10	229.358
85	Isidorus	214	0.776	38	21	228.205
86	sexto	654	2.372	50	27	213.173
87	prophetarum	1727	6.264	70	42	212.896
88	Hieronymus	979	3.551	57	36	212.577
89	seruus	2666	9.669	83	56	212.337
90	uigesimo	183	0.664	34	8	207.514
91	Actuum	369	1.338	41	21	205.757
92	uite	11118	40.323	156	98	192.153
93	historiarum	71	0.258	25	16	189.192
94	prefato	623	2.26	45	18	186.793
95	Quintus	315	1.143	36	24	182.746
96	aperire	415	1.505	39	20	182.404
97	Confessionum	40	0.145	21	14	180.799
98	Ansegisi	59	0.214	23	3	179.854
99	huius	11730	42.543	156	86	179.76
100	Iesu	6492	23.546	113	54	176.913
101	Tobie	76	0.276	24	16	175.328
102	dele	95	0.345	25	20	171.976
103	Lectio	693	2.513	44	17	171.499
104	bono	2382	8.639	69	18	167.612
105	Danielis	148	0.537	27	21	163.715
106	unus	6417	23.274	108	16	163.292
107	Etymologiarum	19	0.069	16	13	163.276
108	Esther	150	0.544	27	19	162.935
109	duos	2676	9.706	71	45	161.46
110	eiusdem	6579	23.861	108	62	159.037
111	edidit	364	1.32	34	28	158.595
112	epistolarum	192	0.696	28	17	156.366
113	Testamenti	1995	7.236	61	36	154.065
114	Historia	1037	3.761	47	33	152.776
115	apocryphus	18	0.065	15	1	152.379
116	composuit	406	1.473	34	23	151.127
117	Fulgentius	87	0.316	22	14	149.345
118	tertii	190	0.689	27	17	149.31
119	Gregorii	967	3.507	45	33	148.517
120	Isaie	347	1.259	32	22	148.44
121	secundi	402	1.458	33	29	145.364
122	scribit	1222	4.432	48	28	143.173
123	librum	1166	4.229	47	7	142.448
124	Ueteris	1396	5.063	50	31	140.626
125	Samuelis	171	0.62	25	17	139.746
126	legat	291	1.055	29	22	139.081
127	Ruth	133	0.482	23	17	136.801
128	commentariorum	25	0.091	15	10	134.997
129	memorato	322	1.168	29	10	133.14
130	Sextus	258	0.936	27	21	132.182
131	religione	744	2.698	38	21	132.137
132	appellatur	1475	5.35	49	16	131.085
133	Incipiunt	434	1.574	31	13	127.988
134	mortuos	868	3.148	39	24	126.128
135	sancti	19414	70.412	183	83	125.228
136	inscribitur	123	0.446	21	17	124.329
137	Deleantur	68	0.247	18	14	124.072
138	Capitularium	57	0.207	17	5	121.891
139	Sacramentorum	361	1.309	28	20	120.172
140	Mosaice	62	0.225	17	10	118.549
141	uiuentium	611	2.216	33	26	118.281
142	Septimus	340	1.233	27	19	117.147
143	narrat	873	3.166	37	20	115.602
144	Salomonis	718	2.604	34	22	113.331
145	diuinos	132	0.479	20	11	113.312
146	liber	2348	8.516	55	27	113.186
147	unum	11256	40.824	125	38	112.139
148	Sirach	59	0.214	16	13	111.171
149	scripti	117	0.424	19	17	110.451
150	contra	16153	58.585	155	55	109.49
151	Ecclesiasticus	269	0.976	23	17	103.188
152	moralibus	74	0.268	16	9	102.976
153	legere	496	1.799	28	25	102.743
154	plenius	809	2.934	33	20	100.743
155	Christiana	515	1.868	28	23	100.716
156	operis	2291	8.309	51	33	100.523
157	Iu	3446	12.498	62	36	100.34
158	scribentur	37	0.134	13	11	98.307
159	uolumina	261	0.947	22	19	98.072
160	Athanasius	168	0.609	19	5	96.038
161	Boetius	54	0.196	14	8	95.837
162	prophetie	571	2.071	28	16	95.187
163	Iudith	279	1.012	22	17	95.141
164	continetur	1029	3.732	35	31	95.129
165	aperti	144	0.522	18	11	94.706
166	ecclesiastici	369	1.338	24	19	94.669
167	uolumine	340	1.233	23	11	92.496
168	meminit	495	1.795	26	19	91.798
169	Prouerbiorum	33	0.12	12	10	91.755
170	sicut	40799	147.972	278	117	91.203
171	hunc	6501	23.578	83	65	90.665
172	octauo	691	2.506	29	21	90.069
173	Iosue	459	1.665	25	14	90.01
174	nono	361	1.309	23	13	89.796
175	narratur	330	1.197	22	11	87.842
176	Monimum	18	0.065	10	5	87.712
177	trigesimo	116	0.421	16	5	87.476
178	sedentis	72	0.261	14	8	86.836
179	sermonum	300	1.088	21	5	85.862
180	ecclesiastico	562	2.038	26	11	85.516
181	Homiliarum	20	0.073	10	7	84.746
182	Iii	4170	15.124	63	36	84.616
183	finem	4190	15.197	63	36	84.154
184	ueteribus	192	0.696	18	15	84.091
185	adulterinis	21	0.076	10	5	83.395
186	Quarti	135	0.49	16	12	82.42
187	scripsisti	84	0.305	14	11	82.156
188	Chronicorum	34	0.123	11	9	80.992
189	sacrorum	444	1.61	23	18	80.595
190	leguntur	624	2.263	26	25	80.4
191	signatum	144	0.522	16	11	80.288
192	fine	3037	11.015	52	37	80.019
193	signacula	70	0.254	13	12	79.326
194	Ii	4832	17.525	66	39	78.608
195	Apocalypsis	96	0.348	14	12	78.18
196	Leuiticus	38	0.138	11	11	78.1
197	Iulianum	127	0.461	15	4	77.161
198	appendices	27	0.098	10	1	76.924
199	ecclesiastice	674	2.445	26	17	76.674
200	auctorum	103	0.374	14	13	76.106
201	miraculorum	558	2.024	24	15	75.642
202	Ieremie	287	1.041	19	10	75.604
203	quos	13860	50.268	123	82	75.116
204	sigillis	43	0.156	11	8	74.952
205	apostolorum	5022	18.214	66	32	74.862
206	inuolutus	63	0.229	12	6	73.886
207	Iouinianum	20	0.073	9	7	73.714
208	Iosephi	64	0.232	12	6	73.477
209	Officiorum	145	0.526	15	10	73.077
210	Moysis	88	0.319	13	8	72.949
211	Hermes	47	0.171	11	9	72.738
212	Octauus	223	0.809	17	12	72.375
213	nonus	122	0.443	14	9	71.182
214	Genesim	35	0.127	10	9	70.698
215	gentilium	699	2.535	25	20	70.24
216	inter	18369	66.622	145	70	69.197
217	Silonitis	9	0.033	7	5	69.17
218	epigrammatum	9	0.033	7	2	69.17
219	doctor	1222	4.432	31	19	68.056
220	historiam	817	2.963	26	14	67.528
221	demonstrat	1149	4.167	30	23	67.367
222	Computo	41	0.149	10	4	67.061
223	Ahie	10	0.036	7	5	66.465
224	Isidori	181	0.657	15	12	66.355
225	Baptismo	839	3.043	26	17	66.284
226	Boetii	28	0.102	9	6	66.115
227	Ezechielis	146	0.53	14	12	66.046
228	Cyprianus	184	0.667	15	10	65.865
229	gestorum	275	0.997	17	13	65.369
230	Hebraicarum	19	0.069	8	5	64.129
231	primi	1411	5.118	32	23	64.079
232	scriptus	158	0.573	14	12	63.814
233	commemorat	536	1.944	21	16	62.532
234	Peri	12	0.044	7	4	62.415
235	locorum	678	2.459	23	15	62.399
236	soluere	611	2.216	22	16	62.082
237	prophetici	34	0.123	9	9	62.035
238	continet	838	3.039	25	19	62.03
239	expositionis	74	0.268	11	9	61.872
240	Enchiridii	7	0.025	6	1	61.693
241	scriptoribus	104	0.377	12	9	61.149
242	Faustum	54	0.196	10	7	60.964
243	conscripsit	176	0.638	14	12	60.788
244	continentur	631	2.289	22	17	60.785
245	Uicesimus	78	0.283	11	2	60.651
246	scribitur	711	2.579	23	15	60.415
247	uolum	37	0.134	9	1	60.298
248	Actorum	37	0.134	9	3	60.298
249	illustribus	80	0.29	11	11	60.069
250	authenticis	57	0.207	10	9	59.791
251	Ierarchia	144	0.522	13	5	59.741
252	Prosperi	145	0.526	13	7	59.561
253	exordio	449	1.629	19	14	59.302
254	Beda	1157	4.196	28	9	59.183
255	scriptas	84	0.305	11	10	58.939
256	prophete	2564	9.299	41	30	58.666
257	tres	4679	16.97	57	39	58.429
258	tractatus	152	0.551	13	13	58.328
259	Hilarii	152	0.551	13	9	58.328
260	refert	758	2.749	23	20	57.764
261	institutionum	42	0.152	9	6	57.748
262	Paschasii	43	0.156	9	2	57.271
263	istius	1309	4.748	29	20	56.918
264	Paralipomenorum	5	0.018	5	3	56.213
265	plicabitur	5	0.018	5	5	56.213
266	expositione	433	1.57	18	16	55.584
267	coniugali	106	0.384	11	2	53.662
268	ueterum	343	1.244	16	14	52.874
269	Coniugiis	55	0.2	9	5	52.461
270	priori	479	1.737	18	8	52.208
271	sanctorum	10098	36.624	88	43	51.834
272	Sequentis	244	0.885	14	11	51.807
273	synodis	155	0.562	12	7	51.454
274	Amalarius	38	0.138	8	2	51.018
275	Hilarius	203	0.736	13	6	50.881
276	Uarronis	6	0.022	5	5	50.777
277	Augustinum	257	0.932	14	9	50.407
278	canonici	257	0.932	14	8	50.407
279	pastorali	209	0.758	13	6	50.145
280	dierum	1410	5.114	28	14	49.823
281	quoque	16521	59.919	122	70	49.615
282	testatur	1634	5.926	30	25	49.526
283	Pastoralis	169	0.613	12	8	49.403
284	philosophorum	272	0.987	14	12	48.885
285	scripsisse	221	0.802	13	12	48.735
286	editis	97	0.352	10	9	48.647
287	penitentialis	26	0.094	7	4	48.52
288	conscripserunt	44	0.16	8	3	48.447
289	commenti	14	0.051	6	4	48.364
290	propheticis	137	0.497	11	8	47.965
291	nominibus	704	2.553	20	11	47.882
292	Areopagita	46	0.167	8	2	47.683
293	quicumque	347	1.259	15	5	47.417
294	additiones	15	0.054	6	2	47.309
295	uerba	6519	23.643	64	45	47.022
296	Areopagite	48	0.174	8	3	46.947
297	superiori	366	1.327	15	8	45.921
298	Nuptiis	369	1.338	15	4	45.693
299	solidentur	8	0.029	5	3	45.636
300	Ezre	17	0.062	6	5	45.43
301	Bede	155	0.562	11	11	45.271
302	Hebreorum	379	1.375	15	12	44.946
303	uiginti	2038	7.392	32	18	44.877
304	Fide	7524	27.288	69	31	44.848
305	plures	1802	6.536	30	15	44.823
306	suarum	1151	4.175	24	15	44.654
307	Hester	18	0.065	6	3	44.603
308	mentio	261	0.947	13	12	44.578
309	Hymnorum	56	0.203	8	7	44.327
310	Malachim	34	0.123	7	7	44.295
311	lasciuus	35	0.127	7	6	43.852
312	apertus	35	0.127	7	5	43.852
313	Hieronymi	283	1.026	13	11	42.582
314	Tobi	10	0.036	5	4	42.359
315	canticorum	417	1.512	15	11	42.3
316	duodecimo	181	0.657	11	7	41.931
317	titulatur	22	0.08	6	3	41.766
318	Ambrosii	235	0.852	12	9	41.719
319	uicesimo	183	0.664	11	9	41.698
320	deleri	67	0.243	8	7	41.331
321	Fulgentii	42	0.152	7	6	41.082
322	Hebraicorum	11	0.04	5	3	41.078
323	Reparatione	69	0.25	8	2	40.842
324	disputationis	148	0.537	10	6	40.19
325	undecimo	197	0.715	11	6	40.129
326	habetur	1516	5.498	26	21	40.072
327	Monacensis	25	0.091	6	2	40.013
328	Turonensibus	12	0.044	5	1	39.95
329	confecit	73	0.265	8	4	39.915
330	Noui	1776	6.441	28	23	39.443
331	titulus	542	1.966	16	14	39.396
332	capp	76	0.276	8	4	39.26
333	dicitur	19450	70.542	129	64	39.036
334	descripta	160	0.58	10	10	38.666
335	iste	6251	22.672	58	39	38.523
336	Dionysius	272	0.987	12	5	38.392
337	prefatione	166	0.602	10	10	37.948
338	gratis	947	3.435	20	6	37.639
339	precedenti	169	0.613	10	7	37.603
340	priore	282	1.023	12	7	37.578
341	Undecimus	55	0.2	7	7	37.091
342	reperitur	433	1.57	14	14	36.761
343	mentionem	439	1.592	14	11	36.412
344	Legant	91	0.33	8	6	36.338
345	U	3578	12.977	40	23	36.226
346	ita	28529	103.471	170	87	35.971
347	nomina	1928	6.993	28	27	35.913
348	quantitate	242	0.878	11	7	35.811
349	Excerpta	96	0.348	8	7	35.477
350	homo	11409	41.379	85	30	35.331
351	legebat	36	0.131	6	6	35.208
352	contemptoris	18	0.065	5	2	35.016
353	Philo	18	0.065	5	4	35.016
354	Exodus	37	0.134	6	5	34.858
355	Malachie	19	0.069	5	3	34.397
356	Penitentia	1620	5.876	25	13	34.388
357	copiam	261	0.947	11	11	34.249
358	manifestat	652	2.365	16	6	34.202
359	reperiatur	104	0.377	8	8	34.201
360	superioribus	753	2.731	17	10	33.908
361	signatus	107	0.388	8	8	33.749
362	Scoti	41	0.149	6	3	33.55
363	habentur	581	2.107	15	12	33.387
364	Hebreos	582	2.111	15	10	33.342
365	lapsis	111	0.403	8	6	33.168
366	Iosephus	344	1.248	12	11	33.166
367	Cesariensis	73	0.265	7	7	33.02
368	testimonia	988	3.583	19	13	32.802
369	Etherii	22	0.08	5	1	32.734
370	Differentiarum	22	0.08	5	5	32.734
371	uolumen	221	0.802	10	7	32.471
372	expositum	117	0.424	8	8	32.341
373	principio	1587	5.756	24	18	32.264
374	Rabani	79	0.287	7	5	31.906
375	Apocalypsin	47	0.171	6	5	31.829
376	Scripture	1617	5.865	24	15	31.576
377	prolixitas	48	0.174	6	4	31.568
378	prioribus	535	1.94	14	8	31.49
379	Dionysii	451	1.636	13	7	31.458
380	Cypriani	124	0.45	8	6	31.429
381	Apologeticum	25	0.091	5	5	31.316
382	Radberti	25	0.091	5	3	31.316
383	Duodecimus	50	0.181	6	6	31.063
384	sexti	50	0.181	6	6	31.063
385	sermone	2172	7.878	28	21	30.967
386	dicit	25130	91.143	149	51	30.937
387	manuscriptis	26	0.094	5	3	30.89
388	reperi	181	0.657	9	8	30.831
389	exordium	384	1.393	12	12	30.772
390	lapsi	132	0.479	8	2	30.455
391	doctrina	2780	10.083	32	25	30.261
392	uno	4827	17.507	45	22	30.148
393	Bellorum	189	0.686	9	8	30.092
394	edidi	28	0.102	5	5	30.08
395	Alcuinus	191	0.693	9	7	29.913
396	Pontificali	193	0.7	9	4	29.735
397	nominum	326	1.182	11	8	29.734
398	indicem	29	0.105	5	5	29.704
399	Ui	3736	13.55	38	21	29.641
400	inuenitur	1459	5.292	22	19	29.476
401	Maximinum	57	0.207	6	3	29.445
402	legite	30	0.109	5	4	29.343
403	expositionem	198	0.718	9	7	29.3
404	Alcuini	200	0.725	9	7	29.129
405	Euangelistarum	200	0.725	9	7	29.129
406	exponens	337	1.222	11	8	29.073
407	Esdra	59	0.214	6	2	29.02
408	recipiebant	31	0.112	5	4	28.994
409	septem	4445	16.121	42	24	28.835
410	scriptores	204	0.74	9	7	28.793
411	gestarum	148	0.537	8	3	28.684
412	Ione	100	0.363	7	5	28.62
413	Hebraicis	33	0.12	5	4	28.325
414	Mattheum	279	1.012	10	9	28.134
415	Elipandum	34	0.123	5	4	28.011
416	dispositionum	34	0.123	5	2	28.011
417	copia	437	1.585	12	9	28.008
418	predestinationis	356	1.291	11	8	27.983
419	libero	528	1.915	13	7	27.863
420	Quinti	106	0.384	7	7	27.82
421	X	2211	8.019	27	16	27.764
422	eisdem	1677	6.082	23	16	27.526
423	Canonum	1176	4.265	19	15	27.49
424	Tricesimus	67	0.243	6	1	27.475
425	Agnelli	109	0.395	7	2	27.438
426	Patrum	3751	13.604	37	27	27.402
427	Nahum	37	0.134	5	3	27.12
428	apertum	296	1.074	10	7	27.054
429	explanat	70	0.254	6	4	26.946
430	istum	856	3.105	16	12	26.878
431	sacre	1333	4.835	20	16	26.643
432	Decimi	116	0.421	7	3	26.588
433	scribuntur	117	0.424	7	7	26.472
434	Benedicti	1470	5.332	21	6	26.412
435	Exstant	172	0.624	8	8	26.392
436	Uii	2452	8.893	28	15	26.169
437	conscriptus	41	0.149	5	5	26.051
438	precedentibus	394	1.429	11	8	25.995
439	auctor	1238	4.49	19	17	25.972
440	superiore	177	0.642	8	7	25.958
441	(	30251	109.716	167	72	25.898
442	essem	396	1.436	11	9	25.897
443	hereses	316	1.146	10	4	25.869
444	egredietur	243	0.881	9	5	25.863
445	Noni	42	0.152	5	5	25.803
446	diuine	3890	14.109	37	28	25.706
447	testantur	400	1.451	11	10	25.702
448	signati	124	0.45	7	6	25.685
449	tertium	900	3.264	16	13	25.579
450	legit	598	2.169	13	8	25.096
451	inuenimus	703	2.55	14	11	24.976
452	aduersum	1417	5.139	20	5	24.792
453	titulo	510	1.85	12	9	24.782
454	Gestis	710	2.575	14	12	24.746
455	scribat	88	0.319	6	5	24.219
456	Prudentius	88	0.319	6	5	24.219
457	totidem	347	1.259	10	9	24.194
458	pauca	1321	4.791	19	14	24.091
459	Marcellinum	50	0.181	5	2	24.015
460	inueniuntur	632	2.292	13	12	23.89
461	hos	2454	8.9	27	21	23.866
462	tractauimus	51	0.185	5	3	23.81
463	Pastoralem	92	0.334	6	4	23.697
464	Pelagium	52	0.189	5	2	23.614
465	isto	1476	5.353	20	15	23.577
466	Cassiani	93	0.337	6	4	23.571
467	laqueis	211	0.765	8	8	23.334
468	Conciliorum	212	0.769	8	6	23.265
469	Decretorum	96	0.348	6	1	23.198
470	antiquis	552	2.002	12	11	23.166
471	aperuit	655	2.376	13	9	23.119
472	libri	1369	4.965	19	8	23.073
473	uerborum	1250	4.534	18	9	22.855
474	breuiter	1128	4.091	17	14	22.763
475	decreui	101	0.366	6	4	22.607
476	institutione	222	0.805	8	6	22.585
477	egreditur	297	1.077	9	4	22.581
478	catholicorum	471	1.708	11	10	22.577
479	Daniel	382	1.386	10	10	22.499
480	capitulis	473	1.716	11	8	22.496
481	uirginitate	159	0.577	7	5	22.367
482	conscripti	59	0.214	5	5	22.341
483	eorumdem	480	1.741	11	10	22.22
484	inuentus	794	2.88	14	13	22.197
485	explanatione	60	0.218	5	5	22.174
486	disputatum	60	0.218	5	3	22.174
487	delebo	61	0.221	5	5	22.01
488	Baruch	62	0.225	5	2	21.844
489	imponere	234	0.849	8	3	21.816
490	Arianos	65	0.236	5	2	21.377
491	diuersos	323	1.172	9	8	21.237
492	series	244	0.885	8	8	21.207
493	diuersorum	325	1.179	9	8	21.139
494	epistolas	623	2.26	12	7	20.748
495	supradicto	183	0.664	7	6	20.532
496	terminetur	72	0.261	5	2	20.366
497	dimissus	124	0.45	6	5	20.244
498	duodecim	2409	8.737	25	19	20.153
499	Eusebius	189	0.686	7	6	20.115
500	Eusebii	189	0.686	7	5	20.115
501	Unde	25621	92.924	139	69	19.909
502	Nepotis	76	0.276	5	3	19.835
503	partim	888	3.221	14	11	19.72
504	Pontificalis	130	0.472	6	2	19.706
505	disputat	130	0.472	6	4	19.706
506	sententias	551	1.998	11	11	19.668
507	scribe	554	2.009	11	7	19.569
508	cuiusdam	776	2.814	13	11	19.55
509	aduersus	3779	13.706	33	25	19.509
510	declaratur	362	1.313	9	8	19.441
511	Ezechiel	363	1.317	9	5	19.399
512	Paschasius	134	0.486	6	3	19.363
513	Incarnatione	367	1.331	9	8	19.227
514	scribendi	136	0.493	6	6	19.195
515	Hinc	7123	25.834	51	29	19.139
516	scribere	678	2.459	12	11	19.098
517	argenti	569	2.064	11	8	19.085
518	legantur	138	0.501	6	5	19.031
519	antiquorum	381	1.382	9	9	18.647
520	Caroli	1468	5.324	18	9	18.613
521	exponunt	87	0.316	5	5	18.519
522	Xxii	483	1.752	10	9	18.486
523	Scriptor	216	0.783	7	7	18.409
524	Grecorum	592	2.147	11	11	18.372
525	octo	1632	5.919	19	15	18.264
526	tuo	4801	17.413	38	29	18.23
527	Heresibus	92	0.334	5	5	17.979
528	Legi	969	3.514	14	14	17.846
529	aliquot	502	1.821	10	8	17.844
530	iustorum	1099	3.986	15	7	17.843
531	Arium	94	0.341	5	5	17.774
532	Regularum	96	0.348	5	5	17.571
533	Clementis	159	0.577	6	6	17.448
534	capitulari	98	0.355	5	4	17.375
535	diuini	1542	5.593	18	15	17.369
536	eumdem	2795	10.137	26	15	17.347
537	plagas	322	1.168	8	8	17.272
538	refertur	634	2.299	11	10	17.156
539	Cantica	241	0.874	7	6	17.033
540	lectione	529	1.919	10	9	16.982
541	Genesi	529	1.919	10	5	16.982
542	Xxix	329	1.193	8	7	16.974
543	posuimus	244	0.885	7	4	16.879
544	potes	645	2.339	11	10	16.854
545	catalogo	168	0.609	6	4	16.841
546	debito	334	1.211	8	5	16.765
547	scribi	172	0.624	6	6	16.583
548	Gedeon	174	0.631	6	4	16.455
549	Prosperum	108	0.392	5	3	16.451
550	Monitum	108	0.392	5	5	16.451
551	quorum	7967	28.895	53	39	16.173
552	Mediolanensis	114	0.414	5	2	15.94
553	doctorum	804	2.916	12	8	15.889
554	lectori	115	0.417	5	5	15.859
555	cuius	15182	55.063	87	65	15.8
556	Latinos	187	0.678	6	6	15.671
557	initio	1655	6.002	18	15	15.63
558	legatur	363	1.317	8	8	15.629
559	sedecim	118	0.428	5	3	15.617
560	historiis	118	0.428	5	4	15.617
561	Amos	271	0.983	7	5	15.586
562	Epistole	953	3.456	13	12	15.453
563	Ecclesiastica	954	3.46	13	9	15.433
564	Xi	1524	5.527	17	14	15.343
565	diuisione	277	1.005	7	4	15.319
566	capita	707	2.564	11	4	15.268
567	memorat	197	0.715	6	6	15.108
568	Uiii	2494	9.045	23	15	15.101
569	Theodosii	125	0.453	5	3	15.079
570	Agni	598	2.169	10	7	15.009
571	posterioribus	127	0.461	5	4	14.933
572	penuria	127	0.461	5	4	14.933
573	descripsit	127	0.461	5	5	14.933
574	Perfectione	385	1.396	8	6	14.837
575	Marci	289	1.048	7	6	14.804
576	monachus	986	3.576	13	7	14.802
577	Questionibus	203	0.736	6	6	14.786
578	manifeste	1127	4.088	14	13	14.736
579	prioris	495	1.795	9	3	14.714
580	uera	3401	12.335	28	16	14.653
581	Sacramentis	614	2.227	10	5	14.593
582	Edificatione	134	0.486	5	1	14.436
583	doctoris	397	1.44	8	6	14.428
584	conditi	135	0.49	5	5	14.368
585	mystica	399	1.447	8	5	14.361
586	primum	6073	22.026	42	31	14.341
587	Leuitico	212	0.769	6	4	14.323
588	continentem	137	0.497	5	5	14.232
589	legum	408	1.48	8	6	14.066
590	Iudaicus	221	0.802	6	5	13.883
591	uidisse	415	1.505	8	8	13.843
592	tractatum	145	0.526	5	5	13.713
593	euidenter	650	2.358	10	9	13.706
594	Xxu	423	1.534	8	4	13.592
595	Augustino	321	1.164	7	6	13.55
596	Ade	427	1.549	8	5	13.469
597	Actus	1059	3.841	13	10	13.463
598	predicto	664	2.408	10	8	13.379
599	Pauli	1822	6.608	18	14	13.364
600	Testamentorum	151	0.548	5	5	13.343
601	codice	545	1.977	9	8	13.33
602	Apocalypsi	668	2.423	10	9	13.287
603	Psalterium	235	0.852	6	6	13.238
604	ecclesiasticis	1073	3.892	13	11	13.221
605	apertius	440	1.596	8	8	13.079
606	Exstat	335	1.215	7	6	13.048
607	tractatu	240	0.87	6	5	13.019
608	sufficienter	336	1.219	7	7	13.013
609	reperiuntur	242	0.878	6	5	12.932
610	Canonicis	448	1.625	8	6	12.847
611	legendo	160	0.58	5	5	12.821
612	secularium	450	1.632	8	7	12.789
613	Xxxiii	246	0.892	6	2	12.762
614	Tabernaculo	570	2.067	9	2	12.698
615	prefatis	248	0.9	6	3	12.677
616	ecclesiasticorum	163	0.591	5	4	12.654
617	Iuliani	249	0.903	6	3	12.636
618	theologia	164	0.595	5	2	12.599
619	Expositio	166	0.602	5	5	12.49
620	Lucam	253	0.918	6	4	12.472
621	constitutione	254	0.921	6	4	12.431
622	nonnulla	468	1.697	8	6	12.286
623	uocatus	847	3.072	11	8	12.283
624	duo	5406	19.607	37	24	12.267
625	scriptorum	173	0.627	5	4	12.123
626	accepit	2807	10.181	23	14	11.913
627	Ecclesiasticum	370	1.342	7	7	11.897
628	creaturarum	268	0.972	6	5	11.882
629	testante	269	0.976	6	6	11.844
630	uersibus	269	0.976	6	6	11.844
631	sacros	486	1.763	8	7	11.809
632	thronum	373	1.353	7	7	11.805
633	Xui	1018	3.692	12	8	11.742
634	Felicem	277	1.005	6	4	11.547
635	sequenti	621	2.252	9	9	11.514
636	eosdem	752	2.727	10	7	11.511
637	latius	383	1.389	7	7	11.503
638	recipiunt	279	1.012	6	6	11.473
639	questiones	281	1.019	6	5	11.402
640	plurali	189	0.686	5	4	11.341
641	Osee	285	1.034	6	4	11.258
642	Pastoris	513	1.861	8	7	11.132
643	Agone	197	0.715	5	4	10.98
644	plerisque	197	0.715	5	4	10.98
645	Ioannis	2206	8.001	19	15	10.924
646	testimoniis	524	1.901	8	8	10.87
647	finis	1547	5.611	15	12	10.781
648	respicere	202	0.733	5	4	10.763
649	duorum	794	2.88	10	10	10.722
650	Carolum	674	2.445	9	7	10.415
651	comprehendit	313	1.135	6	6	10.326
652	bibliotheca	214	0.776	5	4	10.266
653	mysteriorum	316	1.146	6	6	10.232
654	exponit	688	2.495	9	9	10.144
655	Carmen	320	1.161	6	6	10.109
656	potui	438	1.589	7	7	10.008
657	auctoribus	224	0.812	5	4	9.876
658	custos	569	2.064	8	2	9.869
659	nouem	996	3.612	11	9	9.779
660	satis	3060	11.098	23	18	9.766
661	partem	3447	12.502	25	20	9.701
662	describit	335	1.215	6	6	9.663
663	trium	862	3.126	10	9	9.563
664	diuinarum	585	2.122	8	7	9.539
665	Uocatione	340	1.233	6	3	9.521
666	termino	234	0.849	5	4	9.507
667	quot	1015	3.681	11	11	9.498
668	multoties	235	0.852	5	3	9.471
669	papa	2730	9.901	21	18	9.428
670	Sancta	6735	24.427	41	29	9.365
671	prefati	738	2.677	9	9	9.236
672	indicat	602	2.183	8	8	9.201
673	octoginta	352	1.277	6	6	9.187
674	Conditor	473	1.716	7	7	9.178
675	congregauit	244	0.885	5	5	9.156
676	comprobatur	244	0.885	5	5	9.156
677	alius	2767	10.036	21	13	9.129
678	declarat	476	1.726	7	7	9.11
679	demonstratur	477	1.73	7	7	9.088
680	deest	478	1.734	7	7	9.066
681	Ludouicum	247	0.896	5	5	9.055
682	coniugii	247	0.896	5	3	9.055
683	ostendunt	479	1.737	7	7	9.043
684	conscripta	248	0.9	5	5	9.021
685	officiis	615	2.231	8	8	8.951
686	exiit	364	1.32	6	4	8.869
687	reperimus	253	0.918	5	5	8.856
688	Matthei	253	0.918	5	4	8.856
689	Mendacio	365	1.324	6	6	8.843
690	ingenii	366	1.327	6	4	8.818
691	pleniter	494	1.792	7	6	8.718
692	sequentibus	918	3.329	10	8	8.704
693	auctoris	371	1.346	6	6	8.689
694	manifestissime	260	0.943	5	5	8.631
695	Xxxii	260	0.943	5	3	8.631
696	seriem	375	1.36	6	6	8.589
697	numero	3046	11.047	22	16	8.445
698	appellauit	381	1.382	6	6	8.441
699	hic	18456	66.937	92	62	8.435
700	iisdem	384	1.393	6	6	8.368
701	quatuordecim	273	0.99	5	4	8.234
702	regibus	1113	4.037	11	7	8.172
703	Salomon	1443	5.234	13	11	8.166
704	quotiescunque	276	1.001	5	5	8.145
705	tribus	3877	14.061	26	22	8.124
706	Dono	966	3.504	10	5	8.028
707	considerandum	399	1.447	6	4	8.013
708	aduocatus	286	1.037	5	3	7.858
709	nusquam	677	2.455	8	7	7.855
710	Xii	2009	7.286	16	14	7.783
711	nouis	289	1.048	5	4	7.775
712	paganorum	411	1.491	6	6	7.742
713	Responsio	412	1.494	6	2	7.72
714	Celesti	1316	4.773	12	6	7.713
715	episcopali	416	1.509	6	5	7.632
716	diligenter	1675	6.075	14	14	7.565
717	ostendimus	297	1.077	5	4	7.558
718	Miraculis	856	3.105	9	6	7.409
719	Tolle	303	1.099	5	3	7.4
720	exhibet	304	1.103	5	5	7.373
721	capitulum	564	2.046	7	6	7.359
722	initium	1521	5.516	13	13	7.358
723	sequitur	6547	23.745	38	21	7.26
724	duobus	3025	10.971	21	17	7.246
725	auctores	435	1.578	6	4	7.23
726	centum	1544	5.6	13	11	7.133
727	lector	723	2.622	8	7	7.132
728	Origine	440	1.596	6	6	7.129
729	quosdam	1554	5.636	13	12	7.038
730	libros	1044	3.786	10	7	7.034
731	lectionem	318	1.153	5	5	7.022
732	docet	1922	6.971	15	13	6.966
733	iuuenis	449	1.629	6	6	6.949
734	ornamenta	322	1.168	5	4	6.925
735	integrum	738	2.677	8	7	6.911
736	ostenditur	1397	5.067	12	10	6.862
737	Scripturarum	1950	7.072	15	14	6.734
738	artis	464	1.683	6	5	6.661
739	Pontificum	914	3.315	9	8	6.644
740	Uiris	1423	5.161	12	12	6.606
741	frequenter	1253	4.544	11	10	6.571
742	libro	4565	16.557	28	12	6.567
743	imposuit	346	1.255	5	4	6.375
744	Codicibus	346	1.255	5	5	6.375
745	quibusdam	2976	10.794	20	18	6.288
746	cetera	4000	14.507	25	19	6.255
747	singuli	786	2.851	8	4	6.246
748	accipiat	948	3.438	9	4	6.23
749	Priorum	355	1.288	5	4	6.182
750	prefatus	640	2.321	7	6	6.131
751	en	497	1.803	6	5	6.072
752	quo	34150	123.857	152	95	5.993
753	diuersis	2046	7.421	15	15	5.984
754	Xu	1323	4.798	11	8	5.878
755	nominatur	663	2.405	7	6	5.801
756	Pluribus	821	2.978	8	8	5.8
757	istos	520	1.886	6	4	5.693
758	sententiis	525	1.904	6	6	5.614
759	exposuit	384	1.393	5	5	5.602
760	Xxui	385	1.396	5	4	5.583
761	quodam	1912	6.935	14	14	5.567
762	adiutorio	528	1.915	6	5	5.567
763	multa	5868	21.282	33	26	5.54
764	manibus	3106	11.265	20	15	5.517
765	ordinem	2503	9.078	17	16	5.512
766	Regule	532	1.93	6	5	5.505
767	arbitrio	1015	3.681	9	8	5.482
768	fecisse	1190	4.316	10	10	5.465
769	utilis	392	1.422	5	5	5.452
770	dicto	689	2.499	7	7	5.448
771	Samuel	393	1.425	5	3	5.434
772	Libello	400	1.451	5	5	5.307
773	sepius	1208	4.381	10	9	5.294
774	habemus	2155	7.816	15	11	5.213
775	imperatorem	1046	3.794	9	8	5.164
776	presentis	1780	6.456	13	8	5.136
777	comitis	558	2.024	6	5	5.118
778	loqueretur	415	1.505	5	5	5.046
779	istorum	418	1.516	5	4	4.995
780	discere	421	1.527	5	5	4.945
781	adiecit	422	1.531	5	5	4.928
782	permaneat	574	2.082	6	4	4.893
783	Xuiii	904	3.279	8	7	4.854
784	postulat	428	1.552	5	4	4.83
785	Mattheus	746	2.706	7	6	4.745
786	Paradiso	750	2.72	7	3	4.698
787	homilia	752	2.727	7	7	4.675
788	Xx	764	2.771	7	5	4.54
789	beate	1114	4.04	9	8	4.519
790	Testamentum	1304	4.729	10	9	4.456
791	perhibetur	453	1.643	5	4	4.44
792	conscientie	454	1.647	5	5	4.426
793	Ioannem	1314	4.766	10	8	4.376
794	euangeliste	616	2.234	6	6	4.347
795	Redemptor	782	2.836	7	5	4.343
796	beatum	1320	4.787	10	8	4.328
797	terminum	631	2.289	6	6	4.165
798	scribens	631	2.289	6	6	4.165
799	predicti	801	2.905	7	7	4.144
800	septuaginta	1934	7.014	13	8	4.09
801	uestimenta	984	3.569	8	8	4.073
802	studuit	494	1.792	5	5	3.867
803	Isaiam	496	1.799	5	4	3.841
804	dextera	1196	4.338	9	4	3.832
805	Isaia	664	2.408	6	5	3.791
806	offert	502	1.821	5	5	3.764
807	Scriptura	3694	13.398	21	15	3.688
808	plurimi	510	1.85	5	4	3.663
809	aperte	1811	6.568	12	9	3.617
810	uerbis	5501	19.951	29	25	3.611
811	Preterea	1228	4.454	9	8	3.587
812	singulorum	685	2.484	6	4	3.568
813	uides	692	2.51	6	4	3.496
814	Similiter	5768	20.92	30	25	3.485
815	scriptis	875	3.174	7	7	3.439
816	testimonio	876	3.177	7	7	3.43
817	arbitror	708	2.568	6	6	3.337
818	ordines	714	2.59	6	5	3.279
819	Habent	4249	15.411	23	19	3.256
820	Isaias	1093	3.964	8	4	3.178
821	Laude	1094	3.968	8	8	3.17
822	Canticum	726	2.633	6	5	3.165
823	precipue	1288	4.671	9	8	3.161
824	uersus	1098	3.982	8	8	3.141
825	Plaga	557	2.02	5	5	3.119
826	Denique	3179	11.53	18	17	3.109
827	intus	1906	6.913	12	8	3.076
828	quadraginta	1702	6.173	11	9	3.07
829	intelliguntur	741	2.688	6	5	3.028
830	maxime	3869	14.032	21	20	3.011
831	Magni	1511	5.48	10	8	3.003
832	uenerabilis	1716	6.224	11	10	2.991
833	multi	3434	12.455	19	15	2.972
834	breui	572	2.075	5	5	2.961
835	Moyses	2350	8.523	14	12	2.955
836	ostendit	5482	19.882	28	23	2.95
837	pre	2146	7.783	13	7	2.917
838	aliqui	757	2.746	6	4	2.887
839	significant	943	3.42	7	7	2.881
840	Spiritu	7382	26.773	36	14	2.879
841	intelligimus	759	2.753	6	6	2.869
842	Ix	1546	5.607	10	10	2.798
843	auctorem	773	2.804	6	6	2.751
844	imagines	964	3.496	7	3	2.724
845	natiuitate	596	2.162	5	5	2.723
846	Huic	3506	12.716	19	18	2.704
847	Hebrei	598	2.169	5	5	2.704
848	posuit	2195	7.961	13	12	2.684
849	auri	782	2.836	6	6	2.677
850	nempe	785	2.847	6	6	2.653
851	triginta	1573	5.705	10	10	2.647
852	dignus	1376	4.991	9	7	2.607
853	presumpserit	609	2.209	5	4	2.6
854	tum	2227	8.077	13	10	2.539
855	ipsius	9218	33.432	43	41	2.52
856	clericorum	993	3.602	7	6	2.519
857	Totus	1602	5.81	10	9	2.491
858	contulit	808	2.931	6	5	2.472
859	magnam	1001	3.631	7	7	2.464
860	personis	812	2.945	6	3	2.441
861	euangelista	1406	5.099	9	7	2.436
862	arce	630	2.285	5	5	2.413
863	multorum	1411	5.118	9	8	2.408
864	plurima	1018	3.692	7	7	2.351
865	panes	825	2.992	6	6	2.345
866	Moysen	1428	5.179	9	9	2.315
867	sanctis	4324	15.683	22	15	2.269
868	solus	3183	11.544	17	16	2.257
869	ubi	18833	68.305	81	62	2.236
870	iustitie	3646	13.224	19	15	2.229
871	auctore	842	3.054	6	6	2.223
872	decem	3195	11.588	17	17	2.216
873	testimonium	3199	11.602	17	16	2.202
874	christianorum	1047	3.797	7	6	2.167
875	nomen	8419	30.535	39	31	2.165
876	locis	2984	10.823	16	16	2.165
877	testis	851	3.087	6	5	2.16
878	Percussit	664	2.408	5	4	2.132
879	cultu	665	2.412	5	5	2.124
880	auctoritas	1468	5.324	9	8	2.107
881	hereticorum	1271	4.61	8	6	2.049
882	suos	6301	22.853	30	26	2.042
883	conditione	676	2.452	5	5	2.039
884	Quinquaginta	873	3.166	6	6	2.012
885	archiepiscopum	682	2.474	5	5	1.995
886	suorum	3962	14.37	20	11	1.972
887	Christiane	685	2.484	5	5	1.972
888	epistolam	1288	4.671	8	7	1.959
889	principium	1288	4.671	8	7	1.959
890	intentio	688	2.495	5	3	1.95
891	solidos	690	2.503	5	5	1.936
892	lege	4918	17.837	24	17	1.928
893	quibus	25792	93.544	107	68	1.859
894	Trinitatis	1748	6.34	10	9	1.802
895	teste	710	2.575	5	5	1.794
896	unius	3099	11.24	16	13	1.788
897	synodi	711	2.579	5	4	1.787
898	Reuera	711	2.579	5	5	1.787
899	propriis	1541	5.589	9	7	1.761
900	temporibus	3574	12.962	18	12	1.752
901	alium	1980	7.181	11	7	1.751
902	desiderat	919	3.333	6	5	1.728
903	prophetia	721	2.615	5	5	1.72
904	alios	3821	13.858	19	16	1.715
905	dixi	1995	7.236	11	9	1.694
906	Uidi	927	3.362	6	6	1.682
907	loquens	728	2.64	5	4	1.674
908	abbatis	1136	4.12	7	5	1.668
909	Romanis	729	2.644	5	5	1.667
910	diaconi	730	2.648	5	3	1.661
911	beato	1575	5.712	9	7	1.614
912	Amen	3393	12.306	17	17	1.605
913	Natura	4347	15.766	21	10	1.579
914	Hi	4590	16.647	22	13	1.568
915	Grece	1158	4.2	7	5	1.559
916	plura	1161	4.211	7	7	1.544
917	sermones	749	2.717	5	4	1.541
918	motus	1165	4.225	7	2	1.525
919	sermonis	754	2.735	5	5	1.511
920	prout	1383	5.016	8	8	1.508
921	tenet	1172	4.251	7	6	1.492
922	tria	1611	5.843	9	9	1.468
923	dicentem	768	2.785	5	5	1.428
924	predictus	769	2.789	5	5	1.422
925	debitum	780	2.829	5	3	1.359
926	imperatoris	2097	7.606	11	6	1.335
927	S	7161	25.972	32	28	1.308
928	mortis	3752	13.608	18	14	1.291
929	tulit	806	2.923	5	5	1.219
930	lapides	1022	3.707	6	5	1.198
931	idolorum	813	2.949	5	5	1.184
932	femina	814	2.952	5	5	1.178
933	Cura	1711	6.206	9	8	1.108
934	tradidit	1946	7.058	10	7	1.089
935	uariis	1047	3.797	6	6	1.089
936	obtulit	833	3.021	5	5	1.085
937	utriusque	1273	4.617	7	7	1.065
938	Probatur	838	3.039	5	5	1.061
939	auctoritatis	1067	3.87	6	6	1.007
940	Ceteri	1516	5.498	8	7	1.001
941	pene	2923	10.601	14	13	0.993
942	litterarum	856	3.105	5	5	0.979
943	prior	1076	3.903	6	4	0.971
944	Corpore	5382	19.52	24	14	0.962
945	templi	1758	6.376	9	3	0.96
946	memorie	1308	4.744	7	7	0.938
947	arte	867	3.145	5	5	0.931
948	multos	2001	7.257	10	9	0.93
949	inuenire	1087	3.942	6	4	0.928
950	constituit	1560	5.658	8	8	0.862
951	presentem	1105	4.008	6	5	0.862
952	sensu	1803	6.539	9	9	0.831
953	pape	2755	9.992	13	10	0.83
954	singulis	2282	8.277	11	9	0.815
955	fertur	896	3.25	5	5	0.812
956	studio	1811	6.568	9	9	0.809
957	appellat	897	3.253	5	5	0.808
958	Seu	6014	21.812	26	23	0.76
959	Primam	910	3.3	5	5	0.758
960	saltem	1600	5.803	8	8	0.746
961	Romanorum	1369	4.965	7	6	0.742
962	Ceterum	1144	4.149	6	6	0.728
963	gesta	1383	5.016	7	6	0.701
964	audit	929	3.369	5	4	0.689
965	luce	1859	6.742	9	8	0.686
966	suis	18251	66.194	73	48	0.68
967	dicens	10689	38.767	44	31	0.679
968	siue	16962	61.519	68	43	0.663
969	litteras	1398	5.07	7	7	0.658
970	Supra	6866	24.902	29	21	0.643
971	dolore	943	3.42	5	5	0.641
972	Disciplina	952	3.453	5	4	0.611
973	Habes	1184	4.294	6	5	0.605
974	exempla	1187	4.305	6	6	0.596
975	psalmus	1429	5.183	7	6	0.576
976	haud	963	3.493	5	5	0.575
977	memoriam	1907	6.916	9	8	0.575
978	uocatur	2641	9.579	12	11	0.569
979	Predicatione	966	3.504	5	3	0.566
980	Patet	1198	4.345	6	6	0.565
981	tot	1684	6.108	8	6	0.536
982	uoluerit	2172	7.878	10	8	0.529
983	presenti	2919	10.587	13	11	0.515
984	Quidam	6209	22.519	26	24	0.514
985	auro	1222	4.432	6	6	0.501
986	aliorum	2187	7.932	10	8	0.5
987	ipsorum	1702	6.173	8	8	0.496
988	fere	991	3.594	5	5	0.492
989	Laus	1005	3.645	5	4	0.453
990	Preter	2710	9.829	12	12	0.45
991	necnon	1487	5.393	7	7	0.439
992	episcopus	9920	35.978	40	24	0.436
993	temporum	1249	4.53	6	6	0.434
994	uideretur	1012	3.67	5	5	0.434
995	uasa	1497	5.429	7	6	0.418
996	magnum	1997	7.243	9	8	0.397
997	Saul	1031	3.739	5	5	0.386
998	postmodum	1759	6.38	8	7	0.382
999	cur	3768	13.666	16	14	0.379
1000	notitiam	1035	3.754	5	5	0.376
1001	Uide	1279	4.639	6	5	0.367
1002	Dominica	1279	4.639	6	3	0.367
1003	superius	3276	11.882	14	12	0.358
1004	rite	1044	3.786	5	4	0.354
1005	maxima	1047	3.797	5	5	0.347
1006	an	4310	15.632	18	12	0.343
1007	Hactenus	1292	4.686	6	6	0.34
1008	quippe	7694	27.905	31	21	0.333
1009	Ait	17493	63.445	68	40	0.321
1010	miracula	1062	3.852	5	4	0.314
1011	creditur	1063	3.855	5	2	0.312
1012	loquitur	3834	13.905	16	15	0.302
1013	aliis	7744	28.086	31	26	0.294
1014	positum	1073	3.892	5	5	0.291
1015	diximus	3081	11.174	13	12	0.284
1016	quodammodo	1085	3.935	5	4	0.266
1017	horum	2342	8.494	10	10	0.253
1018	duabus	1108	4.019	5	5	0.223
1019	notandum	1612	5.847	7	7	0.215
1020	scire	1876	6.804	8	8	0.2
1021	populus	4983	18.073	20	16	0.199
1022	numerus	2131	7.729	9	8	0.199
1023	millia	2134	7.74	9	7	0.196
1024	Porro	2399	8.701	10	9	0.186
1025	Dauid	6606	23.959	26	16	0.17
1026	Certe	2932	10.634	12	10	0.169
1027	sententiam	2675	9.702	11	5	0.167
1028	gratie	2938	10.656	12	2	0.164
1029	etiam	39496	143.246	148	95	0.157
1030	audi	1151	4.175	5	5	0.154
1031	proinde	1158	4.2	5	5	0.144
1032	catholice	1669	6.053	7	4	0.141
1033	faceret	1166	4.229	5	5	0.133
1034	secunda	1939	7.033	8	8	0.128
1035	domni	1434	5.201	6	6	0.117
1036	solummodo	1434	5.201	6	5	0.117
1037	uiros	1438	5.215	6	6	0.113
1038	Bellum	1196	4.338	5	5	0.097
1039	diaboli	2237	8.113	9	9	0.094
1040	memoria	1462	5.303	6	6	0.088
1041	sacri	1206	4.374	5	4	0.086
1042	Hoc	68485	248.385	253	118	0.086
1043	quecunque	1989	7.214	8	8	0.083
1044	medium	1211	4.392	5	5	0.081
1045	aliquem	1228	4.454	5	5	0.065
1046	utrumque	1761	6.387	7	6	0.057
1047	alio	3362	12.194	13	11	0.052
1048	exinde	1244	4.512	5	5	0.051
1049	sacris	2040	7.399	8	8	0.048
1050	Uita	9843	35.699	37	32	0.047
1051	undique	1251	4.537	5	4	0.046
1052	Propheta	5273	19.124	20	16	0.04
1053	uix	1790	6.492	7	7	0.039
1054	nostrorum	2327	8.44	9	6	0.037
1055	sex	2329	8.447	9	6	0.036
1056	magister	1270	4.606	5	5	0.033
1057	habens	2084	7.558	8	8	0.025
1058	alterius	2354	8.538	9	8	0.025
1059	dicente	2087	7.569	8	8	0.024
1060	numerum	1830	6.637	7	6	0.02
1061	nil	1573	5.705	6	5	0.015
1062	Ioannes	4564	16.553	17	11	0.012
1063	sensum	2402	8.712	9	9	0.009
1064	Fac	1326	4.809	5	4	0.007
1065	populum	4591	16.651	17	13	0.007
1066	prima	3524	12.781	13	10	0.004
1067	oratio	1614	5.854	6	6	0.004
1068	suo	14496	52.575	53	36	0.003
1069	inuenit	1618	5.868	6	6	0.003
1070	scientiam	1621	5.879	6	6	0.002
1071	Petrum	1355	4.914	5	4	0.001
1072	litteram	1360	4.933	5	5	0.001
1073	continuo	1374	4.983	5	4	0
1074	Euangelium	2772	10.054	10	7	-0
1075	nullus	6102	22.131	22	19	-0.001
1076	Iuda	1951	7.076	7	6	-0.001
1077	missus	1398	5.07	5	5	-0.001
1078	annum	1701	6.169	6	6	-0.005
1079	tantum	10340	37.502	37	25	-0.007
1080	constat	2554	9.263	9	9	-0.008
1081	Re	3396	12.317	12	11	-0.008
1082	antea	1450	5.259	5	5	-0.013
1083	usus	1736	6.296	6	6	-0.014
1084	presbyter	2311	8.382	8	7	-0.018
1085	prophetam	2601	9.433	9	8	-0.02
1086	alter	2036	7.384	7	7	-0.02
1087	accipere	2325	8.432	8	6	-0.023
1088	dicuntur	3173	11.508	11	11	-0.023
1089	sunt	72096	261.482	259	116	-0.024
1090	omnes	23853	86.511	85	62	-0.027
1091	Oratione	1485	5.386	5	2	-0.028
1092	igne	2063	7.482	7	7	-0.032
1093	Nunquid	2642	9.582	9	8	-0.036
1094	quondam	2078	7.537	7	7	-0.039
1095	Fiat	3249	11.784	11	11	-0.054
1096	ueluti	1816	6.586	6	5	-0.054
1097	sanctos	1819	6.597	6	6	-0.056
1098	anime	4966	18.011	17	13	-0.058
1099	patres	2405	8.723	8	8	-0.062
1100	tali	1845	6.692	6	6	-0.074
1101	profecto	2155	7.816	7	7	-0.089
1102	Siquidem	3033	11	10	8	-0.094
1103	iuxta	12151	44.07	42	28	-0.099
1104	adeo	1586	5.752	5	5	-0.103
1105	olim	2184	7.921	7	7	-0.112
1106	sacerdotes	3065	11.116	10	9	-0.116
1107	aliqua	3067	11.124	10	10	-0.118
1108	itaque	8518	30.894	29	23	-0.119
1109	canones	1603	5.814	5	5	-0.12
1110	culpa	1611	5.843	5	4	-0.128
1111	totum	4540	16.466	15	14	-0.135
1112	ueritate	2803	10.166	9	6	-0.14
1113	debere	1928	6.993	6	4	-0.149
1114	synodo	1933	7.011	6	3	-0.154
1115	qui	164490	596.581	587	210	-0.157
1116	apud	14014	50.827	48	32	-0.161
1117	Romane	1941	7.04	6	5	-0.162
1118	multis	4879	17.695	16	16	-0.169
1119	uidetur	5463	19.814	18	14	-0.172
1120	Quapropter	2248	8.153	7	6	-0.172
1121	Saluatoris	2546	9.234	8	6	-0.173
1122	secundum	20850	75.62	72	54	-0.177
1123	postea	4899	17.768	16	14	-0.183
1124	facile	1679	6.09	5	5	-0.208
1125	foris	1679	6.09	5	5	-0.208
1126	sancto	6677	24.217	22	12	-0.21
1127	penitus	2589	9.39	8	8	-0.217
1128	scientie	1694	6.144	5	4	-0.228
1129	Actibus	1696	6.151	5	5	-0.231
1130	nimirum	2607	9.455	8	8	-0.237
1131	medio	3221	11.682	10	10	-0.256
1132	insuper	1715	6.22	5	5	-0.258
1133	locutus	2328	8.443	7	6	-0.263
1134	habebat	1733	6.285	5	5	-0.284
1135	lingua	2354	8.538	7	7	-0.296
1136	e	4178	15.153	13	13	-0.323
1137	proprie	2375	8.614	7	7	-0.324
1138	misit	3285	11.914	10	10	-0.327
1139	Ioseph	1767	6.409	5	4	-0.336
1140	eas	3004	10.895	9	8	-0.352
1141	Neque	16128	58.494	54	38	-0.356
1142	Quare	3911	14.185	12	10	-0.356
1143	rem	1783	6.467	5	5	-0.362
1144	fecerit	1796	6.514	5	5	-0.384
1145	hac	9255	33.567	30	24	-0.395
1146	Pascha	1826	6.623	5	2	-0.436
1147	anni	2145	7.78	6	4	-0.444
1148	rerum	4903	17.783	15	12	-0.462
1149	tandem	2476	8.98	7	5	-0.474
1150	sub	14326	51.958	47	32	-0.491
1151	episcopi	7018	25.453	22	15	-0.493
1152	quamuis	4631	16.796	14	11	-0.495
1153	Ciuitatis	2491	9.035	7	5	-0.499
1154	sum	8214	29.791	26	15	-0.506
1155	pars	2809	10.188	8	8	-0.509
1156	Quomodo	10295	37.338	33	25	-0.527
1157	totius	3762	13.644	11	8	-0.551
1158	Francorum	1894	6.869	5	4	-0.564
1159	tam	10045	36.432	32	26	-0.565
1160	quas	6197	22.476	19	19	-0.57
1161	parte	5608	20.339	17	15	-0.583
1162	illo	8616	31.249	27	24	-0.608
1163	Ordo	1921	6.967	5	4	-0.619
1164	poterit	2245	8.142	6	6	-0.623
1165	celi	3203	11.617	9	8	-0.642
1166	litteris	2264	8.211	6	5	-0.66
1167	uidere	2288	8.298	6	6	-0.707
1168	)	30262	109.756	101	71	-0.721
1169	ira	1975	7.163	5	2	-0.734
1170	opus	5429	19.69	16	16	-0.742
1171	Talibus	1984	7.196	5	5	-0.753
1172	nequaquam	3283	11.907	9	9	-0.778
1173	fuerat	4559	16.535	13	13	-0.819
1174	ut	166832	605.075	583	170	-0.825
1175	igitur	11511	41.749	36	27	-0.834
1176	debeat	2020	7.326	5	4	-0.835
1177	intelligi	3002	10.888	8	6	-0.847
1178	hodie	2361	8.563	6	5	-0.861
1179	quedam	3982	14.442	11	10	-0.898
1180	Marie	2048	7.428	5	5	-0.901
1181	faciunt	2717	9.854	7	7	-0.924
1182	fratribus	3064	11.113	8	8	-0.97
1183	ipsum	11054	40.091	34	26	-0.98
1184	diu	2085	7.562	5	5	-0.99
1185	habeat	3077	11.16	8	7	-0.997
1186	uelut	3406	12.353	9	9	-1.009
1187	ipse	28742	104.243	94	56	-1.046
1188	diuina	6586	23.886	19	16	-1.08
1189	illius	10243	37.15	31	19	-1.084
1190	exemplum	2462	8.929	6	4	-1.091
1191	dicta	3129	11.348	8	8	-1.106
1192	alibi	2804	10.17	7	7	-1.114
1193	meo	3784	13.724	10	7	-1.121
1194	At	3787	13.735	10	7	-1.127
1195	ordine	3156	11.446	8	8	-1.165
1196	intelligere	2159	7.83	5	5	-1.179
1197	modum	2159	7.83	5	5	-1.179
1198	fuisse	5097	18.486	14	11	-1.194
1199	sepe	3840	13.927	10	6	-1.233
1200	isti	2860	10.373	7	6	-1.244
1201	uidelicet	10383	37.658	31	22	-1.258
1202	fecit	8877	32.196	26	22	-1.282
1203	eadem	7673	27.829	22	19	-1.321
1204	nemo	5801	21.039	16	12	-1.322
1205	illorum	4561	16.542	12	8	-1.385
1206	;	116352	421.992	398	151	-1.403
1207	etenim	2603	9.441	6	6	-1.447
1208	peccato	3649	13.234	9	8	-1.533
1209	longe	3330	12.077	8	7	-1.57
1210	lex	3682	13.354	9	8	-1.611
1211	quisque	2318	8.407	5	5	-1.623
1212	posset	2669	9.68	6	6	-1.626
1213	quicunque	2670	9.684	6	6	-1.628
1214	Is	2320	8.414	5	5	-1.629
1215	rege	2672	9.691	6	5	-1.634
1216	gentium	3716	13.477	9	8	-1.692
1217	rei	2694	9.771	6	6	-1.695
1218	partes	2365	8.578	5	4	-1.764
1219	aliquo	2384	8.646	5	4	-1.822
1220	ceteris	4447	16.129	11	10	-1.844
1221	propterea	3112	11.287	7	7	-1.892
1222	Abraham	2764	10.025	6	5	-1.896
1223	Nam	23565	85.467	73	45	-1.923
1224	noster	5472	19.846	14	11	-1.928
1225	aliquis	2776	10.068	6	5	-1.931
1226	iam	20595	74.695	63	47	-1.943
1227	manu	4837	17.543	12	10	-1.979
1228	Fidei	9336	33.86	26	19	-1.992
1229	Epistola	4513	16.368	11	8	-1.999
1230	iterum	6856	24.866	18	16	-2.107
1231	cuncta	3543	12.85	8	8	-2.124
1232	Postquam	3897	14.134	9	9	-2.151
1233	episcopum	3592	13.028	8	8	-2.261
1234	Nature	3245	11.769	7	4	-2.272
1235	ipsos	2899	10.514	6	6	-2.304
1236	martyris	2540	9.212	5	5	-2.321
1237	fit	3967	14.388	9	9	-2.338
1238	tempora	2546	9.234	5	3	-2.341
1239	quidquid	4654	16.879	11	10	-2.346
1240	quis	16434	59.604	48	35	-2.432
1241	uidit	2598	9.423	5	4	-2.516
1242	nunquam	4722	17.126	11	10	-2.521
1243	potuit	3329	12.074	7	7	-2.524
1244	extra	2607	9.455	5	4	-2.547
1245	precepta	2611	9.47	5	5	-2.561
1246	factus	4823	17.492	11	10	-2.789
1247	multo	2677	9.709	5	5	-2.791
1248	gentes	4142	15.022	9	3	-2.832
1249	potestatem	3063	11.109	6	6	-2.835
1250	inde	7880	28.58	20	18	-2.891
1251	celum	3831	13.895	8	7	-2.966
1252	coram	4889	17.732	11	10	-2.969
1253	sit	27786	100.776	84	63	-2.976
1254	toto	3112	11.287	6	6	-3
1255	ore	4202	15.24	9	8	-3.009
1256	pariter	3118	11.309	6	6	-3.021
1257	c	3493	12.669	7	7	-3.042
1258	circa	3505	12.712	7	7	-3.081
1259	His	21236	77.02	62	46	-3.154
1260	Uirtus	3165	11.479	6	5	-3.183
1261	loco	10297	37.346	27	20	-3.187
1262	Iudei	2788	10.112	5	5	-3.191
1263	solum	10659	38.659	28	26	-3.266
1264	frater	3190	11.57	6	5	-3.27
1265	statim	2835	10.282	5	5	-3.365
1266	utique	5038	18.272	11	10	-3.391
1267	alia	7470	27.093	18	17	-3.477
1268	Apostoli	4794	17.387	10	9	-3.723
1269	nomine	11537	41.843	30	26	-3.736
1270	illum	8925	32.37	22	19	-3.761
1271	illos	5169	18.747	11	10	-3.778
1272	illud	13210	47.911	35	27	-3.857
1273	ualde	2980	10.808	5	5	-3.919
1274	sacerdos	2980	10.808	5	5	-3.919
1275	es	6288	22.806	14	12	-3.962
1276	dicunt	3419	12.4	6	6	-4.102
1277	Hec	30798	111.7	91	68	-4.117
1278	unusquisque	3064	11.113	5	5	-4.252
1279	melius	3086	11.193	5	4	-4.34
1280	huiusmodi	3496	12.68	6	6	-4.394
1281	sermo	3100	11.243	5	5	-4.396
1282	tuis	3526	12.788	6	6	-4.509
1283	Petrus	3145	11.406	5	5	-4.579
1284	facit	5068	18.381	10	8	-4.602
1285	bene	8253	29.932	19	15	-4.61
1286	ratione	3174	11.512	5	5	-4.698
1287	celestis	3200	11.606	5	5	-4.805
1288	auctoritate	3997	14.497	7	7	-4.816
1289	Iudeorum	3613	13.104	6	6	-4.849
1290	locum	6277	22.766	13	9	-4.98
1291	tanta	3249	11.784	5	4	-5.009
1292	alii	5192	18.831	10	9	-5.019
1293	Magna	4439	16.1	8	7	-5.025
1294	licet	7008	25.417	15	15	-5.03
1295	sententia	3288	11.925	5	4	-5.173
1296	sui	12941	46.935	32	26	-5.377
1297	ipsis	4543	16.477	8	8	-5.41
1298	possit	5310	19.259	10	10	-5.427
1299	Iustitia	3349	12.146	5	5	-5.433
1300	episcopis	3373	12.233	5	5	-5.536
1301	significat	4964	18.004	9	7	-5.545
1302	tota	3787	13.735	6	6	-5.548
1303	nostro	5724	20.76	11	8	-5.565
1304	opere	3797	13.771	6	3	-5.589
1305	habere	8274	30.009	18	16	-5.637
1306	minus	3836	13.913	6	6	-5.75
1307	cui	11424	41.433	27	25	-5.762
1308	qualiter	3848	13.956	6	6	-5.8
1309	seculi	5061	18.356	9	9	-5.901
1310	uir	5824	21.123	11	11	-5.911
1311	fieri	7663	27.793	16	15	-5.935
1312	dicat	4292	15.566	7	7	-5.962
1313	Sapientia	3918	14.21	6	6	-6.092
1314	omnem	5876	21.311	11	9	-6.093
1315	deinde	5116	18.555	9	9	-6.106
1316	tui	5140	18.642	9	9	-6.196
1317	omnium	11251	40.806	26	24	-6.196
1318	dixit	12295	44.592	29	17	-6.252
1319	nostrum	6305	22.867	12	11	-6.28
1320	!	3970	14.399	6	6	-6.312
1321	peccati	3577	12.973	5	5	-6.431
1322	Patris	8628	31.293	18	14	-6.7
1323	fuit	11793	42.772	27	22	-6.726
1324	Ecce	7576	27.477	15	12	-6.818
1325	Pater	11157	40.465	25	17	-6.877
1326	quantum	6499	23.571	12	11	-6.962
1327	fuerint	3718	13.485	5	5	-7.068
1328	ille	15694	56.92	38	32	-7.159
1329	super	23580	85.521	62	42	-7.191
1330	Filio	5805	21.054	10	8	-7.241
1331	Gratia	10609	38.477	23	13	-7.31
1332	dictum	6978	25.308	13	11	-7.32
1333	annis	3802	13.789	5	5	-7.455
1334	sensus	3828	13.884	5	4	-7.576
1335	Regem	4696	17.032	7	7	-7.638
1336	habet	9718	35.246	20	18	-7.854
1337	nostris	5969	21.649	10	9	-7.875
1338	anno	9054	32.838	18	16	-8.059
1339	scilicet	11574	41.977	25	21	-8.071
1340	Cunctis	3943	14.301	5	4	-8.116
1341	quidem	13370	48.491	30	27	-8.201
1342	annos	4404	15.973	6	6	-8.22
1343	dicere	4835	17.536	7	5	-8.239
1344	nulla	5661	20.532	9	9	-8.243
1345	regis	6472	23.473	11	8	-8.297
1346	erit	9146	33.171	18	17	-8.364
1347	ista	5699	20.669	9	9	-8.399
1348	recte	5301	19.226	8	6	-8.448
1349	morte	4064	14.74	5	5	-8.693
1350	debet	4982	18.069	7	6	-8.888
1351	Iudicium	5420	19.658	8	8	-8.958
1352	factum	5854	21.232	9	9	-9.042
1353	quatenus	4173	15.135	5	5	-9.22
1354	tanquam	5523	20.031	8	7	-9.405
1355	?	41969	152.215	116	60	-9.444
1356	eorum	25018	90.737	63	45	-9.546
1357	ipsi	9879	35.83	19	18	-9.587
1358	Israel	8396	30.451	15	13	-9.692
1359	nostram	4284	15.537	5	5	-9.764
1360	mox	4291	15.563	5	5	-9.799
1361	absque	4330	15.704	5	5	-9.992
1362	omnis	10007	36.294	19	19	-10.028
1363	tue	5257	19.066	7	7	-10.134
1364	quando	13356	48.44	28	22	-10.222
1365	possunt	4386	15.907	5	5	-10.27
1366	adhuc	7383	26.777	12	12	-10.323
1367	omnino	4403	15.969	5	5	-10.355
1368	suum	13040	47.294	27	20	-10.356
1369	rebus	4893	17.746	6	6	-10.51
1370	nostri	10602	38.452	20	17	-10.794
1371	sic	22224	80.603	53	45	-10.811
1372	ob	5009	18.167	6	6	-11.071
1373	sanctum	6326	22.944	9	7	-11.076
1374	potius	4608	16.713	5	5	-11.39
1375	uestre	4617	16.745	5	5	-11.435
1376	uiri	4657	16.89	5	5	-11.64
1377	populo	5161	18.718	6	6	-11.817
1378	nostre	6929	25.131	10	7	-11.867
1379	Euangelio	4753	17.238	5	5	-12.133
1380	illis	11108	40.287	20	19	-12.605
1381	magis	8781	31.847	14	14	-12.722
1382	sancte	11187	40.574	20	18	-12.895
1383	Christi	23773	86.221	55	35	-13.043
1384	potest	13503	48.973	26	25	-13.068
1385	omni	11640	42.217	21	20	-13.15
1386	episcopo	4956	17.975	5	5	-13.19
1387	nunc	13926	50.508	27	22	-13.243
1388	opera	6363	23.078	8	6	-13.244
1389	causa	7700	27.927	11	9	-13.398
1390	filii	10957	39.739	19	15	-13.484
1391	Spiritum	6423	23.295	8	6	-13.529
1392	facta	6440	23.357	8	8	-13.611
1393	ibi	10625	38.535	18	17	-13.713
1394	dedit	5078	18.417	5	5	-13.834
1395	sint	7864	28.522	11	10	-14.126
1396	manus	5645	20.474	6	6	-14.259
1397	mei	5165	18.733	5	4	-14.296
1398	forte	6594	23.916	8	7	-14.352
1399	ipso	9616	34.876	15	14	-14.486
1400	legem	5254	19.056	5	4	-14.772
1401	uitam	8938	32.417	13	13	-15.124
1402	Quoniam	16008	58.059	31	24	-15.27
1403	gratiam	6394	23.19	7	6	-15.655
1404	hominis	6445	23.375	7	7	-15.915
1405	fuerit	11192	40.592	18	15	-15.961
1406	erant	7471	27.096	9	8	-16.402
1407	sumus	6102	22.131	6	6	-16.646
1408	fratres	5632	20.426	5	5	-16.824
1409	quod	133459	484.036	397	142	-16.843
1410	mihi	14184	51.443	25	18	-16.865
1411	Hanc	9345	33.893	13	13	-16.924
1412	eo	25904	93.95	57	46	-17.004
1413	tempore	12833	46.543	21	21	-17.72
1414	esset	9536	34.586	13	11	-17.786
1415	illa	12472	45.234	20	19	-17.883
1416	hominem	6415	23.266	6	6	-18.32
1417	tamen	22532	81.72	46	35	-18.646
1418	una	8906	32.301	11	9	-18.96
1419	eius	58490	212.135	152	96	-19.045
1420	aliud	8095	29.359	9	8	-19.493
1421	facere	6211	22.526	5	3	-20.054
1422	omnibus	22258	80.727	44	33	-20.127
1423	ante	15065	54.639	25	19	-20.254
1424	Post	25587	92.8	53	40	-20.307
1425	usque	24146	87.574	49	39	-20.325
1426	prius	6813	24.71	6	4	-20.49
1427	ab	47676	172.914	117	84	-20.531
1428	uerum	8319	30.172	9	8	-20.629
1429	illi	14775	53.587	24	21	-20.689
1430	ergo	29670	107.609	64	45	-20.796
1431	enim	66589	241.508	174	97	-21.056
1432	sue	13329	48.342	20	17	-21.453
1433	terram	8011	29.055	8	7	-21.535
1434	atque	32045	116.223	70	47	-21.559
1435	Uenit	6490	23.538	5	5	-21.642
1436	uero	35931	130.316	81	64	-21.7
1437	anima	6506	23.596	5	5	-21.734
1438	tuum	6539	23.716	5	5	-21.923
1439	corporis	6617	23.999	5	5	-22.372
1440	esse	42728	154.968	100	77	-22.438
1441	propter	17688	64.152	30	23	-22.782
1442	Tempus	6697	24.289	5	5	-22.833
1443	hominum	6709	24.333	5	5	-22.902
1444	Christum	10187	36.947	12	11	-22.973
1445	ea	16639	60.347	27	25	-23.346
1446	spiritus	16254	58.951	26	12	-23.416
1447	modo	10867	39.413	13	12	-24.062
1448	inquit	11832	42.913	15	14	-24.369
1449	quasi	19683	71.387	34	26	-24.425
1450	ei	16962	61.519	27	24	-24.655
1451	aliquid	7044	25.548	5	5	-24.85
1452	Tibi	13832	50.167	19	16	-25.522
1453	ac	31966	115.936	66	53	-25.617
1454	omnia	23642	85.746	43	35	-26.238
1455	mundi	7879	28.576	6	5	-26.494
1456	si	77083	279.569	196	98	-28.111
1457	Domini	26925	97.653	50	39	-28.482
1458	quid	25030	90.78	45	35	-28.513
1459	Tu	9923	35.989	9	9	-29.114
1460	Erat	17808	64.587	26	21	-29.962
1461	eam	10692	38.778	10	9	-30.54
1462	Dominum	11718	42.499	12	10	-30.741
1463	Ecclesie	21098	76.519	33	26	-31.646
1464	nostra	9321	33.806	7	6	-31.653
1465	tua	9484	34.397	7	7	-32.595
1466	fidem	9048	32.816	6	6	-33.331
1467	rex	9240	33.512	6	6	-34.475
1468	Dies	9338	33.868	6	6	-35.061
1469	ecclesiam	8817	31.978	5	5	-35.493
1470	terra	10001	36.272	7	5	-35.61
1471	est	273513	991.991	810	252	-36.216
1472	nihil	11730	42.543	10	10	-36.232
1473	ecclesia	14781	53.609	16	12	-36.64
1474	tunc	14329	51.969	15	14	-36.775
1475	ideo	14608	52.981	15	15	-38.224
1476	domino	17924	65.008	22	18	-38.472
1477	Christus	12693	46.036	11	9	-38.691
1478	dum	18066	65.523	22	19	-39.157
1479	uel	61906	224.524	137	76	-39.92
1480	apostolus	10154	36.827	6	6	-39.987
1481	ipsa	12425	45.064	10	9	-40.133
1482	-que	76595	277.799	179	109	-40.513
1483	aut	34719	125.921	61	36	-41.597
1484	quam	46206	167.582	91	70	-42.24
1485	qua	20532	74.467	26	22	-42.362
1486	Dei	58503	212.182	122	63	-45.578
1487	autem	64914	235.434	140	78	-45.591
1488	suam	12923	46.87	9	9	-46.168
1489	sibi	21952	79.617	27	24	-47.002
1490	me	30698	111.337	47	37	-47.799
1491	uobis	16104	58.407	14	14	-48.969
1492	nec	41042	148.853	72	54	-49.344
1493	nisi	22042	79.943	26	24	-49.651
1494	nobis	28243	102.433	40	31	-49.831
1495	die	13670	49.579	9	9	-50.587
1496	Christo	11863	43.025	5	5	-54.669
1497	eis	17666	64.072	15	14	-54.755
1498	filius	12707	46.086	6	6	-55.856
1499	ne	26706	96.859	33	28	-56.861
1500	ego	14898	54.033	9	9	-57.967
1501	te	23799	86.315	26	24	-58.438
1502	semper	14445	52.39	8	8	-58.875
1503	a	90890	329.645	199	128	-60.835
1504	Dominus	28645	103.891	35	24	-61.853
1505	que	105304	381.922	235	137	-66.097
1506	eos	21293	77.227	18	16	-66.237
1507	sua	17389	63.067	10	10	-69.503
1508	Deum	18759	68.036	11	11	-74.203
1509	sine	17552	63.659	9	8	-74.315
1510	pro	43478	157.688	62	45	-75.96
1511	uos	17265	62.618	8	7	-76.527
1512	cum	118100	428.331	261	149	-76.695
1513	eum	31346	113.687	34	29	-77.582
1514	nos	28959	105.03	29	23	-77.695
1515	Deus	32414	117.561	35	27	-80.612
1516	ad	177121	642.392	422	181	-87.078
1517	id	56272	204.09	86	50	-87.973
1518	Deo	28999	105.175	22	17	-97.841
1519	quia	98686	357.92	188	89	-98.431
1520	et	725334	2630.679	2118	402	-111.166
1521	se	52290	189.648	64	47	-112.768
1522	Sed	101571	368.383	184	119	-114.103
1523	per	98723	358.054	163	106	-134.471
1524	,	2210261	8016.289	6686	591	-261.59
1525	non	212441	770.492	301	157	-377.203
