No.	Word	Total no. in this subcorpus	Expected collocate frequency	Observed collocate frequency	In no. of texts	MI3 value

1	in	463796	1682.119	5543	485	26.593
2	,	2210261	8016.289	6686	591	25.152
3	.	894868	3245.554	4209	449	24.454
4	de	136672	495.689	2086	342	24.126
5	Augustinus	1868	6.775	446	72	23.642
6	Regum	2335	8.469	444	105	23.301
7	et	725334	2630.679	2118	402	21.784
8	Moralium	151	0.548	122	32	21.661
9	:	232010	841.466	1404	243	21.649
10	Paralipomenon	275	0.997	139	46	21.361
11	Numerorum	400	1.451	126	42	20.395
12	eodem	7506	27.223	327	93	20.293
13	Item	9688	35.137	341	57	20.106
14	Secundus	894	3.242	142	101	19.752
15	Iudicum	362	1.313	105	48	19.75
16	Augustini	834	3.025	136	49	19.666
17	legitur	3327	12.067	209	102	19.529
18	Dialogorum	62	0.225	54	33	19.418
19	Primo	4829	17.514	228	89	19.368
20	Ex	62436	226.446	531	178	19.335
21	Machabeorum	128	0.464	67	40	19.305
22	quinque	3634	13.18	201	76	19.233
23	secundo	2140	7.762	168	70	19.221
24	est	273513	991.991	810	252	19.031
25	scriptum	8276	30.016	242	85	18.849
26	Exodi	97	0.352	53	32	18.691
27	Trinitate	828	3.003	106	32	18.597
28	Euangeliorum	258	0.936	71	38	18.545
29	Incipit	1805	6.547	133	66	18.455
30	Geneseos	94	0.341	49	38	18.397
31	Primus	2727	9.89	150	110	18.38
32	qui	164490	596.581	587	210	18.371
33	beatus	5441	19.734	188	68	18.361
34	Tertius	851	3.087	101	72	18.349
35	ut	166832	605.075	583	170	18.321
36	Genesis	119	0.432	52	37	18.314
37	idem	9197	33.356	218	50	18.245
38	quatuor	5393	19.56	176	69	18.088
39	Regnorum	283	1.026	64	35	17.962
40	Iob	2983	10.819	140	76	17.952
41	Scripsit	1471	5.335	110	62	17.929
42	Esdre	68	0.247	39	20	17.876
43	quem	20657	74.92	262	139	17.873
44	Gregorius	2028	7.355	118	44	17.769
45	quarto	1121	4.066	96	47	17.731
46	legis	5802	21.043	165	75	17.704
47	tertio	2234	8.102	119	52	17.666
48	sanctus	8553	31.021	181	40	17.544
49	Caput	12364	44.842	203	65	17.509
50	Retractationum	31	0.112	27	13	17.418
51	Sapientie	2871	10.413	122	74	17.412
52	Quartus	480	1.741	67	49	17.398
53	Sententiarum	219	0.794	51	22	17.35
54	Perseuerantie	141	0.511	43	8	17.246
55	;	116352	421.992	398	151	17.189
56	sicut	40799	147.972	278	117	17.148
57	Questionum	131	0.475	41	16	17.146
58	Hypomnesticon	34	0.123	26	2	17.121
59	generationis	273	0.99	52	27	17.116
60	Enchiridion	64	0.232	32	18	17.107
61	decimo	893	3.239	77	28	17.105
62	I	4371	15.853	130	53	17.08
63	capitulo	935	3.391	76	24	16.982
64	quod	133459	484.036	397	142	16.98
65	Ciuitate	3102	11.251	112	43	16.93
66	Leuitici	54	0.196	29	18	16.926
67	Antiquitatum	39	0.141	26	19	16.923
68	Ambrosius	556	2.017	63	24	16.92
69	Predestinatione	739	2.68	68	16	16.84
70	ad	177121	642.392	422	181	16.836
71	Deuteronomii	125	0.453	37	21	16.77
72	Correptione	163	0.591	40	8	16.724
73	prologus	166	0.602	40	22	16.698
74	Moysi	1466	5.317	82	38	16.662
75	capitulorum	245	0.889	45	16	16.646
76	Explicit	203	0.736	42	25	16.619
77	Historie	779	2.825	65	42	16.569
78	uite	11118	40.323	156	98	16.523
79	beati	6144	22.283	128	69	16.522
80	psalmorum	389	1.411	51	29	16.521
81	quinto	760	2.756	63	27	16.469
82	huius	11730	42.543	156	86	16.445
83	diuinis	2152	7.805	88	57	16.414
84	sancti	19414	70.412	183	83	16.409
85	septimo	796	2.887	63	33	16.402
86	legimus	2198	7.972	88	51	16.383
87	diuinorum	620	2.249	57	39	16.33
88	prefatio	349	1.266	47	27	16.324
89	Capitula	1125	4.08	69	22	16.297
90	Decimus	281	1.019	43	12	16.251
91	Naue	245	0.889	41	25	16.243
92	capite	2278	8.262	86	40	16.232
93	scripta	2049	7.431	82	53	16.179
94	Prosper	211	0.765	38	10	16.13
95	Euangelii	2367	8.585	85	44	16.126
96	Isidorus	214	0.776	38	21	16.109
97	sunt	72096	261.482	259	116	16.02
98	Hoc	68485	248.385	253	118	15.993
99	Confessionum	40	0.145	21	14	15.962
100	contra	16153	58.585	155	55	15.956
101	Iesu	6492	23.546	113	54	15.903
102	Numeri	709	2.571	54	19	15.902
103	historiarum	71	0.258	25	16	15.889
104	Etymologiarum	19	0.069	16	13	15.859
105	uigesimo	183	0.664	34	8	15.854
106	seruus	2666	9.669	83	56	15.852
107	Ansegisi	59	0.214	23	3	15.795
108	prophetarum	1727	6.264	70	42	15.741
109	unus	6417	23.274	108	16	15.724
110	eiusdem	6579	23.861	108	62	15.688
111	sexto	654	2.372	50	27	15.685
112	Hieronymus	979	3.551	57	36	15.671
113	apocryphus	18	0.065	15	1	15.658
114	Actuum	369	1.338	41	21	15.652
115	Tobie	76	0.276	24	16	15.614
116	unum	11256	40.824	125	38	15.546
117	ita	28529	103.471	170	87	15.535
118	inter	18369	66.622	145	70	15.482
119	dele	95	0.345	25	20	15.469
120	(	30251	109.716	167	72	15.373
121	cum	118100	428.331	261	149	15.341
122	Quintus	315	1.143	36	24	15.318
123	prefato	623	2.26	45	18	15.3
124	aperire	415	1.505	39	20	15.266
125	bono	2382	8.639	69	18	15.215
126	commentariorum	25	0.091	15	10	15.184
127	quos	13860	50.268	123	82	15.176
128	duos	2676	9.706	71	45	15.17
129	Danielis	148	0.537	27	21	15.162
130	dicit	25130	91.143	149	51	15.147
131	Esther	150	0.544	27	19	15.143
132	non	212441	770.492	301	157	15.111
133	que	105304	381.922	235	137	15.052
134	Lectio	693	2.513	44	17	15.049
135	Fulgentius	87	0.316	22	14	15.042
136	epistolarum	192	0.696	28	17	14.944
137	Testamenti	1995	7.236	61	36	14.937
138	dicitur	19450	70.542	129	64	14.893
139	quoque	16521	59.919	122	70	14.887
140	edidit	364	1.32	34	28	14.862
141	Unde	25621	92.924	139	69	14.819
142	tertii	190	0.689	27	17	14.802
143	quo	34150	123.857	152	95	14.791
144	Historia	1037	3.761	47	33	14.753
145	si	77083	279.569	196	98	14.717
146	composuit	406	1.473	34	23	14.704
147	Isaie	347	1.259	32	22	14.668
148	Gregorii	967	3.507	45	33	14.665
149	Ruth	133	0.482	23	17	14.622
150	Samuelis	171	0.62	25	17	14.621
151	scribit	1222	4.432	48	28	14.607
152	Ueteris	1396	5.063	50	31	14.592
153	secundi	402	1.458	33	29	14.589
154	librum	1166	4.229	47	7	14.583
155	hunc	6501	23.578	83	65	14.566
156	a	90890	329.645	199	128	14.545
157	Capitularium	57	0.207	17	5	14.537
158	Deleantur	68	0.247	18	14	14.529
159	legat	291	1.055	29	22	14.496
160	etiam	39496	143.246	148	95	14.466
161	appellatur	1475	5.35	49	16	14.425
162	Mosaice	62	0.225	17	10	14.415
163	enim	66589	241.508	174	97	14.413
164	Sextus	258	0.936	27	21	14.361
165	memorato	322	1.168	29	10	14.35
166	inscribitur	123	0.446	21	17	14.342
167	-que	76595	277.799	179	109	14.334
168	religione	744	2.698	38	21	14.312
169	liber	2348	8.516	55	27	14.254
170	Sirach	59	0.214	16	13	14.224
171	Iu	3446	12.498	62	36	14.219
172	Incipiunt	434	1.574	31	13	14.208
173	mortuos	868	3.148	39	24	14.202
174	sanctorum	10098	36.624	88	43	14.184
175	quia	98686	357.92	188	89	14.18
176	Sed	101571	368.383	184	119	14.046
177	Sacramentorum	361	1.309	28	20	14.033
178	diuinos	132	0.479	20	11	14.028
179	eius	58490	212.135	152	96	14.015
180	Iii	4170	15.124	63	36	14.013
181	finem	4190	15.197	63	36	14.006
182	Ii	4832	17.525	66	39	14.002
183	scribentur	37	0.134	13	11	13.999
184	uiuentium	611	2.216	33	26	13.985
185	scripti	117	0.424	19	17	13.98
186	narrat	873	3.166	37	20	13.966
187	operis	2291	8.309	51	33	13.963
188	Septimus	340	1.233	27	19	13.962
189	apostolorum	5022	18.214	66	32	13.946
190	Monimum	18	0.065	10	5	13.903
191	moralibus	74	0.268	16	9	13.898
192	Salomonis	718	2.604	34	22	13.882
193	homo	11409	41.379	85	30	13.857
194	Prouerbiorum	33	0.12	12	10	13.818
195	Boetius	54	0.196	14	8	13.774
196	Homiliarum	20	0.073	10	7	13.751
197	adulterinis	21	0.076	10	5	13.681
198	quibus	25792	93.544	107	68	13.677
199	fine	3037	11.015	52	37	13.64
200	Ecclesiasticus	269	0.976	23	17	13.606
201	plenius	809	2.934	33	20	13.58
202	legere	496	1.799	28	25	13.575
203	per	98723	358.054	163	106	13.562
204	Fide	7524	27.288	69	31	13.555
205	cuius	15182	55.063	87	65	13.546
206	Christiana	515	1.868	28	23	13.521
207	autem	64914	235.434	140	78	13.509
208	hic	18456	66.937	92	62	13.506
209	continetur	1029	3.732	35	31	13.488
210	uel	61906	224.524	137	76	13.483
211	Athanasius	168	0.609	19	5	13.459
212	uolumina	261	0.947	22	19	13.457
213	aperti	144	0.522	18	11	13.447
214	uerba	6519	23.643	64	45	13.437
215	tres	4679	16.97	57	39	13.414
216	Chronicorum	34	0.123	11	9	13.398
217	prophetie	571	2.071	28	16	13.372
218	Iudith	279	1.012	22	17	13.361
219	epigrammatum	9	0.033	7	2	13.359
220	Silonitis	9	0.033	7	5	13.359
221	sedentis	72	0.261	14	8	13.359
222	ecclesiastici	369	1.338	24	19	13.334
223	?	41969	152.215	116	60	13.324
224	appendices	27	0.098	10	1	13.318
225	Iouinianum	20	0.073	9	7	13.295
226	uolumine	340	1.233	23	11	13.268
227	meminit	495	1.795	26	19	13.257
228	trigesimo	116	0.421	16	5	13.249
229	octauo	691	2.506	29	21	13.248
230	Leuiticus	38	0.138	11	11	13.237
231	Ahie	10	0.036	7	5	13.207
232	)	30262	109.756	101	71	13.196
233	Iosue	459	1.665	25	14	13.196
234	nono	361	1.309	23	13	13.182
235	ab	47676	172.914	117	84	13.177
236	scripsisti	84	0.305	14	11	13.137
237	narratur	330	1.197	22	11	13.119
238	signacula	70	0.254	13	12	13.079
239	ecclesiastico	562	2.038	26	11	13.074
240	iste	6251	22.672	58	39	13.071
241	Dei	58503	212.182	122	63	13.063
242	sigillis	43	0.156	11	8	13.059
243	sermonum	300	1.088	21	5	13.055
244	Enchiridii	7	0.025	6	1	13.055
245	ueteribus	192	0.696	18	15	13.032
246	Quarti	135	0.49	16	12	13.03
247	ipse	28742	104.243	94	56	12.96
248	Peri	12	0.044	7	4	12.944
249	Apocalypsis	96	0.348	14	12	12.944
250	Genesim	35	0.127	10	9	12.944
251	signatum	144	0.522	16	11	12.937
252	Hermes	47	0.171	11	9	12.931
253	ubi	18833	68.305	81	62	12.926
254	leguntur	624	2.263	26	25	12.923
255	inuolutus	63	0.229	12	6	12.885
256	sacrorum	444	1.61	23	18	12.883
257	Iosephi	64	0.232	12	6	12.862
258	Hebraicarum	19	0.069	8	5	12.859
259	prophete	2564	9.299	41	30	12.856
260	auctorum	103	0.374	14	13	12.843
261	Iulianum	127	0.461	15	4	12.839
262	ecclesiastice	674	2.445	26	17	12.812
263	Boetii	28	0.102	9	6	12.809
264	omnes	23853	86.511	85	62	12.793
265	Paralipomenorum	5	0.018	5	3	12.751
266	plicabitur	5	0.018	5	5	12.751
267	Moysis	88	0.319	13	8	12.749
268	miraculorum	558	2.024	24	15	12.738
269	Hec	30798	111.7	91	68	12.72
270	Computo	41	0.149	10	4	12.715
271	doctor	1222	4.432	31	19	12.715
272	Ieremie	287	1.041	19	10	12.686
273	demonstrat	1149	4.167	30	23	12.662
274	esse	42728	154.968	100	77	12.656
275	Officiorum	145	0.526	15	10	12.648
276	primi	1411	5.118	32	23	12.645
277	nonus	122	0.443	14	9	12.598
278	gentilium	699	2.535	25	20	12.589
279	Octauus	223	0.809	17	12	12.569
280	historiam	817	2.963	26	14	12.534
281	prophetici	34	0.123	9	9	12.529
282	sit	27786	100.776	84	63	12.522
283	suis	18251	66.194	73	48	12.521
284	Baptismo	839	3.043	26	17	12.496
285	Uarronis	6	0.022	5	5	12.488
286	uolum	37	0.134	9	1	12.407
287	Actorum	37	0.134	9	3	12.407
288	Beda	1157	4.196	28	9	12.353
289	uno	4827	17.507	45	22	12.346
290	Ezechielis	146	0.53	14	12	12.339
291	quorum	7967	28.895	53	39	12.331
292	Isidori	181	0.657	15	12	12.328
293	continet	838	3.039	25	19	12.328
294	istius	1309	4.748	29	20	12.327
295	Hinc	7123	25.834	51	29	12.326
296	siue	16962	61.519	68	43	12.319
297	Faustum	54	0.196	10	7	12.318
298	Cyprianus	184	0.667	15	10	12.304
299	expositionis	74	0.268	11	9	12.276
300	Ait	17493	63.445	68	40	12.275
301	locorum	678	2.459	23	15	12.273
302	secundum	20850	75.62	72	54	12.269
303	U	3578	12.977	40	23	12.268
304	gestorum	275	0.997	17	13	12.266
305	authenticis	57	0.207	10	9	12.24
306	soluere	611	2.216	22	16	12.23
307	scriptus	158	0.573	14	12	12.225
308	institutionum	42	0.152	9	6	12.225
309	commemorat	536	1.944	21	16	12.218
310	scribitur	711	2.579	23	15	12.204
311	Uicesimus	78	0.283	11	2	12.2
312	Paschasii	43	0.156	9	2	12.191
313	continentur	631	2.289	22	17	12.184
314	septem	4445	16.121	42	24	12.166
315	illustribus	80	0.29	11	11	12.163
316	scriptoribus	104	0.377	12	9	12.162
317	testatur	1634	5.926	30	25	12.154
318	Nam	23565	85.467	73	45	12.152
319	quam	46206	167.582	91	70	12.135
320	uiginti	2038	7.392	32	18	12.114
321	refert	758	2.749	23	20	12.112
322	scriptas	84	0.305	11	10	12.093
323	solidentur	8	0.029	5	3	12.073
324	conscripsit	176	0.638	14	12	12.07
325	dierum	1410	5.114	28	14	12.068
326	commenti	14	0.051	6	4	12.055
327	exordio	449	1.629	19	14	12.04
328	Ierarchia	144	0.522	13	5	12.038
329	Prosperi	145	0.526	13	7	12.028
330	plures	1802	6.536	30	15	12.012
331	uero	35931	130.316	81	64	11.994
332	Ui	3736	13.55	38	21	11.984
333	Hilarii	152	0.551	13	9	11.96
334	tractatus	152	0.551	13	13	11.96
335	additiones	15	0.054	6	2	11.955
336	Patrum	3751	13.604	37	27	11.862
337	Amalarius	38	0.138	8	2	11.859
338	expositione	433	1.57	18	16	11.859
339	Coniugiis	55	0.2	9	5	11.835
340	penitentialis	26	0.094	7	4	11.829
341	diuine	3890	14.109	37	28	11.81
342	Ezre	17	0.062	6	5	11.774
343	coniugali	106	0.384	11	2	11.757
344	Tobi	10	0.036	5	4	11.751
345	Noui	1776	6.441	28	23	11.735
346	primum	6073	22.026	42	31	11.716
347	priori	479	1.737	18	8	11.713
348	iam	20595	74.695	63	47	11.709
349	suarum	1151	4.175	24	15	11.693
350	Hester	18	0.065	6	3	11.692
351	ueterum	343	1.244	16	14	11.685
352	doctrina	2780	10.083	32	25	11.666
353	conscripserunt	44	0.16	8	3	11.648
354	habetur	1516	5.498	26	21	11.642
355	tuo	4801	17.413	38	29	11.622
356	nomina	1928	6.993	28	27	11.616
357	Hebraicorum	11	0.04	5	3	11.613
358	nominibus	704	2.553	20	11	11.613
359	id	56272	204.09	86	50	11.606
360	Sequentis	244	0.885	14	11	11.598
361	His	21236	77.02	62	46	11.595
362	synodis	155	0.562	12	7	11.586
363	Areopagita	46	0.167	8	2	11.584
364	Hilarius	203	0.736	13	6	11.543
365	atque	32045	116.223	70	47	11.527
366	canonici	257	0.932	14	8	11.524
367	Augustinum	257	0.932	14	9	11.524
368	Areopagite	48	0.174	8	3	11.522
369	pastorali	209	0.758	13	6	11.501
370	Turonensibus	12	0.044	5	1	11.488
371	editis	97	0.352	10	9	11.473
372	suo	14496	52.575	53	36	11.467
373	Sancta	6735	24.427	41	29	11.462
374	Pastoralis	169	0.613	12	8	11.461
375	super	23580	85.521	62	42	11.444
376	sermone	2172	7.878	28	21	11.444
377	Malachim	34	0.123	7	7	11.442
378	philosophorum	272	0.987	14	12	11.442
379	eorum	25018	90.737	63	45	11.428
380	scripsisse	221	0.802	13	12	11.42
381	titulatur	22	0.08	6	3	11.403
382	apertus	35	0.127	7	5	11.4
383	lasciuus	35	0.127	7	6	11.4
384	Neque	16128	58.494	54	38	11.394
385	quicumque	347	1.259	15	5	11.389
386	propheticis	137	0.497	11	8	11.387
387	Penitentia	1620	5.876	25	13	11.377
388	aduersus	3779	13.706	33	25	11.356
389	duo	5406	19.607	37	24	11.335
390	superiori	366	1.327	15	8	11.312
391	Nuptiis	369	1.338	15	4	11.3
392	Hymnorum	56	0.203	8	7	11.3
393	nec	41042	148.853	72	54	11.292
394	ac	31966	115.936	66	53	11.276
395	Uii	2452	8.893	28	15	11.269
396	Hebreorum	379	1.375	15	12	11.262
397	X	2211	8.019	27	16	11.261
398	ergo	29670	107.609	64	45	11.25
399	principio	1587	5.756	24	18	11.23
400	Monacensis	25	0.091	6	2	11.218
401	ipsius	9218	33.432	43	41	11.216
402	Bede	155	0.562	11	11	11.209
403	Scripture	1617	5.865	24	15	11.203
404	gratis	947	3.435	20	6	11.186
405	mentio	261	0.947	13	12	11.18
406	sequitur	6547	23.745	38	21	11.174
407	Fulgentii	42	0.152	7	6	11.137
408	canticorum	417	1.512	15	11	11.124
409	hos	2454	8.9	27	21	11.111
410	dicens	10689	38.767	44	31	11.102
411	apud	14014	50.827	48	32	11.087
412	Hieronymi	283	1.026	13	11	11.064
413	deleri	67	0.243	8	7	11.041
414	titulus	542	1.966	16	14	11.025
415	Reparatione	69	0.25	8	2	10.999
416	duodecimo	181	0.657	11	7	10.986
417	Ambrosii	235	0.852	12	9	10.985
418	inuenitur	1459	5.292	22	19	10.975
419	uicesimo	183	0.664	11	9	10.97
420	eisdem	1677	6.082	23	16	10.966
421	sub	14326	51.958	47	32	10.964
422	eo	25904	93.95	57	46	10.945
423	nomen	8419	30.535	39	31	10.924
424	confecit	73	0.265	8	4	10.917
425	Christi	23773	86.221	55	35	10.914
426	Philo	18	0.065	5	4	10.903
427	contemptoris	18	0.065	5	2	10.903
428	testimonia	988	3.583	19	13	10.902
429	disputationis	148	0.537	10	6	10.863
430	undecimo	197	0.715	11	6	10.863
431	capp	76	0.276	8	4	10.859
432	quis	16434	59.604	48	35	10.858
433	sic	22224	80.603	53	45	10.851
434	Malachie	19	0.069	5	3	10.825
435	aut	34719	125.921	61	36	10.816
436	superioribus	753	2.731	17	10	10.813
437	duodecim	2409	8.737	25	19	10.804
438	uera	3401	12.335	28	16	10.797
439	episcopus	9920	35.978	40	24	10.797
440	Dionysius	272	0.987	12	5	10.774
441	reperitur	433	1.57	14	14	10.771
442	Spiritu	7382	26.773	36	14	10.767
443	Benedicti	1470	5.332	21	6	10.762
444	eumdem	2795	10.137	26	15	10.76
445	manifestat	652	2.365	16	6	10.758
446	mentionem	439	1.592	14	11	10.751
447	descripta	160	0.58	10	10	10.751
448	Undecimus	55	0.2	7	7	10.748
449	priore	282	1.023	12	7	10.722
450	multa	5868	21.282	33	26	10.722
451	iuxta	12151	44.07	42	28	10.715
452	prefatione	166	0.602	10	10	10.698
453	sacre	1333	4.835	20	16	10.692
454	legebat	36	0.131	6	6	10.692
455	precedenti	169	0.613	10	7	10.672
456	Exodus	37	0.134	6	5	10.653
457	Canonum	1176	4.265	19	15	10.651
458	Post	25587	92.8	53	40	10.648
459	habentur	581	2.107	15	12	10.645
460	Hebreos	582	2.111	15	10	10.643
461	Differentiarum	22	0.08	5	5	10.613
462	Etherii	22	0.08	5	1	10.613
463	aduersum	1417	5.139	20	5	10.604
464	Legant	91	0.33	8	6	10.599
465	auctor	1238	4.49	19	17	10.577
466	quantitate	242	0.878	11	7	10.566
467	pro	43478	157.688	62	45	10.562
468	isto	1476	5.353	20	15	10.545
469	Excerpta	96	0.348	8	7	10.522
470	Scoti	41	0.149	6	3	10.504
471	pauca	1321	4.791	19	14	10.483
472	Uita	9843	35.699	37	32	10.471
473	prioribus	535	1.94	14	8	10.466
474	copiam	261	0.947	11	11	10.457
475	Iosephus	344	1.248	12	11	10.436
476	se	52290	189.648	64	47	10.433
477	libri	1369	4.965	19	8	10.432
478	Radberti	25	0.091	5	3	10.429
479	Apologeticum	25	0.091	5	5	10.429
480	reperiatur	104	0.377	8	8	10.407
481	tantum	10340	37.502	37	25	10.399
482	Uiii	2494	9.045	23	15	10.394
483	usque	24146	87.574	49	39	10.392
484	Dionysii	451	1.636	13	7	10.391
485	libro	4565	16.557	28	12	10.373
486	manuscriptis	26	0.094	5	3	10.372
487	signatus	107	0.388	8	8	10.366
488	istum	856	3.105	16	12	10.366
489	Cesariensis	73	0.265	7	7	10.339
490	Similiter	5768	20.92	30	25	10.334
491	uerborum	1250	4.534	18	9	10.329
492	Domini	26925	97.653	50	39	10.322
493	lapsis	111	0.403	8	6	10.313
494	Apocalypsin	47	0.171	6	5	10.307
495	S	7161	25.972	32	28	10.301
496	tertium	900	3.264	16	13	10.293
497	tribus	3877	14.061	26	22	10.288
498	partem	3447	12.502	25	20	10.288
499	uolumen	221	0.802	10	7	10.285
500	prolixitas	48	0.174	6	4	10.277
501	exordium	384	1.393	12	12	10.277
502	edidi	28	0.102	5	5	10.265
503	uerbis	5501	19.951	29	25	10.256
504	expositum	117	0.424	8	8	10.237
505	breuiter	1128	4.091	17	14	10.23
506	Rabani	79	0.287	7	5	10.225
507	accepit	2807	10.181	23	14	10.223
508	Duodecimus	50	0.181	6	6	10.218
509	sexti	50	0.181	6	6	10.218
510	tamen	22532	81.72	46	35	10.218
511	indicem	29	0.105	5	5	10.215
512	suos	6301	22.853	30	26	10.206
513	octo	1632	5.919	19	15	10.178
514	legite	30	0.109	5	4	10.166
515	libero	528	1.915	13	7	10.164
516	Cypriani	124	0.45	8	6	10.153
517	nominum	326	1.182	11	8	10.137
518	igitur	11511	41.749	36	27	10.126
519	recipiebant	31	0.112	5	4	10.119
520	reperi	181	0.657	9	8	10.117
521	ostendit	5482	19.882	28	23	10.109
522	satis	3060	11.098	23	18	10.098
523	Caroli	1468	5.324	18	9	10.097
524	copia	437	1.585	12	9	10.09
525	exponens	337	1.222	11	8	10.089
526	cetera	4000	14.507	25	19	10.073
527	inuenimus	703	2.55	14	11	10.072
528	lapsi	132	0.479	8	2	10.063
529	quippe	7694	27.905	31	21	10.06
530	Gestis	710	2.575	14	12	10.057
531	Bellorum	189	0.686	9	8	10.055
532	aliis	7744	28.086	31	26	10.051
533	omnibus	22258	80.727	44	33	10.043
534	Alcuinus	191	0.693	9	7	10.039
535	Maximinum	57	0.207	6	3	10.029
536	Hebraicis	33	0.12	5	4	10.028
537	diuini	1542	5.593	18	15	10.026
538	Pontificali	193	0.7	9	4	10.024
539	predestinationis	356	1.291	11	8	10.01
540	expositionem	198	0.718	9	7	9.987
541	dispositionum	34	0.123	5	2	9.985
542	Elipandum	34	0.123	5	4	9.985
543	legit	598	2.169	13	8	9.984
544	Esdra	59	0.214	6	2	9.979
545	Euangelistarum	200	0.725	9	7	9.973
546	Alcuini	200	0.725	9	7	9.973
547	quid	25030	90.78	45	35	9.971
548	Mattheum	279	1.012	10	9	9.949
549	scriptores	204	0.74	9	7	9.944
550	ipsum	11054	40.091	34	26	9.937
551	Supra	6866	24.902	29	21	9.936
552	initio	1655	6.002	18	15	9.924
553	ille	15694	56.92	38	32	9.913
554	numero	3046	11.047	22	16	9.913
555	Quomodo	10295	37.338	33	25	9.911
556	inueniuntur	632	2.292	13	12	9.905
557	gestarum	148	0.537	8	3	9.898
558	inuentus	794	2.88	14	13	9.896
559	Ione	100	0.363	7	5	9.885
560	papa	2730	9.901	21	18	9.869
561	titulo	510	1.85	12	9	9.868
562	me	30698	111.337	47	37	9.865
563	Nahum	37	0.134	5	3	9.863
564	apertum	296	1.074	10	7	9.863
565	precedentibus	394	1.429	11	8	9.863
566	omnia	23642	85.746	43	35	9.857
567	essem	396	1.436	11	9	9.856
568	aperuit	655	2.376	13	9	9.853
569	alius	2767	10.036	21	13	9.85
570	testantur	400	1.451	11	10	9.842
571	tam	10045	36.432	32	26	9.813
572	illud	13210	47.911	35	27	9.806
573	Quinti	106	0.384	7	7	9.801
574	Tricesimus	67	0.243	6	1	9.796
575	Xi	1524	5.527	17	14	9.796
576	Pauli	1822	6.608	18	14	9.786
577	hereses	316	1.146	10	4	9.769
578	Agnelli	109	0.395	7	2	9.761
579	antiquis	552	2.002	12	11	9.753
580	Ioannis	2206	8.001	19	15	9.744
581	partim	888	3.221	14	11	9.735
582	explanat	70	0.254	6	4	9.733
583	iustorum	1099	3.986	15	7	9.726
584	duobus	3025	10.971	21	17	9.721
585	conscriptus	41	0.149	5	5	9.715
586	egredietur	243	0.881	9	5	9.692
587	Exstant	172	0.624	8	8	9.681
588	Noni	42	0.152	5	5	9.681
589	Decimi	116	0.421	7	3	9.671
590	scribuntur	117	0.424	7	7	9.659
591	Seu	6014	21.812	26	23	9.654
592	hac	9255	33.567	30	24	9.652
593	illius	10243	37.15	31	19	9.647
594	superiore	177	0.642	8	7	9.639
595	totidem	347	1.259	10	9	9.634
596	uidelicet	10383	37.658	31	22	9.628
597	Habent	4249	15.411	23	19	9.625
598	itaque	8518	30.894	29	23	9.625
599	Legi	969	3.514	14	14	9.609
600	cuiusdam	776	2.814	13	11	9.608
601	Quidam	6209	22.519	26	24	9.608
602	catholicorum	471	1.708	11	10	9.606
603	capitulis	473	1.716	11	8	9.6
604	lege	4918	17.837	24	17	9.598
605	epistolas	623	2.26	12	7	9.579
606	eorumdem	480	1.741	11	10	9.578
607	signati	124	0.45	7	6	9.575
608	quibusdam	2976	10.794	20	18	9.534
609	Dauid	6606	23.959	26	16	9.519
610	Daniel	382	1.386	10	10	9.495
611	manibus	3106	11.265	20	15	9.472
612	Corpore	5382	19.52	24	14	9.468
613	scribere	678	2.459	12	11	9.457
614	sui	12941	46.935	32	26	9.447
615	Scriptura	3694	13.398	21	15	9.433
616	Marcellinum	50	0.181	5	2	9.429
617	sanctis	4324	15.683	22	15	9.407
618	Prudentius	88	0.319	6	5	9.403
619	scribat	88	0.319	6	5	9.403
620	egreditur	297	1.077	9	4	9.403
621	tractauimus	51	0.185	5	3	9.4
622	manifeste	1127	4.088	14	13	9.391
623	laqueis	211	0.765	8	8	9.386
624	sententias	551	1.998	11	11	9.379
625	Conciliorum	212	0.769	8	6	9.379
626	Pelagium	52	0.189	5	2	9.372
627	scribe	554	2.009	11	7	9.372
628	maxime	3869	14.032	21	20	9.366
629	Pastoralem	92	0.334	6	4	9.338
630	nomine	11537	41.843	30	26	9.334
631	argenti	569	2.064	11	8	9.333
632	Cassiani	93	0.337	6	4	9.323
633	Hi	4590	16.647	22	13	9.321
634	institutione	222	0.805	8	6	9.313
635	Epistole	953	3.456	13	12	9.312
636	Ecclesiastica	954	3.46	13	9	9.311
637	illo	8616	31.249	27	24	9.299
638	nobis	28243	102.433	40	31	9.287
639	diuersos	323	1.172	9	8	9.281
640	Decretorum	96	0.348	6	1	9.277
641	Grecorum	592	2.147	11	11	9.276
642	diuersorum	325	1.179	9	8	9.273
643	monachus	986	3.576	13	7	9.263
644	imponere	234	0.849	8	3	9.237
645	finis	1547	5.611	15	12	9.232
646	uirginitate	159	0.577	7	5	9.216
647	doctorum	804	2.916	12	8	9.211
648	sum	8214	29.791	26	15	9.205
649	decreui	101	0.366	6	4	9.204
650	Natura	4347	15.766	21	10	9.198
651	conscripti	59	0.214	5	5	9.19
652	refertur	634	2.299	11	10	9.177
653	series	244	0.885	8	8	9.176
654	disputatum	60	0.218	5	3	9.166
655	explanatione	60	0.218	5	5	9.166
656	Actus	1059	3.841	13	10	9.16
657	Xxii	483	1.752	10	9	9.157
658	potes	645	2.339	11	10	9.152
659	solum	10659	38.659	28	26	9.149
660	delebo	61	0.221	5	5	9.142
661	ecclesiasticis	1073	3.892	13	11	9.141
662	Xii	2009	7.286	16	14	9.135
663	quidem	13370	48.491	30	27	9.121
664	suorum	3962	14.37	20	11	9.121
665	Baruch	62	0.225	5	2	9.119
666	declaratur	362	1.313	9	8	9.117
667	Ezechiel	363	1.317	9	5	9.113
668	multi	3434	12.455	19	15	9.105
669	quasi	19683	71.387	34	26	9.105
670	aliquot	502	1.821	10	8	9.101
671	Incarnatione	367	1.331	9	8	9.097
672	dixit	12295	44.592	29	17	9.095
673	fecit	8877	32.196	26	22	9.093
674	ordinem	2503	9.078	17	16	9.08
675	Huic	3506	12.716	19	18	9.075
676	Arianos	65	0.236	5	2	9.05
677	antiquorum	381	1.382	9	9	9.043
678	loco	10297	37.346	27	20	9.042
679	Genesi	529	1.919	10	5	9.026
680	lectione	529	1.919	10	9	9.026
681	Fidei	9336	33.86	26	19	9.02
682	capita	707	2.564	11	4	9.02
683	iustitie	3646	13.224	19	15	9.019
684	supradicto	183	0.664	7	6	9.013
685	Quoniam	16008	58.059	31	24	9.003
686	Denique	3179	11.53	18	17	8.982
687	Eusebii	189	0.686	7	5	8.967
688	Eusebius	189	0.686	7	6	8.967
689	alios	3821	13.858	19	16	8.951
690	docet	1922	6.971	15	13	8.919
691	nullus	6102	22.131	22	19	8.91
692	dimissus	124	0.45	6	5	8.908
693	terminetur	72	0.261	5	2	8.903
694	Scripturarum	1950	7.072	15	14	8.898
695	cui	11424	41.433	27	25	8.892
696	Ecclesie	21098	76.519	33	26	8.875
697	Xui	1018	3.692	12	8	8.87
698	Agni	598	2.169	10	7	8.849
699	fuit	11793	42.772	27	22	8.846
700	Pontificalis	130	0.472	6	2	8.84
701	disputat	130	0.472	6	4	8.84
702	diuersis	2046	7.421	15	15	8.829
703	Nepotis	76	0.276	5	3	8.825
704	quando	13356	48.44	28	22	8.824
705	diligenter	1675	6.075	14	14	8.819
706	temporibus	3574	12.962	18	12	8.814
707	Sacramentis	614	2.227	10	5	8.811
708	Paschasius	134	0.486	6	3	8.796
709	populus	4983	18.073	20	16	8.79
710	sancto	6677	24.217	22	12	8.78
711	plagas	322	1.168	8	8	8.776
712	scribendi	136	0.493	6	6	8.774
713	Scriptor	216	0.783	7	7	8.774
714	uocatus	847	3.072	11	8	8.759
715	habemus	2155	7.816	15	11	8.754
716	legantur	138	0.501	6	5	8.753
717	omnium	11251	40.806	26	24	8.751
718	Xxix	329	1.193	8	7	8.745
719	mortis	3752	13.608	18	14	8.743
720	solus	3183	11.544	17	16	8.733
721	euidenter	650	2.358	10	9	8.729
722	decem	3195	11.588	17	17	8.728
723	testimonium	3199	11.602	17	16	8.726
724	debito	334	1.211	8	5	8.723
725	propter	17688	64.152	30	23	8.717
726	Salomon	1443	5.234	13	11	8.714
727	episcopi	7018	25.453	22	15	8.709
728	Propheta	5273	19.124	20	16	8.708
729	suum	13040	47.294	27	20	8.701
730	predicto	664	2.408	10	8	8.698
731	Apocalypsi	668	2.423	10	9	8.689
732	Dominus	28645	103.891	35	24	8.689
733	prioris	495	1.795	9	3	8.666
734	Amen	3393	12.306	17	17	8.641
735	initium	1521	5.516	13	13	8.638
736	exponunt	87	0.316	5	5	8.63
737	quodam	1912	6.935	14	14	8.628
738	Cantica	241	0.874	7	6	8.616
739	centum	1544	5.6	13	11	8.616
740	quosdam	1554	5.636	13	12	8.607
741	nunc	13926	50.508	27	22	8.606
742	legatur	363	1.317	8	8	8.603
743	posuimus	244	0.885	7	4	8.598
744	Pater	11157	40.465	25	17	8.593
745	eadem	7673	27.829	22	19	8.58
746	locis	2984	10.823	16	16	8.564
747	Heresibus	92	0.334	5	5	8.549
748	Clementis	159	0.577	6	6	8.549
749	an	4310	15.632	18	12	8.543
750	scilicet	11574	41.977	25	21	8.54
751	ne	26706	96.859	33	28	8.535
752	codice	545	1.977	9	8	8.527
753	nouem	996	3.612	11	9	8.525
754	Perfectione	385	1.396	8	6	8.518
755	Arium	94	0.341	5	5	8.518
756	eosdem	752	2.727	10	7	8.518
757	Deus	32414	117.561	35	27	8.511
758	unius	3099	11.24	16	13	8.509
759	Celesti	1316	4.773	12	6	8.5
760	quot	1015	3.681	11	11	8.498
761	Regularum	96	0.348	5	5	8.488
762	potest	13503	48.973	26	25	8.487
763	doctoris	397	1.44	8	6	8.474
764	catalogo	168	0.609	6	4	8.47
765	mystica	399	1.447	8	5	8.467
766	Tabernaculo	570	2.067	9	2	8.462
767	capitulari	98	0.355	5	4	8.458
768	Amos	271	0.983	7	5	8.447
769	duorum	794	2.88	10	10	8.44
770	scribi	172	0.624	6	6	8.436
771	legum	408	1.48	8	6	8.435
772	eum	31346	113.687	34	29	8.433
773	Gedeon	174	0.631	6	4	8.419
774	diuisione	277	1.005	7	4	8.415
775	ostenditur	1397	5.067	12	10	8.414
776	presentis	1780	6.456	13	8	8.411
777	uidisse	415	1.505	8	8	8.41
778	Uiris	1423	5.161	12	12	8.387
779	Xxu	423	1.534	8	4	8.383
780	Ade	427	1.549	8	5	8.369
781	regibus	1113	4.037	11	7	8.365
782	illum	8925	32.37	22	19	8.362
783	Marci	289	1.048	7	6	8.354
784	ea	16639	60.347	27	25	8.349
785	sequenti	621	2.252	9	9	8.338
786	Moyses	2350	8.523	14	12	8.331
787	apertius	440	1.596	8	8	8.326
788	ei	16962	61.519	27	24	8.322
789	trium	862	3.126	10	9	8.321
790	Prosperum	108	0.392	5	3	8.318
791	Monitum	108	0.392	5	5	8.318
792	Latinos	187	0.678	6	6	8.315
793	Gratia	10609	38.477	23	13	8.305
794	Canonicis	448	1.625	8	6	8.3
795	secularium	450	1.632	8	7	8.293
796	septuaginta	1934	7.014	13	8	8.291
797	quas	6197	22.476	19	19	8.253
798	mihi	14184	51.443	25	18	8.247
799	Mediolanensis	114	0.414	5	2	8.24
800	memorat	197	0.715	6	6	8.24
801	nonnulla	468	1.697	8	6	8.237
802	sequentibus	918	3.329	10	8	8.231
803	cur	3768	13.666	16	14	8.227
804	lectori	115	0.417	5	5	8.227
805	Carolum	674	2.445	9	7	8.22
806	spiritus	16254	58.951	26	12	8.22
807	Ioannes	4564	16.553	17	11	8.213
808	populum	4591	16.651	17	13	8.205
809	Augustino	321	1.164	7	6	8.203
810	loquitur	3834	13.905	16	15	8.202
811	uidetur	5463	19.814	18	14	8.201
812	Questionibus	203	0.736	6	6	8.197
813	frequenter	1253	4.544	11	10	8.194
814	exponit	688	2.495	9	9	8.191
815	sedecim	118	0.428	5	3	8.19
816	historiis	118	0.428	5	4	8.19
817	sacros	486	1.763	8	7	8.182
818	diuina	6586	23.886	19	16	8.166
819	ante	15065	54.639	25	19	8.16
820	Dono	966	3.504	10	5	8.157
821	Exstat	335	1.215	7	6	8.141
822	pre	2146	7.783	13	7	8.141
823	sufficienter	336	1.219	7	7	8.137
824	Leuitico	212	0.769	6	4	8.134
825	inde	7880	28.58	20	18	8.129
826	Xu	1323	4.798	11	8	8.116
827	posuit	2195	7.961	13	12	8.108
828	Theodosii	125	0.453	5	3	8.107
829	Pastoris	513	1.861	8	7	8.104
830	anime	4966	18.011	17	13	8.092
831	prefati	738	2.677	9	9	8.089
832	Erat	17808	64.587	26	21	8.088
833	tum	2227	8.077	13	10	8.087
834	descripsit	127	0.461	5	5	8.084
835	penuria	127	0.461	5	4	8.084
836	posterioribus	127	0.461	5	4	8.084
837	Iudaicus	221	0.802	6	5	8.074
838	testimoniis	524	1.901	8	8	8.074
839	libros	1044	3.786	10	7	8.045
840	aperte	1811	6.568	12	9	8.039
841	pene	2923	10.601	14	13	8.016
842	illi	14775	53.587	24	21	8.011
843	Edificatione	134	0.486	5	1	8.007
844	Ecclesiasticum	370	1.342	7	7	7.998
845	conditi	135	0.49	5	5	7.996
846	thronum	373	1.353	7	7	7.986
847	Psalterium	235	0.852	6	6	7.985
848	continentem	137	0.497	5	5	7.975
849	intus	1906	6.913	12	8	7.966
850	tractatu	240	0.87	6	5	7.955
851	custos	569	2.064	8	2	7.955
852	sibi	21952	79.617	27	24	7.95
853	latius	383	1.389	7	7	7.948
854	reperiuntur	242	0.878	6	5	7.943
855	Xxxiii	246	0.892	6	2	7.919
856	parte	5608	20.339	17	15	7.916
857	diuinarum	585	2.122	8	7	7.915
858	prefatis	248	0.9	6	3	7.908
859	Iuliani	249	0.903	6	3	7.902
860	tractatum	145	0.526	5	5	7.893
861	qua	20532	74.467	26	22	7.883
862	Lucam	253	0.918	6	4	7.879
863	Miraculis	856	3.105	9	6	7.875
864	iterum	6856	24.866	18	16	7.874
865	indicat	602	2.183	8	8	7.873
866	constitutione	254	0.921	6	4	7.873
867	nos	28959	105.03	29	23	7.859
868	fecisse	1190	4.316	10	10	7.856
869	multis	4879	17.695	16	16	7.855
870	superius	3276	11.882	14	12	7.851
871	postea	4899	17.768	16	14	7.849
872	officiis	615	2.231	8	8	7.843
873	bene	8253	29.932	19	15	7.84
874	Testamentorum	151	0.548	5	5	7.834
875	sepius	1208	4.381	10	9	7.834
876	habet	9718	35.246	20	18	7.826
877	creaturarum	268	0.972	6	5	7.796
878	testante	269	0.976	6	6	7.79
879	uersibus	269	0.976	6	6	7.79
880	Pontificum	914	3.315	9	8	7.781
881	pape	2755	9.992	13	10	7.781
882	nisi	22042	79.943	26	24	7.78
883	omni	11640	42.217	21	20	7.777
884	potui	438	1.589	7	7	7.754
885	quadraginta	1702	6.173	11	9	7.752
886	legendo	160	0.58	5	5	7.751
887	alia	7470	27.093	18	17	7.75
888	Felicem	277	1.005	6	4	7.748
889	uenerabilis	1716	6.224	11	10	7.741
890	recipiunt	279	1.012	6	6	7.738
891	accipiat	948	3.438	9	4	7.728
892	questiones	281	1.019	6	5	7.728
893	ecclesiasticorum	163	0.591	5	4	7.724
894	Testamentum	1304	4.729	10	9	7.724
895	theologia	164	0.595	5	2	7.715
896	Ioannem	1314	4.766	10	8	7.713
897	Osee	285	1.034	6	4	7.707
898	beatum	1320	4.787	10	8	7.707
899	nusquam	677	2.455	8	7	7.704
900	nostri	10602	38.452	20	17	7.701
901	opus	5429	19.69	16	16	7.701
902	Expositio	166	0.602	5	5	7.698
903	presenti	2919	10.587	13	11	7.697
904	totum	4540	16.466	15	14	7.679
905	te	23799	86.315	26	24	7.67
906	Conditor	473	1.716	7	7	7.643
907	scriptorum	173	0.627	5	4	7.638
908	tempore	12833	46.543	21	21	7.636
909	declarat	476	1.726	7	7	7.634
910	illis	11108	40.287	20	19	7.634
911	demonstratur	477	1.73	7	7	7.631
912	arbitrio	1015	3.681	9	8	7.63
913	deest	478	1.734	7	7	7.628
914	ostendunt	479	1.737	7	7	7.625
915	sancte	11187	40.574	20	18	7.623
916	diximus	3081	11.174	13	12	7.619
917	lector	723	2.622	8	7	7.609
918	nemo	5801	21.039	16	12	7.605
919	habere	8274	30.009	18	16	7.602
920	imperatorem	1046	3.794	9	8	7.586
921	pleniter	494	1.792	7	6	7.581
922	ipsi	9879	35.83	19	18	7.581
923	integrum	738	2.677	8	7	7.58
924	comprehendit	313	1.135	6	6	7.572
925	rerum	4903	17.783	15	12	7.568
926	omnis	10007	36.294	19	19	7.562
927	mysteriorum	316	1.146	6	6	7.558
928	Patris	8628	31.293	18	14	7.542
929	Carmen	320	1.161	6	6	7.54
930	alium	1980	7.181	11	7	7.534
931	dixi	1995	7.236	11	9	7.523
932	Magni	1511	5.48	10	8	7.512
933	plurali	189	0.686	5	4	7.511
934	beate	1114	4.04	9	8	7.495
935	uocatur	2641	9.579	12	11	7.495
936	alio	3362	12.194	13	11	7.493
937	singuli	786	2.851	8	4	7.489
938	Ix	1546	5.607	10	10	7.479
939	describit	335	1.215	6	6	7.474
940	anno	9054	32.838	18	16	7.473
941	illa	12472	45.234	20	19	7.466
942	erit	9146	33.171	18	17	7.458
943	Preter	2710	9.829	12	12	7.458
944	triginta	1573	5.705	10	10	7.454
945	Uocatione	340	1.233	6	3	7.453
946	imperatoris	2097	7.606	11	6	7.451
947	plerisque	197	0.715	5	4	7.451
948	Agone	197	0.715	5	4	7.451
949	filii	10957	39.739	19	15	7.431
950	Totus	1602	5.81	10	9	7.427
951	Pluribus	821	2.978	8	8	7.426
952	prima	3524	12.781	13	10	7.425
953	respicere	202	0.733	5	4	7.415
954	octoginta	352	1.277	6	6	7.403
955	dextera	1196	4.338	9	4	7.393
956	capitulum	564	2.046	7	6	7.39
957	sue	13329	48.342	20	17	7.371
958	domino	17924	65.008	22	18	7.356
959	Preterea	1228	4.454	9	8	7.355
960	exiit	364	1.32	6	4	7.354
961	quamuis	4631	16.796	14	11	7.352
962	Mendacio	365	1.324	6	6	7.35
963	ingenii	366	1.327	6	4	7.346
964	dum	18066	65.523	22	19	7.344
965	Certe	2932	10.634	12	10	7.344
966	gratie	2938	10.656	12	2	7.341
967	bibliotheca	214	0.776	5	4	7.331
968	singulis	2282	8.277	11	9	7.329
969	auctoris	371	1.346	6	6	7.327
970	seriem	375	1.36	6	6	7.311
971	Trinitatis	1748	6.34	10	9	7.301
972	appellauit	381	1.382	6	6	7.288
973	Xuiii	904	3.279	8	7	7.287
974	precipue	1288	4.671	9	8	7.286
975	iisdem	384	1.393	6	6	7.277
976	auctoribus	224	0.812	5	4	7.265
977	ibi	10625	38.535	18	17	7.242
978	considerandum	399	1.447	6	4	7.222
979	fuisse	5097	18.486	14	11	7.214
980	prefatus	640	2.321	7	6	7.207
981	fieri	7663	27.793	16	15	7.203
982	termino	234	0.849	5	4	7.202
983	multoties	235	0.852	5	3	7.196
984	dignus	1376	4.991	9	7	7.191
985	e	4178	15.153	13	13	7.18
986	paganorum	411	1.491	6	6	7.179
987	Responsio	412	1.494	6	2	7.175
988	fuerit	11192	40.592	18	15	7.167
989	uestimenta	984	3.569	8	8	7.165
990	episcopali	416	1.509	6	5	7.162
991	euangelista	1406	5.099	9	7	7.159
992	nominatur	663	2.405	7	6	7.156
993	multorum	1411	5.118	9	8	7.154
994	tradidit	1946	7.058	10	7	7.147
995	comprobatur	244	0.885	5	5	7.142
996	congregauit	244	0.885	5	5	7.142
997	Moysen	1428	5.179	9	9	7.137
998	Re	3396	12.317	12	11	7.132
999	coniugii	247	0.896	5	3	7.124
1000	Ludouicum	247	0.896	5	5	7.124
1001	conscripta	248	0.9	5	5	7.119
1002	noster	5472	19.846	14	11	7.111
1003	multos	2001	7.257	10	9	7.106
1004	dicto	689	2.499	7	7	7.101
1005	sententiam	2675	9.702	11	5	7.1
1006	auctoritas	1468	5.324	9	8	7.097
1007	auctores	435	1.578	6	4	7.097
1008	Tibi	13832	50.167	19	16	7.095
1009	reperimus	253	0.918	5	5	7.09
1010	Matthei	253	0.918	5	4	7.09
1011	Origine	440	1.596	6	6	7.081
1012	fuerat	4559	16.535	13	13	7.054
1013	licet	7008	25.417	15	15	7.053
1014	iuuenis	449	1.629	6	6	7.051
1015	Xxxii	260	0.943	5	3	7.05
1016	manifestissime	260	0.943	5	5	7.05
1017	propriis	1541	5.589	9	7	7.027
1018	Isaias	1093	3.964	8	4	7.013
1019	Laude	1094	3.968	8	8	7.012
1020	uersus	1098	3.982	8	8	7.006
1021	artis	464	1.683	6	5	7.004
1022	beato	1575	5.712	9	7	6.996
1023	uoluerit	2172	7.878	10	8	6.988
1024	Mattheus	746	2.706	7	6	6.986
1025	quatuordecim	273	0.99	5	4	6.98
1026	Paradiso	750	2.72	7	3	6.978
1027	aliorum	2187	7.932	10	8	6.978
1028	homilia	752	2.727	7	7	6.975
1029	quotiescunque	276	1.001	5	5	6.964
1030	tria	1611	5.843	9	9	6.963
1031	Xx	764	2.771	7	5	6.952
1032	Ecce	7576	27.477	15	12	6.941
1033	Quare	3911	14.185	12	10	6.929
1034	Redemptor	782	2.836	7	5	6.918
1035	aduocatus	286	1.037	5	3	6.913
1036	es	6288	22.806	14	12	6.911
1037	en	497	1.803	6	5	6.905
1038	nouis	289	1.048	5	4	6.898
1039	predicti	801	2.905	7	7	6.883
1040	horum	2342	8.494	10	10	6.879
1041	Cura	1711	6.206	9	8	6.876
1042	ostendimus	297	1.077	5	4	6.859
1043	dicuntur	3173	11.508	11	11	6.854
1044	Porro	2399	8.701	10	9	6.845
1045	istos	520	1.886	6	4	6.84
1046	templi	1758	6.376	9	3	6.837
1047	Tolle	303	1.099	5	3	6.83
1048	sententiis	525	1.904	6	6	6.826
1049	exhibet	304	1.103	5	5	6.825
1050	Fiat	3249	11.784	11	11	6.82
1051	adiutorio	528	1.915	6	5	6.818
1052	Regule	532	1.93	6	5	6.807
1053	sensu	1803	6.539	9	9	6.801
1054	hereticorum	1271	4.61	8	6	6.795
1055	studio	1811	6.568	9	9	6.794
1056	Israel	8396	30.451	15	13	6.792
1057	principium	1288	4.671	8	7	6.776
1058	epistolam	1288	4.671	8	7	6.776
1059	lectionem	318	1.153	5	5	6.76
1060	luce	1859	6.742	9	8	6.757
1061	scriptis	875	3.174	7	7	6.756
1062	testimonio	876	3.177	7	7	6.754
1063	ornamenta	322	1.168	5	4	6.742
1064	comitis	558	2.024	6	5	6.738
1065	memoriam	1907	6.916	9	8	6.72
1066	illorum	4561	16.542	12	8	6.707
1067	permaneat	574	2.082	6	4	6.697
1068	prout	1383	5.016	8	8	6.673
1069	Deo	28999	105.175	22	17	6.662
1070	magnum	1997	7.243	9	8	6.653
1071	significant	943	3.42	7	7	6.648
1072	imposuit	346	1.255	5	4	6.638
1073	Codicibus	346	1.255	5	5	6.638
1074	Euangelium	2772	10.054	10	7	6.636
1075	manu	4837	17.543	12	10	6.622
1076	imagines	964	3.496	7	3	6.616
1077	totius	3762	13.644	11	8	6.608
1078	Priorum	355	1.288	5	4	6.601
1079	ipso	9616	34.876	15	14	6.597
1080	euangeliste	616	2.234	6	6	6.595
1081	locum	6277	22.766	13	9	6.593
1082	clericorum	993	3.602	7	6	6.573
1083	magnam	1001	3.631	7	7	6.562
1084	terminum	631	2.289	6	6	6.56
1085	scribens	631	2.289	6	6	6.56
1086	numerus	2131	7.729	9	8	6.56
1087	millia	2134	7.74	9	7	6.557
1088	Ceteri	1516	5.498	8	7	6.541
1089	plurima	1018	3.692	7	7	6.538
1090	quedam	3982	14.442	11	10	6.526
1091	Siquidem	3033	11	10	8	6.506
1092	constituit	1560	5.658	8	8	6.5
1093	christianorum	1047	3.797	7	6	6.497
1094	sacerdotes	3065	11.116	10	9	6.491
1095	aliqua	3067	11.124	10	10	6.49
1096	diaboli	2237	8.113	9	9	6.489
1097	exposuit	384	1.393	5	5	6.488
1098	Isaia	664	2.408	6	5	6.487
1099	Xxui	385	1.396	5	4	6.484
1100	saltem	1600	5.803	8	8	6.463
1101	utilis	392	1.422	5	5	6.458
1102	Samuel	393	1.425	5	3	6.454
1103	singulorum	685	2.484	6	4	6.442
1104	dictum	6978	25.308	13	11	6.44
1105	nostrorum	2327	8.44	9	6	6.433
1106	sex	2329	8.447	9	6	6.431
1107	Libello	400	1.451	5	5	6.429
1108	magis	8781	31.847	14	14	6.429
1109	uides	692	2.51	6	4	6.427
1110	medio	3221	11.682	10	10	6.42
1111	alterius	2354	8.538	9	8	6.416
1112	arbitror	708	2.568	6	6	6.394
1113	misit	3285	11.914	10	10	6.391
1114	tot	1684	6.108	8	6	6.389
1115	sensum	2402	8.712	9	9	6.387
1116	ordines	714	2.59	6	5	6.382
1117	abbatis	1136	4.12	7	5	6.379
1118	loqueretur	415	1.505	5	5	6.376
1119	ipsorum	1702	6.173	8	8	6.374
1120	ceteris	4447	16.129	11	10	6.367
1121	istorum	418	1.516	5	4	6.365
1122	Canticum	726	2.633	6	5	6.358
1123	discere	421	1.527	5	5	6.355
1124	adiecit	422	1.531	5	5	6.352
1125	Grece	1158	4.2	7	5	6.352
1126	plura	1161	4.211	7	7	6.348
1127	Epistola	4513	16.368	11	8	6.345
1128	motus	1165	4.225	7	2	6.343
1129	tenet	1172	4.251	7	6	6.334
1130	postulat	428	1.552	5	4	6.331
1131	intelliguntur	741	2.688	6	5	6.329
1132	postmodum	1759	6.38	8	7	6.327
1133	quidquid	4654	16.879	11	10	6.301
1134	constat	2554	9.263	9	9	6.298
1135	aliqui	757	2.746	6	4	6.298
1136	inquit	11832	42.913	15	14	6.297
1137	intelligimus	759	2.753	6	6	6.294
1138	nunquam	4722	17.126	11	10	6.28
1139	prophetam	2601	9.433	9	8	6.272
1140	auctorem	773	2.804	6	6	6.268
1141	ecclesia	14781	53.609	16	12	6.256
1142	auri	782	2.836	6	6	6.251
1143	factus	4823	17.492	11	10	6.25
1144	perhibetur	453	1.643	5	4	6.249
1145	Nunquid	2642	9.582	9	8	6.249
1146	conscientie	454	1.647	5	5	6.246
1147	nempe	785	2.847	6	6	6.245
1148	nostrum	6305	22.867	12	11	6.24
1149	eos	21293	77.227	18	16	6.239
1150	scire	1876	6.804	8	8	6.234
1151	coram	4889	17.732	11	10	6.23
1152	utriusque	1273	4.617	7	7	6.215
1153	contulit	808	2.931	6	5	6.204
1154	personis	812	2.945	6	3	6.197
1155	quantum	6499	23.571	12	11	6.196
1156	meo	3784	13.724	10	7	6.187
1157	utique	5038	18.272	11	10	6.187
1158	At	3787	13.735	10	7	6.186
1159	secunda	1939	7.033	8	8	6.186
1160	memorie	1308	4.744	7	7	6.176
1161	panes	825	2.992	6	6	6.174
1162	sepe	3840	13.927	10	6	6.166
1163	ueritate	2803	10.166	9	6	6.164
1164	illos	5169	18.747	11	10	6.15
1165	quecunque	1989	7.214	8	8	6.149
1166	auctore	842	3.054	6	6	6.144
1167	testis	851	3.087	6	5	6.129
1168	studuit	494	1.792	5	5	6.124
1169	Isaiam	496	1.799	5	4	6.119
1170	sacris	2040	7.399	8	8	6.113
1171	Romanorum	1369	4.965	7	6	6.11
1172	offert	502	1.821	5	5	6.101
1173	gesta	1383	5.016	7	6	6.096
1174	Quinquaginta	873	3.166	6	6	6.092
1175	uitam	8938	32.417	13	13	6.083
1176	habens	2084	7.558	8	8	6.082
1177	litteras	1398	5.07	7	7	6.08
1178	dicente	2087	7.569	8	8	6.08
1179	plurimi	510	1.85	5	4	6.078
1180	eas	3004	10.895	9	8	6.064
1181	psalmus	1429	5.183	7	6	6.048
1182	tunc	14329	51.969	15	14	6.021
1183	Hanc	9345	33.893	13	13	6.018
1184	desiderat	919	3.333	6	5	6.018
1185	adhuc	7383	26.777	12	12	6.012
1186	Uidi	927	3.362	6	6	6.006
1187	nostro	5724	20.76	11	8	6.003
1188	ideo	14608	52.981	15	15	5.993
1189	necnon	1487	5.393	7	7	5.991
1190	esset	9536	34.586	13	11	5.989
1191	uasa	1497	5.429	7	6	5.981
1192	uir	5824	21.123	11	11	5.978
1193	celi	3203	11.617	9	8	5.972
1194	omnem	5876	21.311	11	9	5.965
1195	Plaga	557	2.02	5	5	5.951
1196	nequaquam	3283	11.907	9	9	5.936
1197	presbyter	2311	8.382	8	7	5.933
1198	accipere	2325	8.432	8	6	5.924
1199	breui	572	2.075	5	5	5.913
1200	uelut	3406	12.353	9	9	5.883
1201	patres	2405	8.723	8	8	5.875
1202	notandum	1612	5.847	7	7	5.874
1203	lapides	1022	3.707	6	5	5.865
1204	natiuitate	596	2.162	5	5	5.854
1205	Hebrei	598	2.169	5	5	5.849
1206	Apostoli	4794	17.387	10	9	5.846
1207	uariis	1047	3.797	6	6	5.83
1208	regis	6472	23.473	11	8	5.825
1209	catholice	1669	6.053	7	4	5.824
1210	presumpserit	609	2.209	5	4	5.823
1211	auctoritatis	1067	3.87	6	6	5.803
1212	modo	10867	39.413	13	12	5.801
1213	Saluatoris	2546	9.234	8	6	5.793
1214	prior	1076	3.903	6	4	5.79
1215	peccato	3649	13.234	9	8	5.784
1216	inuenire	1087	3.942	6	4	5.776
1217	arce	630	2.285	5	5	5.774
1218	lex	3682	13.354	9	8	5.771
1219	penitus	2589	9.39	8	8	5.769
1220	facit	5068	18.381	10	8	5.766
1221	nimirum	2607	9.455	8	8	5.759
1222	gentium	3716	13.477	9	8	5.757
1223	presentem	1105	4.008	6	5	5.752
1224	utrumque	1761	6.387	7	6	5.747
1225	alii	5192	18.831	10	9	5.731
1226	uix	1790	6.492	7	7	5.723
1227	eis	17666	64.072	15	14	5.719
1228	Ceterum	1144	4.149	6	6	5.702
1229	possit	5310	19.259	10	10	5.698
1230	Percussit	664	2.408	5	4	5.698
1231	cultu	665	2.412	5	5	5.696
1232	numerum	1830	6.637	7	6	5.692
1233	Postquam	3897	14.134	9	9	5.689
1234	conditione	676	2.452	5	5	5.672
1235	fit	3967	14.388	9	9	5.663
1236	archiepiscopum	682	2.474	5	5	5.659
1237	Christiane	685	2.484	5	5	5.653
1238	Habes	1184	4.294	6	5	5.653
1239	pars	2809	10.188	8	8	5.651
1240	exempla	1187	4.305	6	6	5.649
1241	intentio	688	2.495	5	3	5.647
1242	solidos	690	2.503	5	5	5.642
1243	Patet	1198	4.345	6	6	5.636
1244	auro	1222	4.432	6	6	5.607
1245	teste	710	2.575	5	5	5.601
1246	gentes	4142	15.022	9	3	5.601
1247	Reuera	711	2.579	5	5	5.599
1248	synodi	711	2.579	5	4	5.599
1249	Iuda	1951	7.076	7	6	5.599
1250	ore	4202	15.24	9	8	5.58
1251	prophetia	721	2.615	5	5	5.579
1252	temporum	1249	4.53	6	6	5.575
1253	causa	7700	27.927	11	9	5.575
1254	Filio	5805	21.054	10	8	5.57
1255	loquens	728	2.64	5	4	5.565
1256	Romanis	729	2.644	5	5	5.563
1257	diaconi	730	2.648	5	3	5.561
1258	intelligi	3002	10.888	8	6	5.555
1259	uobis	16104	58.407	14	14	5.554
1260	Christum	10187	36.947	12	11	5.548
1261	sint	7864	28.522	11	10	5.544
1262	Uide	1279	4.639	6	5	5.541
1263	Dominica	1279	4.639	6	3	5.541
1264	alter	2036	7.384	7	7	5.538
1265	nostris	5969	21.649	10	9	5.53
1266	Hactenus	1292	4.686	6	6	5.527
1267	fratribus	3064	11.113	8	8	5.526
1268	sermones	749	2.717	5	4	5.524
1269	habeat	3077	11.16	8	7	5.52
1270	igne	2063	7.482	7	7	5.519
1271	sermonis	754	2.735	5	5	5.514
1272	quondam	2078	7.537	7	7	5.508
1273	dicta	3129	11.348	8	8	5.496
1274	dicentem	768	2.785	5	5	5.488
1275	predictus	769	2.789	5	5	5.486
1276	ordine	3156	11.446	8	8	5.483
1277	debitum	780	2.829	5	3	5.466
1278	profecto	2155	7.816	7	7	5.456
1279	olim	2184	7.921	7	7	5.436
1280	tulit	806	2.923	5	5	5.418
1281	longe	3330	12.077	8	7	5.406
1282	idolorum	813	2.949	5	5	5.406
1283	femina	814	2.952	5	5	5.404
1284	Quapropter	2248	8.153	7	6	5.395
1285	domni	1434	5.201	6	6	5.376
1286	solummodo	1434	5.201	6	5	5.376
1287	uiros	1438	5.215	6	6	5.372
1288	obtulit	833	3.021	5	5	5.371
1289	una	8906	32.301	11	9	5.365
1290	Probatur	838	3.039	5	5	5.362
1291	memoria	1462	5.303	6	6	5.348
1292	Dominum	11718	42.499	12	10	5.346
1293	locutus	2328	8.443	7	6	5.344
1294	significat	4964	18.004	9	7	5.34
1295	litterarum	856	3.105	5	5	5.331
1296	lingua	2354	8.538	7	7	5.328
1297	cuncta	3543	12.85	8	8	5.316
1298	proprie	2375	8.614	7	7	5.315
1299	nostre	6929	25.131	10	7	5.314
1300	arte	867	3.145	5	5	5.313
1301	seculi	5061	18.356	9	9	5.312
1302	episcopum	3592	13.028	8	8	5.296
1303	deinde	5116	18.555	9	9	5.296
1304	tui	5140	18.642	9	9	5.289
1305	fertur	896	3.25	5	5	5.265
1306	appellat	897	3.253	5	5	5.264
1307	tandem	2476	8.98	7	5	5.255
1308	Ciuitatis	2491	9.035	7	5	5.247
1309	Primam	910	3.3	5	5	5.243
1310	nil	1573	5.705	6	5	5.243
1311	audit	929	3.369	5	4	5.213
1312	oratio	1614	5.854	6	6	5.206
1313	celum	3831	13.895	8	7	5.204
1314	inuenit	1618	5.868	6	6	5.202
1315	scientiam	1621	5.879	6	6	5.199
1316	dolore	943	3.42	5	5	5.192
1317	Disciplina	952	3.453	5	4	5.178
1318	haud	963	3.493	5	5	5.161
1319	Predicatione	966	3.504	5	3	5.157
1320	nulla	5661	20.532	9	9	5.15
1321	ista	5699	20.669	9	9	5.14
1322	annum	1701	6.169	6	6	5.13
1323	faciunt	2717	9.854	7	7	5.121
1324	fere	991	3.594	5	5	5.12
1325	factum	5854	21.232	9	9	5.102
1326	usus	1736	6.296	6	6	5.1
1327	Laus	1005	3.645	5	4	5.1
1328	uideretur	1012	3.67	5	5	5.09
1329	alibi	2804	10.17	7	7	5.076
1330	Saul	1031	3.739	5	5	5.063
1331	notitiam	1035	3.754	5	5	5.057
1332	isti	2860	10.373	7	6	5.047
1333	rite	1044	3.786	5	4	5.045
1334	maxima	1047	3.797	5	5	5.041
1335	ueluti	1816	6.586	6	5	5.035
1336	sanctos	1819	6.597	6	6	5.033
1337	miracula	1062	3.852	5	4	5.02
1338	creditur	1063	3.855	5	2	5.019
1339	tali	1845	6.692	6	6	5.013
1340	positum	1073	3.892	5	5	5.005
1341	Magna	4439	16.1	8	7	4.991
1342	sanctum	6326	22.944	9	7	4.99
1343	quodammodo	1085	3.935	5	4	4.989
1344	duabus	1108	4.019	5	5	4.959
1345	ipsis	4543	16.477	8	8	4.958
1346	debere	1928	6.993	6	4	4.949
1347	synodo	1933	7.011	6	3	4.945
1348	Romane	1941	7.04	6	5	4.939
1349	propterea	3112	11.287	7	7	4.926
1350	audi	1151	4.175	5	5	4.904
1351	proinde	1158	4.2	5	5	4.895
1352	faceret	1166	4.229	5	5	4.885
1353	Nature	3245	11.769	7	4	4.865
1354	Christus	12693	46.036	11	9	4.854
1355	Bellum	1196	4.338	5	5	4.849
1356	sacri	1206	4.374	5	4	4.837
1357	medium	1211	4.392	5	5	4.831
1358	potuit	3329	12.074	7	7	4.828
1359	aliquem	1228	4.454	5	5	4.811
1360	anni	2145	7.78	6	4	4.795
1361	exinde	1244	4.512	5	5	4.792
1362	undique	1251	4.537	5	4	4.784
1363	magister	1270	4.606	5	5	4.762
1364	c	3493	12.669	7	7	4.759
1365	circa	3505	12.712	7	7	4.754
1366	erant	7471	27.096	9	8	4.75
1367	recte	5301	19.226	8	6	4.735
1368	poterit	2245	8.142	6	6	4.729
1369	litteris	2264	8.211	6	5	4.717
1370	Iudicium	5420	19.658	8	8	4.703
1371	uidere	2288	8.298	6	6	4.702
1372	Fac	1326	4.809	5	4	4.7
1373	eam	10692	38.778	10	9	4.689
1374	tanquam	5523	20.031	8	7	4.676
1375	Petrum	1355	4.914	5	4	4.669
1376	litteram	1360	4.933	5	5	4.663
1377	hodie	2361	8.563	6	5	4.657
1378	continuo	1374	4.983	5	4	4.649
1379	aliud	8095	29.359	9	8	4.634
1380	missus	1398	5.07	5	5	4.624
1381	exemplum	2462	8.929	6	4	4.596
1382	uerum	8319	30.172	9	8	4.595
1383	antea	1450	5.259	5	5	4.571
1384	auctoritate	3997	14.497	7	7	4.564
1385	nihil	11730	42.543	10	10	4.555
1386	Oratione	1485	5.386	5	2	4.537
1387	etenim	2603	9.441	6	6	4.516
1388	posset	2669	9.68	6	6	4.48
1389	quicunque	2670	9.684	6	6	4.479
1390	rege	2672	9.691	6	5	4.478
1391	ipsa	12425	45.064	10	9	4.472
1392	opera	6363	23.078	8	6	4.472
1393	rei	2694	9.771	6	6	4.466
1394	dicat	4292	15.566	7	7	4.462
1395	Spiritum	6423	23.295	8	6	4.458
1396	facta	6440	23.357	8	8	4.454
1397	adeo	1586	5.752	5	5	4.442
1398	Abraham	2764	10.025	6	5	4.429
1399	canones	1603	5.814	5	5	4.426
1400	aliquis	2776	10.068	6	5	4.423
1401	forte	6594	23.916	8	7	4.42
1402	culpa	1611	5.843	5	4	4.419
1403	ipsos	2899	10.514	6	6	4.361
1404	foris	1679	6.09	5	5	4.359
1405	facile	1679	6.09	5	5	4.359
1406	scientie	1694	6.144	5	4	4.347
1407	Actibus	1696	6.151	5	5	4.345
1408	Tu	9923	35.989	9	9	4.34
1409	Regem	4696	17.032	7	7	4.332
1410	insuper	1715	6.22	5	5	4.329
1411	habebat	1733	6.285	5	5	4.314
1412	Deum	18759	68.036	11	11	4.29
1413	dicere	4835	17.536	7	5	4.29
1414	Ioseph	1767	6.409	5	4	4.286
1415	potestatem	3063	11.109	6	6	4.281
1416	rem	1783	6.467	5	5	4.273
1417	fecerit	1796	6.514	5	5	4.262
1418	toto	3112	11.287	6	6	4.258
1419	pariter	3118	11.309	6	6	4.256
1420	debet	4982	18.069	7	6	4.247
1421	Pascha	1826	6.623	5	2	4.238
1422	Uirtus	3165	11.479	6	5	4.234
1423	frater	3190	11.57	6	5	4.223
1424	Francorum	1894	6.869	5	4	4.186
1425	tue	5257	19.066	7	7	4.169
1426	Ordo	1921	6.967	5	4	4.165
1427	terram	8011	29.055	8	7	4.139
1428	ira	1975	7.163	5	2	4.125
1429	dicunt	3419	12.4	6	6	4.123
1430	Talibus	1984	7.196	5	5	4.119
1431	debeat	2020	7.326	5	4	4.093
1432	huiusmodi	3496	12.68	6	6	4.09
1433	tuis	3526	12.788	6	6	4.078
1434	Marie	2048	7.428	5	5	4.073
1435	diu	2085	7.562	5	5	4.047
1436	Iudeorum	3613	13.104	6	6	4.043
1437	modum	2159	7.83	5	5	3.997
1438	intelligere	2159	7.83	5	5	3.997
1439	sua	17389	63.067	10	10	3.987
1440	tota	3787	13.735	6	6	3.975
1441	opere	3797	13.771	6	3	3.971
1442	suam	12923	46.87	9	9	3.959
1443	minus	3836	13.913	6	6	3.957
1444	qualiter	3848	13.956	6	6	3.952
1445	Sapientia	3918	14.21	6	6	3.926
1446	!	3970	14.399	6	6	3.907
1447	quisque	2318	8.407	5	5	3.894
1448	Is	2320	8.414	5	5	3.893
1449	gratiam	6394	23.19	7	6	3.887
1450	die	13670	49.579	9	9	3.878
1451	hominis	6445	23.375	7	7	3.875
1452	partes	2365	8.578	5	4	3.865
1453	aliquo	2384	8.646	5	4	3.854
1454	martyris	2540	9.212	5	5	3.762
1455	tempora	2546	9.234	5	3	3.759
1456	annos	4404	15.973	6	6	3.757
1457	ego	14898	54.033	9	9	3.754
1458	uidit	2598	9.423	5	4	3.73
1459	extra	2607	9.455	5	4	3.725
1460	precepta	2611	9.47	5	5	3.722
1461	multo	2677	9.709	5	5	3.686
1462	Iudei	2788	10.112	5	5	3.628
1463	rebus	4893	17.746	6	6	3.605
1464	statim	2835	10.282	5	5	3.604
1465	ob	5009	18.167	6	6	3.572
1466	ualde	2980	10.808	5	5	3.532
1467	sacerdos	2980	10.808	5	5	3.532
1468	populo	5161	18.718	6	6	3.529
1469	sine	17552	63.659	9	8	3.517
1470	unusquisque	3064	11.113	5	5	3.492
1471	melius	3086	11.193	5	4	3.481
1472	sermo	3100	11.243	5	5	3.475
1473	Petrus	3145	11.406	5	5	3.454
1474	ratione	3174	11.512	5	5	3.441
1475	celestis	3200	11.606	5	5	3.429
1476	tanta	3249	11.784	5	4	3.407
1477	manus	5645	20.474	6	6	3.399
1478	sententia	3288	11.925	5	4	3.39
1479	Iustitia	3349	12.146	5	5	3.363
1480	episcopis	3373	12.233	5	5	3.353
1481	nostra	9321	33.806	7	6	3.343
1482	tua	9484	34.397	7	7	3.318
1483	semper	14445	52.39	8	8	3.289
1484	sumus	6102	22.131	6	6	3.287
1485	peccati	3577	12.973	5	5	3.268
1486	terra	10001	36.272	7	5	3.241
1487	hominem	6415	23.266	6	6	3.215
1488	fuerint	3718	13.485	5	5	3.213
1489	annis	3802	13.789	5	5	3.18
1490	sensus	3828	13.884	5	4	3.17
1491	prius	6813	24.71	6	4	3.128
1492	Cunctis	3943	14.301	5	4	3.128
1493	morte	4064	14.74	5	5	3.084
1494	quatenus	4173	15.135	5	5	3.046
1495	uos	17265	62.618	8	7	3.032
1496	nostram	4284	15.537	5	5	3.008
1497	mox	4291	15.563	5	5	3.006
1498	absque	4330	15.704	5	5	2.993
1499	possunt	4386	15.907	5	5	2.974
1500	omnino	4403	15.969	5	5	2.969
1501	mundi	7879	28.576	6	5	2.918
1502	potius	4608	16.713	5	5	2.903
1503	uestre	4617	16.745	5	5	2.9
1504	uiri	4657	16.89	5	5	2.888
1505	Euangelio	4753	17.238	5	5	2.858
1506	episcopo	4956	17.975	5	5	2.798
1507	dedit	5078	18.417	5	5	2.763
1508	mei	5165	18.733	5	4	2.738
1509	fidem	9048	32.816	6	6	2.719
1510	legem	5254	19.056	5	4	2.714
1511	rex	9240	33.512	6	6	2.688
1512	Dies	9338	33.868	6	6	2.673
1513	fratres	5632	20.426	5	5	2.613
1514	apostolus	10154	36.827	6	6	2.552
1515	facere	6211	22.526	5	3	2.472
1516	Uenit	6490	23.538	5	5	2.409
1517	anima	6506	23.596	5	5	2.405
1518	tuum	6539	23.716	5	5	2.398
1519	corporis	6617	23.999	5	5	2.381
1520	Tempus	6697	24.289	5	5	2.364
1521	hominum	6709	24.333	5	5	2.361
1522	aliquid	7044	25.548	5	5	2.291
1523	filius	12707	46.086	6	6	2.229
1524	ecclesiam	8817	31.978	5	5	1.967
1525	Christo	11863	43.025	5	5	1.539
