No.	lemma	Total no. in this subcorpus	Expected collocate frequency	Observed collocate frequency	In no. of texts	Dice coefficient value
1	scribo1	20693	75.05	692	214	0.042
2	lego2	9617	34.879	422	175	0.038
3	secundus	7209	26.146	361	159	0.036
4	primus	14793	53.652	435	177	0.032
5	item	9686	35.13	341	57	0.031
6	de	136672	495.689	2086	342	0.028
7	idem2	43462	157.63	766	165	0.027
8	tertius	7799	28.286	266	116	0.026
9	capitulum	3551	12.879	212	58	0.026
10	quinque	3634	13.18	201	76	0.025
11	in	463796	1682.119	5543	485	0.023
12	rex	31400	113.883	492	122	0.023
13	historia	2949	10.696	170	82	0.022
14	quartus	4056	14.711	182	86	0.022
15	numerus	8610	31.227	223	71	0.021
16	beatus	22102	80.161	360	120	0.021
17	caput	17026	61.751	308	92	0.021
18	incipio	3936	14.275	169	76	0.021
19	quattuor	5642	20.463	179	71	0.02
20	moralis	382	1.386	123	40	0.019
21	genesis	802	2.909	124	76	0.019
22	decimus	1884	6.833	130	39	0.018
23	-	356744	1293.858	3292	399	0.018
24	1	3478	12.614	130	53	0.016
25	ecclesiasticus1	5501	19.951	143	77	0.016
26	euangelium	10708	38.836	174	77	0.015
27	quintus	2584	9.372	113	52	0.015
28	diuinus1	20429	74.093	244	122	0.015
29	trinitas	4195	15.215	116	38	0.014
30	ex	66613	241.596	544	184	0.014
31	septimus1	2325	8.432	96	50	0.013
32	lex	23038	83.555	226	98	0.013
33	sapientia	8726	31.648	131	78	0.012
34	iudex	5361	19.444	110	51	0.012
35	liber1	12354	44.806	162	39	0.012
36	aperio	4103	14.881	101	46	0.012
37	contineo	4468	16.205	102	70	0.012
38	unus	37779	137.019	308	74	0.012
39	ambrosius	976	3.54	78	32	0.012
40	sanctus1	70547	255.864	486	141	0.012
41	predestinatio	2248	8.153	84	26	0.012
42	:	232010	841.466	1404	243	0.012
43	finis	10813	39.217	131	69	0.011
44	deleo	1477	5.357	76	47	0.011
45	contra2	15581	56.51	154	54	0.011
46	propheta	14538	52.727	145	69	0.011
47	sicut	41928	152.067	281	119	0.01
48	prefatio	628	2.278	66	39	0.01
49	duo	16653	60.398	145	78	0.01
50	exodium	598	2.169	65	39	0.01
51	ciuitas	12845	46.587	124	50	0.01
52	uita	30381	110.187	210	131	0.01
53	uicesimus	821	2.978	63	23	0.01
54	dialogus	153	0.555	60	38	0.01
55	narro	3019	10.95	73	34	0.01
56	prefatus1	3657	13.263	75	34	0.009
57	inter	18369	66.622	145	70	0.009
58	testamentum	4862	17.634	80	44	0.009
59	uolumen	1144	4.149	64	36	0.009
60	.	894868	3245.554	4209	449	0.009
61	uetus	4403	15.969	78	49	0.009
62	lectio	2600	9.43	68	36	0.009
63	conscribo	1267	4.595	62	48	0.009
64	lego1	1284	4.657	59	43	0.009
65	tres	11031	40.008	102	61	0.009
66	seruus2	9225	33.458	92	60	0.009
67	sententia	8224	29.827	87	49	0.009
68	hic3	167450	607.316	764	237	0.009
69	quoque	16521	59.919	122	70	0.009
70	prior	4247	15.403	70	27	0.008
71	ita	28529	103.471	170	87	0.008
72	questio1	1633	5.923	59	26	0.008
73	edo2	1164	4.222	55	42	0.008
74	prosper	1612	5.847	56	16	0.008
75	iste2	20938	75.939	133	81	0.008
76	leuiticus	390	1.415	51	25	0.008
77	2	4069	14.758	66	39	0.008
78	4	3774	13.688	63	37	0.008
79	actus	3384	12.273	61	36	0.008
80	(	30251	109.716	167	72	0.008
81	sanctus2	10126	36.726	88	43	0.008
82	sexto	655	2.376	50	27	0.008
83	appello1	6044	21.921	72	33	0.008
84	3	4170	15.124	63	36	0.008
85	generatio	2678	9.713	56	29	0.008
86	compono	2568	9.314	56	40	0.008
87	inuenio	15419	55.922	103	76	0.007
88	expono	3296	11.954	58	39	0.007
89	epistola	8199	29.737	75	44	0.007
90	prologus	259	0.939	46	26	0.007
91	qui2	510903	1852.969	1922	391	0.007
92	unde	25621	92.924	139	69	0.007
93	expositio	1004	3.641	49	37	0.007
94	--	164067	595.047	630	214	0.007
95	reperio	3975	14.417	58	41	0.007
96	nomen	25313	91.807	131	87	0.007
97	dico3	128642	466.566	477	142	0.007
98	deuteronomium	394	1.429	43	26	0.007
99	explicit	202	0.733	42	25	0.007
100	perseuerantia	551	1.998	43	8	0.007
101	memoro	3082	11.178	54	24	0.007
102	psalmus	6551	23.76	63	37	0.007
103	ut	168062	609.536	587	171	0.007
104	sermo	9216	33.425	70	41	0.007
105	commemoro	1690	6.129	45	26	0.006
106	superus	2965	10.754	49	28	0.006
107	doctor	5048	18.308	56	32	0.006
108	pleniter	1576	5.716	44	30	0.006
109	testor	2767	10.036	48	40	0.006
110	quidam	24360	88.35	116	78	0.006
111	;	116352	421.992	398	151	0.006
112	auctor	4106	14.892	51	38	0.006
113	sacer	11163	40.487	73	56	0.006
114	demonstro	4132	14.986	51	37	0.006
115	nonus	2221	8.055	45	25	0.006
116	nauis	1850	6.71	43	27	0.006
117	enchiridion	74	0.268	38	18	0.006
118	scriptura	9540	34.6	67	43	0.006
119	correptio	703	2.55	40	8	0.006
120	beda	1356	4.918	41	20	0.006
121	describo	2081	7.548	43	37	0.006
122	,	2210261	8016.289	6686	591	0.006
123	uerbum	27300	99.013	118	71	0.006
124	refero	6201	22.49	55	42	0.006
125	testimonium	6030	21.87	53	38	0.006
126	etiam	39518	143.326	148	95	0.006
127	et	725333	2630.675	2118	402	0.006
128	apocryphicus	162	0.588	35	15	0.006
129	antiquitas	326	1.182	35	24	0.006
130	sextus	2095	7.598	40	27	0.006
131	habeo	59550	215.979	196	111	0.006
132	signo	2460	8.922	41	21	0.006
133	prophetia	1744	6.325	38	22	0.005
134	retractatio	136	0.493	34	14	0.005
135	sum	524045	1900.634	1457	336	0.005
136	exordium	953	3.456	35	26	0.005
137	religio	3054	11.076	41	22	0.005
138	multus	21416	77.673	90	63	0.005
139	apocalypsis	859	3.116	35	26	0.005
140	scriptor	910	3.3	35	23	0.005
141	propheticus	1117	4.051	35	24	0.005
142	sequor	15585	56.525	72	48	0.005
143	hic1	15083	54.704	71	48	0.005
144	ubi	18833	68.305	81	62	0.005
145	hinc	7125	25.841	51	29	0.005
146	principium	3225	11.697	40	27	0.005
147	sacramentum	5790	21	46	31	0.005
148	ostendo	14357	52.071	68	39	0.005
149	siue	22976	83.331	94	62	0.005
150	septem	4445	16.121	42	24	0.005
151	plures	2957	10.725	38	22	0.005
152	5	3578	12.977	40	23	0.005
153	pono	17333	62.864	72	44	0.005
154	gesta	1158	4.2	33	23	0.005
155	fides	30182	109.466	103	51	0.005
156	alius	47026	170.556	143	89	0.005
157	quod	53580	194.327	159	91	0.005
158	pastoralis	528	1.915	31	16	0.005
159	accipio	20568	74.597	80	40	0.005
160	titulus	1835	6.655	34	25	0.005
161	)	30262	109.756	101	71	0.005
162	nouus	9489	34.415	52	38	0.005
163	mortuus	6656	24.14	45	30	0.005
164	regnum	16889	61.254	69	39	0.005
165	inscribo	321	1.164	30	24	0.005
166	bonus	26208	95.053	90	36	0.005
167	ipse2	84491	306.436	230	131	0.005
168	opus1	24361	88.354	85	57	0.005
169	suus	117610	426.554	302	133	0.005
170	antiquus	4057	14.714	38	31	0.005
171	locus	27046	98.092	89	60	0.005
172	memini	1496	5.426	31	24	0.005
173	initium	3538	12.832	36	27	0.005
174	soluo	4073	14.772	37	29	0.005
175	aio	18645	67.623	69	41	0.005
176	octauo	691	2.506	29	21	0.004
177	uiginti	2038	7.392	32	18	0.004
178	enim	66589	241.508	174	97	0.004
179	hypomnesticon	37	0.134	27	3	0.004
180	si	77083	279.569	196	98	0.004
181	ad	177121	642.392	422	181	0.004
182	?	41969	152.215	116	60	0.004
183	apostolus	27482	99.673	86	46	0.004
184	commentarium	286	1.037	27	17	0.004
185	cum2	48101	174.455	127	83	0.004
186	primum	5850	21.217	39	30	0.004
187	tricesimus	620	2.249	27	9	0.004
188	ceterus	13284	48.179	54	40	0.004
189	christianus1	5821	21.112	38	33	0.004
190	a	138248	501.405	315	182	0.004
191	tractatus	659	2.39	27	23	0.004
192	egredior	3145	11.406	32	9	0.004
193	diuersus	6111	22.164	38	33	0.004
194	aduersus2	3751	13.604	33	25	0.004
195	nam	23565	85.467	73	45	0.004
196	que	76595	277.799	179	109	0.004
197	pars	17433	63.227	59	46	0.004
198	secundum1	20166	73.139	66	50	0.004
199	ille2	110466	400.644	247	136	0.004
200	omnis	114016	413.519	250	139	0.004
201	papa	6029	21.866	36	28	0.004
202	miraculum	1579	5.727	27	17	0.004
203	uis	7470	27.093	39	20	0.004
204	canon	4285	15.541	32	24	0.004
205	gentilis	2574	9.336	28	23	0.004
206	mentio	635	2.303	25	21	0.004
207	iam	20595	74.695	63	47	0.004
208	7	2452	8.893	28	15	0.004
209	homo	47745	173.164	112	48	0.004
210	10	2211	8.019	27	16	0.004
211	episcopus	33792	122.559	85	52	0.004
212	predictus	5771	20.931	33	26	0.004
213	apud	14047	50.946	48	32	0.004
214	doctrina	7028	25.49	35	28	0.004
215	uel	61906	224.524	137	76	0.004
216	codex	2028	7.355	26	21	0.004
217	homilia	934	3.388	24	17	0.004
218	autem	64914	235.434	140	78	0.004
219	nec	57170	207.347	126	78	0.004
220	baptismum	3341	12.117	28	18	0.004
221	atque	64010	232.155	136	89	0.004
222	uiuo	12684	46.003	45	33	0.004
223	singulus	7284	26.418	35	21	0.004
224	copia	1190	4.316	24	20	0.004
225	sequens	1845	6.692	25	20	0.004
226	quis	41464	150.384	93	59	0.004
227	tantum	9319	33.799	38	25	0.004
228	sub	14326	51.958	47	32	0.004
229	fulgenter	85	0.308	22	14	0.004
230	recipio	7846	28.456	34	28	0.003
231	pater	42897	155.581	93	61	0.003
232	areopagites	117	0.424	21	6	0.003
233	quia	98686	357.92	188	89	0.003
234	undecimus	552	2.002	22	14	0.003
235	is2	288636	1046.84	505	214	0.003
236	uero1	35931	130.316	81	64	0.003
237	ordo	10155	36.831	38	29	0.003
238	moralia	87	0.316	21	10	0.003
239	totus	19267	69.879	53	44	0.003
240	super	23579	85.518	62	42	0.003
241	manifestus	4330	15.704	28	23	0.003
242	disputo	997	3.616	23	12	0.003
243	catholicus	5746	20.84	30	19	0.003
244	similiter	5771	20.931	30	25	0.003
245	euangelista	2646	9.597	25	19	0.003
246	facio	73916	268.082	144	104	0.003
247	cum1	70084	254.184	135	95	0.003
248	duodecimus	433	1.57	21	13	0.003
249	iuxta1	11099	40.254	39	26	0.003
250	uideo	45783	166.048	96	64	0.003
251	duodecim	2409	8.737	25	19	0.003
252	spiritus	31474	114.152	70	29	0.003
253	canonicus2	913	3.311	21	14	0.003
254	aperte	2530	9.176	24	18	0.003
255	quam	41978	152.248	86	67	0.003
256	presens	10088	36.588	36	19	0.003
257	loquor	15720	57.014	45	38	0.003
258	institutio	949	3.442	21	15	0.003
259	satis	3302	11.976	25	19	0.003
260	sed	101708	368.88	184	119	0.003
261	musaicus	122	0.443	20	11	0.003
262	profero	4745	17.209	27	23	0.003
263	colligo2	3327	12.067	25	22	0.003
264	officium	6002	21.768	28	22	0.003
265	quippe	7694	27.905	31	21	0.003
266	declaro	1798	6.521	22	17	0.003
267	uersus2	2043	7.41	22	19	0.003
268	teneo	10923	39.616	36	29	0.003
269	8	2494	9.045	23	15	0.003
270	magnus	24102	87.414	56	46	0.003
271	plurimus	4294	15.574	26	24	0.003
272	littera	7696	27.912	31	28	0.003
273	paucus	3823	13.866	25	17	0.003
274	sic	22224	80.603	53	45	0.003
275	precedens	704	2.553	20	13	0.003
276	hebraicus	973	3.529	20	11	0.003
277	igitur	11511	41.749	36	27	0.003
278	heresis	1462	5.303	21	12	0.003
279	possum	56956	206.571	104	81	0.003
280	ergo1	29670	107.609	64	45	0.003
281	gratis	946	3.431	20	6	0.003
282	quicumque	9527	34.553	33	22	0.003
283	synodus1	5574	20.216	27	11	0.003
284	iste1	2466	8.944	22	15	0.003
285	intellego	19060	69.128	46	33	0.003
286	aliquis	23119	83.849	52	42	0.003
287	manifesto2	2626	9.524	22	10	0.003
288	hic2	9598	34.811	32	27	0.003
289	ueteres	678	2.459	19	16	0.003
290	distinguo	963	3.493	19	17	0.003
291	mitto	15279	55.415	40	33	0.003
292	per	98723	358.054	163	106	0.003
293	noster	59504	215.812	103	72	0.003
294	doceo	10200	36.994	33	28	0.003
295	quomodo	10295	37.338	33	25	0.003
296	lector	1435	5.205	20	17	0.003
297	itaque	8518	30.894	29	23	0.003
298	fio	22271	80.774	48	41	0.003
299	disputatio	600	2.176	18	12	0.003
300	post2	23168	84.027	50	37	0.003
301	natura	10944	39.692	33	17	0.003
302	tam	10045	36.432	32	26	0.003
303	imperator	8703	31.565	30	20	0.003
304	res	22399	81.238	48	43	0.003
305	confessio	3889	14.105	23	15	0.003
306	diligenter	2553	9.259	21	19	0.003
307	sepe	5477	19.864	25	18	0.003
308	breuiter	1231	4.465	19	16	0.003
309	authenticus	145	0.526	17	15	0.003
310	sumo	4460	16.176	23	19	0.003
311	nonnulli	2400	8.704	20	18	0.003
312	octo1	1632	5.919	19	15	0.003
313	non	212441	770.492	301	157	0.003
314	uerus	13589	49.285	35	21	0.003
315	manus2	17027	61.754	39	30	0.003
316	populus1	22668	82.214	47	31	0.003
317	impono	2579	9.354	20	10	0.003
318	insero1	1473	5.342	19	17	0.003
319	capitularis1	318	1.153	17	8	0.003
320	tempus	29849	108.258	56	43	0.003
321	signum	14316	51.922	36	32	0.003
322	monachus	5525	20.038	24	16	0.003
323	benedictus	2312	8.385	20	6	0.003
324	uidelicet	10383	37.658	31	22	0.003
325	usque	24197	87.759	49	39	0.003
326	penitentia	8009	29.048	26	14	0.003
327	memoria	4810	17.445	22	21	0.003
328	tamen	22532	81.72	46	35	0.003
329	gratia2	23297	84.495	46	20	0.003
330	tuus	47270	171.441	78	57	0.003
331	inuoluo	652	2.365	17	7	0.003
332	octauus	592	2.147	17	12	0.003
333	excerptio	166	0.602	16	14	0.003
334	exsto	744	2.698	17	14	0.003
335	trado	8965	32.515	28	22	0.003
336	etymologia	154	0.559	16	13	0.003
337	finio	2137	7.751	19	17	0.003
338	pontificalis	546	1.98	17	6	0.003
339	maxime	3871	14.04	21	20	0.003
340	dominus	89984	326.359	126	82	0.003
341	uir	19443	70.517	40	38	0.003
342	sedeo	5409	19.618	22	15	0.003
343	explanatio	217	0.787	16	11	0.003
344	auctoritas	8934	32.402	27	25	0.003
345	solum1	10488	38.038	28	26	0.003
346	deus	140088	508.078	193	99	0.003
347	supra2	3902	14.152	20	14	0.003
348	explecto	1331	4.827	17	17	0.003
349	aduersus3	2204	7.994	18	4	0.003
350	11	1487	5.393	17	14	0.003
351	edictum	613	2.223	16	15	0.003
352	annus	23523	85.314	45	32	0.003
353	aut	34719	125.921	61	36	0.003
354	integer	2659	9.644	19	17	0.003
355	lapsi	257	0.932	16	6	0.003
356	liber2	4479	16.245	21	12	0.003
357	uolo2	23240	84.288	44	35	0.003
358	fero	7669	27.814	25	19	0.003
359	paulus	8919	32.348	25	20	0.002
360	solus1	8953	32.471	26	24	0.002
361	ascribo	825	2.992	16	14	0.002
362	bellum	3563	12.923	19	15	0.002
363	nullus	24241	87.919	46	38	0.002
364	disco	4055	14.707	19	19	0.002
365	quidem	13370	48.491	30	27	0.002
366	significo	10220	37.066	26	21	0.002
367	christus	59315	215.127	83	53	0.002
368	canticus	546	1.98	17	11	0.002
369	philosophus2	726	2.633	15	13	0.002
370	hierarchia	418	1.516	15	6	0.002
371	denique	3179	11.53	18	17	0.002
372	series	627	2.274	14	13	0.002
373	pro	43480	157.696	62	45	0.002
374	quoniam	16008	58.059	31	24	0.002
375	iustitia	11209	40.653	26	19	0.002
376	monumentum	1118	4.055	15	11	0.002
377	12	2009	7.286	16	14	0.002
378	carmen	1216	4.41	15	14	0.002
379	appendix	129	0.468	14	3	0.002
380	coniugium	1348	4.889	15	7	0.002
381	decem	3204	11.62	17	17	0.002
382	condo	1272	4.613	15	14	0.002
383	exaro	336	1.219	14	13	0.002
384	amen	3393	12.306	17	17	0.002
385	quando	13356	48.44	28	22	0.002
386	signaculum	465	1.687	14	13	0.002
387	penitentialis	200	0.725	15	5	0.002
388	nuptie	1391	5.045	15	4	0.002
389	iudeus	14110	51.175	29	24	0.002
390	ego	60664	220.019	82	58	0.002
391	sacerdotalis	1507	5.466	15	11	0.002
392	prouerbium	552	2.002	14	12	0.002
393	uterque	7941	28.801	21	17	0.002
394	assero1	2209	8.012	15	15	0.002
395	scilicet	11586	42.021	25	21	0.002
396	do	28094	101.893	43	35	0.002
397	proprius1	13802	50.058	27	24	0.002
398	hilariter	259	0.939	13	6	0.002
399	quantitas	786	2.851	14	10	0.002
400	dies	35444	128.55	51	33	0.002
401	quasi	19683	71.387	34	26	0.002
402	audio	20164	73.132	34	28	0.002
403	nomino	3089	11.203	16	15	0.002
404	laudo	4595	16.665	18	16	0.002
405	probo	4948	17.946	18	18	0.002
406	sensus	7122	25.83	20	19	0.002
407	celestis	9264	33.599	22	16	0.002
408	pontifex	6896	25.011	19	18	0.002
409	cur	3774	13.688	16	14	0.002
410	noto	2965	10.754	15	14	0.002
411	nunc	13926	50.508	27	22	0.002
412	euangelicus	1607	5.828	14	12	0.002
413	nos	57619	208.976	69	48	0.002
414	laus	6034	21.884	18	16	0.002
415	ero	26515	96.166	38	30	0.002
416	respondeo	7111	25.791	19	12	0.002
417	comprehendo	2619	9.499	15	14	0.002
418	se	80262	291.098	92	65	0.002
419	miracula	1918	6.956	14	9	0.002
420	terminus	2478	8.987	15	11	0.002
421	propter	17688	64.152	30	23	0.002
422	agnos	943	3.42	13	9	0.002
423	inde	7879	28.576	20	18	0.002
424	concilium	4771	17.304	16	13	0.002
425	iubeo	9352	33.918	21	19	0.002
426	nemo	6740	24.445	18	12	0.002
427	centum	1544	5.6	13	11	0.002
428	mysticus	2232	8.095	14	11	0.002
429	titulo	129	0.468	12	8	0.002
430	oratio	8345	30.266	20	15	0.002
431	agnellus	546	1.98	12	2	0.002
432	sancta	2441	8.853	14	12	0.002
433	iterum	6856	24.866	18	16	0.002
434	mysterium	5257	19.066	17	14	0.002
435	mille	3852	13.971	15	12	0.002
436	ecclesia	50122	181.785	60	43	0.002
437	affero	2110	7.653	14	8	0.002
438	precipuus	2237	8.113	14	13	0.002
439	tum	16556	60.046	28	23	0.002
440	exhibeo	3621	13.133	15	11	0.002
441	ars	2369	8.592	14	13	0.002
442	talis	14475	52.499	26	24	0.002
443	apertus	1441	5.226	13	11	0.002
444	postea	4899	17.768	16	14	0.002
445	ante2	12432	45.089	22	16	0.002
446	uoco	13140	47.657	23	17	0.002
447	alter	10468	37.966	21	20	0.002
448	studium	4111	14.91	15	13	0.002
449	supradictus	1329	4.82	12	11	0.002
450	corpus	25509	92.517	34	24	0.002
451	uenerabilis	4191	15.2	15	14	0.002
452	anima	20451	74.173	30	24	0.002
453	regula1	4311	15.635	15	12	0.002
454	debeo	23501	85.235	33	25	0.002
455	desum	2510	9.103	14	12	0.002
456	scientia	5333	19.342	16	15	0.002
457	diuisio	1294	4.693	12	7	0.002
458	euidenter	948	3.438	12	10	0.002
459	pre1	2138	7.754	13	7	0.002
460	bene	8253	29.932	19	15	0.002
461	certe	3334	12.092	14	12	0.002
462	martyr	7254	26.309	18	17	0.002
463	plaga1	1777	6.445	13	13	0.002
464	congrego	3349	12.146	14	14	0.002
465	pene	2894	10.496	14	13	0.002
466	16	1018	3.692	12	8	0.002
467	coniugalis1	214	0.776	11	2	0.002
468	assumo	4097	14.859	15	11	0.002
469	hermes	55	0.2	11	9	0.002
470	canticum	1965	7.127	13	10	0.002
471	opusculum	728	2.64	12	8	0.002
472	examplum	6710	24.336	17	13	0.002
473	capitulare	182	0.66	11	5	0.002
474	excerpo	167	0.606	11	9	0.002
475	an	4310	15.632	18	12	0.002
476	argentum	1871	6.786	13	9	0.002
477	iustus	15277	55.407	25	15	0.002
478	sigale	94	0.341	11	8	0.002
479	tu	47761	173.222	54	45	0.002
480	exeo	4226	15.327	15	12	0.002
481	septuaginta	1934	7.014	13	8	0.002
482	filius	50031	181.455	53	41	0.002
483	quisque	7232	26.229	17	16	0.002
484	interpres	619	2.245	11	10	0.002
485	dimitto	5627	20.408	15	13	0.002
486	faustus	220	0.798	11	8	0.002
487	sacerdos	12795	46.406	22	21	0.002
488	perhibeo	1634	5.926	12	8	0.002
489	frequenter	1528	5.542	12	11	0.002
490	responsio	969	3.514	11	4	0.002
491	offero	7405	26.857	17	16	0.002
492	superius	3237	11.74	13	12	0.002
493	intus1	1906	6.913	12	8	0.002
494	bibliotheca	458	1.661	11	9	0.002
495	tabernaculum	2916	10.576	13	6	0.002
496	posterus	1849	6.706	12	9	0.002
497	mors	17655	64.032	26	22	0.002
498	ne2	26592	96.445	33	28	0.002
499	ueritas	13939	50.555	22	16	0.002
500	reliquus	5021	18.21	15	12	0.002
501	premitto	1752	6.354	12	12	0.002
502	defero	2734	9.916	13	10	0.002
503	studeo	3844	13.942	14	13	0.002
504	explano	412	1.494	11	9	0.002
505	templum	6987	25.341	16	9	0.002
506	uelut2	5228	18.961	15	13	0.002
507	partim	888	3.221	14	11	0.002
508	chronicus	141	0.511	10	8	0.002
509	missalis	62	0.225	10	8	0.002
510	falso2	68	0.247	10	4	0.002
511	hereticus2	3927	14.243	13	11	0.002
512	quadraginta	1702	6.173	11	9	0.002
513	nosco	9229	33.472	17	16	0.002
514	pagina	1627	5.901	11	10	0.002
515	quero	8096	29.363	16	13	0.002
516	inquio	15058	54.613	22	17	0.002
517	egregius	1265	4.588	11	11	0.002
518	adulterinus	119	0.432	10	5	0.002
519	preter	2710	9.829	12	12	0.002
520	consto	3616	13.115	13	13	0.002
521	catalogus	319	1.157	10	7	0.002
522	donum	4909	17.804	14	9	0.002
523	22	483	1.752	10	9	0.002
524	abbas	7157	25.957	16	14	0.002
525	dico1	14166	51.378	21	17	0.002
526	nouem	997	3.616	11	9	0.002
527	quot	1014	3.678	11	11	0.002
528	constitutio	1241	4.501	11	9	0.002
529	index	218	0.791	10	9	0.002
530	recedo	3535	12.821	13	12	0.002
531	computus	110	0.399	11	5	0.002
532	aliquot	502	1.821	10	8	0.002
533	interpretor	5357	19.429	14	12	0.002
534	dextera	3030	10.989	13	6	0.002
535	uestimentum	2281	8.273	12	11	0.002
536	quamuis	4631	16.796	14	11	0.002
537	ibi	10625	38.535	18	17	0.002
538	cognosco	10858	39.38	18	16	0.002
539	totidem	347	1.259	10	9	0.002
540	15	1323	4.798	11	8	0.002
541	exsisto	6201	22.49	15	13	0.002
542	arrianus	538	1.951	10	5	0.002
543	decerno	3657	13.263	12	9	0.002
544	desidero	3198	11.599	12	11	0.002
545	indico1	2105	7.635	11	11	0.002
546	relinquo	6672	24.198	14	14	0.002
547	transfero	2451	8.889	11	10	0.002
548	edo1	6571	23.832	14	12	0.002
549	licet	5198	18.852	13	13	0.002
550	uas2	2311	8.382	11	10	0.002
551	nisi	22453	81.434	26	24	0.002
552	origo	1323	4.798	10	10	0.002
553	auris	3705	13.438	12	12	0.002
554	secularis1	2410	8.741	11	10	0.002
555	spiritalis	7657	27.771	15	12	0.002
556	laqueus	1113	4.037	10	10	0.002
557	epigramma	42	0.152	9	3	0.002
558	uocatus	768	2.785	10	7	0.002
559	thesaurus	1965	7.127	11	8	0.002
560	acta2	37	0.134	9	3	0.002
561	scriptum	1427	5.176	10	10	0.002
562	eruditus1	644	2.336	10	9	0.002
563	plerique	748	2.713	10	9	0.002
564	gens	13090	47.476	19	12	0.002
565	diuinus2	40	0.145	9	8	0.002
566	uarius1	2638	9.568	11	11	0.002
567	scio	13520	49.035	20	19	0.002
568	felix	2663	9.658	11	9	0.002
569	clemens	1039	3.768	10	9	0.002
570	ecce	7576	27.477	15	12	0.002
571	incarnatio	2283	8.28	11	10	0.002
572	constituo	8682	31.488	16	15	0.002
573	quare	3911	14.185	12	10	0.002
574	debitum	1358	4.925	10	6	0.002
575	tracto	1848	6.702	10	6	0.001
576	pastor	3648	13.231	11	10	0.001
577	utor	3164	11.475	11	10	0.001
578	hymnus	1043	3.783	10	8	0.001
579	iudicium	15105	54.784	19	19	0.001
580	triginta	1575	5.712	10	10	0.001
581	exprimo	2201	7.983	10	8	0.001
582	retracto	304	1.103	9	6	0.001
583	omitto	893	3.239	9	8	0.001
584	paganus	1472	5.339	10	9	0.001
585	ualeo	9178	33.287	15	13	0.001
586	illuster	681	2.47	9	9	0.001
587	latinus	937	3.398	9	9	0.001
588	mendacium	1737	6.3	12	10	0.001
589	dum	18066	65.523	22	19	0.001
590	arbitrium	2270	8.233	10	9	0.001
591	propono	2062	7.479	10	7	0.001
592	uetustus	283	1.026	9	7	0.001
593	additio	100	0.363	9	4	0.001
594	quantus	4715	17.101	12	12	0.001
595	dissero2	448	1.625	9	7	0.001
596	usus	3832	13.898	11	10	0.001
597	prolixitas	192	0.696	9	5	0.001
598	peto	6871	24.92	13	12	0.001
599	quisquis1	7132	25.867	14	13	0.001
600	lingua	5301	19.226	12	12	0.001
601	cunctus	10019	36.337	16	13	0.001
602	disciplina	2928	10.619	11	10	0.001
603	folium	564	2.046	9	8	0.001
604	presbyter	8350	30.284	14	13	0.001
605	redeo	5029	18.239	12	11	0.001
606	conferuefacio	143	0.519	9	5	0.001
607	cura	4219	15.302	12	10	0.001
608	porro	2399	8.701	10	9	0.001
609	9	1756	6.369	10	10	0.001
610	numquam	4938	17.909	11	10	0.001
611	ignis	8316	30.161	13	13	0.001
612	mallus1	8278	30.023	13	10	0.001
613	25	423	1.534	8	4	0.001
614	prefixus	279	1.012	8	7	0.001
615	reparatio	214	0.776	8	2	0.001
616	latus1	1346	4.882	9	9	0.001
617	siquidem	3033	11	10	8	0.001
618	multiplex	1235	4.479	9	9	0.001
619	gista	152	0.551	8	3	0.001
620	commentum	201	0.729	8	5	0.001
621	confero	4308	15.625	11	10	0.001
622	manuscriptum	80	0.29	8	6	0.001
623	conficio	1462	5.303	9	8	0.001
624	tronus	1193	4.327	9	9	0.001
625	labor2	4996	18.12	11	11	0.001
626	leo	4300	15.596	11	8	0.001
627	comprobo	1126	4.084	9	9	0.001
628	magis	8839	32.058	14	14	0.001
629	medion	3146	11.41	10	10	0.001
630	sufficienter	369	1.338	8	8	0.001
631	persona	7304	26.491	13	10	0.001
632	libellus	1438	5.215	9	9	0.001
633	misa	3456	12.534	10	9	0.001
634	editus1	159	0.577	8	7	0.001
635	pertineo	6671	24.195	12	11	0.001
636	utique	5038	18.272	11	10	0.001
637	29	358	1.298	8	7	0.001
638	adnoto	420	1.523	8	8	0.001
639	censeo	1504	5.455	9	7	0.001
640	claudo	1350	4.896	9	8	0.001
641	notitia	1560	5.658	9	8	0.001
642	tantus	12693	46.036	16	14	0.001
643	archiepiscopus	3644	13.216	10	10	0.001
644	coram2	4891	17.739	11	10	0.001
645	frater	19042	69.063	21	17	0.001
646	angelus	8495	30.81	14	8	0.001
647	presumo	4746	17.213	11	9	0.001
648	inchoo	1018	3.692	9	8	0.001
649	subsequor	1534	5.564	9	8	0.001
650	emendo	1716	6.224	9	8	0.001
651	concludo	1222	4.432	9	7	0.001
652	celum	17298	62.737	20	15	0.001
653	pereo	5041	18.283	11	8	0.001
654	auctus1	141	0.511	8	8	0.001
655	marca2	1320	4.787	9	8	0.001
656	peccatum	26411	95.789	25	23	0.001
657	peritus	383	1.389	8	8	0.001
658	ultimus	1647	5.973	9	6	0.001
659	custos	1686	6.115	9	3	0.001
660	subiungo	2534	9.19	10	9	0.001
661	plenus	5158	18.707	11	11	0.001
662	preterea	1228	4.454	9	8	0.001
663	ratio	9036	32.772	14	12	0.001
664	adhuc	7383	26.777	12	12	0.001
665	moueo	3885	14.09	10	5	0.001
666	dignus	8471	30.723	13	11	0.001
667	adiutorium	1440	5.223	8	7	0.001
668	hostis	6567	23.818	11	10	0.001
669	at	3787	13.735	10	7	0.001
670	condio	1216	4.41	8	8	0.001
671	sensum	2419	8.773	9	9	0.001
672	nequaquam	3283	11.907	9	9	0.001
673	compleo	2602	9.437	9	9	0.001
674	tabula	1046	3.794	8	7	0.001
675	18	904	3.279	8	7	0.001
676	predico1	7881	28.583	12	11	0.001
677	similis	5541	20.096	11	7	0.001
678	nusquam	679	2.463	8	7	0.001
679	pateo	2889	10.478	9	9	0.001
680	reddo	8605	31.209	13	10	0.001
681	diabolus	7654	27.76	12	11	0.001
682	perfectio	2371	8.599	9	7	0.001
683	precedo	2652	9.618	9	8	0.001
684	procedo	4218	15.298	10	5	0.001
685	considero	2835	10.282	9	7	0.001
686	dispositio	1251	4.537	8	4	0.001
687	permaneo	4808	17.438	10	8	0.001
688	prout	1383	5.016	8	8	0.001
689	saluator	5664	20.543	11	8	0.001
690	lux	6916	25.083	12	11	0.001
691	numero1	789	2.862	8	8	0.001
692	psalterium	548	1.988	8	8	0.001
693	numquid	2751	9.978	9	8	0.001
694	editio	686	2.488	8	7	0.001
695	uirginitas	798	2.894	8	5	0.001
696	adicio	1383	5.016	8	6	0.001
697	postulo	2606	9.452	9	6	0.001
698	canonica1	512	1.857	8	6	0.001
699	comburo	614	2.227	8	6	0.001
700	supra1	2964	10.75	9	9	0.001
701	longe	3815	13.836	10	9	0.001
702	nihil	13404	48.614	16	15	0.001
703	octauum2	1007	3.652	8	8	0.001
704	presto2	3023	10.964	9	9	0.001
705	quantum	5680	20.601	11	10	0.001
706	confirmo	4512	16.364	10	10	0.001
707	termino	660	2.394	9	5	0.001
708	appareo	6162	22.349	11	11	0.001
709	credo2	21895	79.41	20	16	0.001
710	paruus	6579	23.861	10	10	0.001
711	postquam	4115	14.925	9	9	0.001
712	lasciuus2	12	0.044	7	6	0.001
713	plus2	927	3.362	7	7	0.001
714	soleo	4683	16.985	9	9	0.001
715	tango	2645	9.593	8	8	0.001
716	textus	353	1.28	7	5	0.001
717	capio1	5156	18.7	10	9	0.001
718	copiosus	696	2.524	7	5	0.001
719	diaconus	3974	14.413	9	7	0.001
720	insignis	836	3.032	7	6	0.001
721	legens	492	1.784	7	7	0.001
722	custodio2	4080	14.798	9	8	0.001
723	tot	1684	6.108	8	6	0.001
724	ideo	14608	52.981	15	15	0.001
725	penite	2590	9.394	8	8	0.001
726	postmodo	1777	6.445	8	7	0.001
727	diuido	3443	12.487	9	8	0.001
728	hora	11585	42.017	13	12	0.001
729	manicheius	282	1.023	7	6	0.001
730	seruo	7349	26.654	11	10	0.001
731	modo2	10590	38.408	13	12	0.001
732	edoceo	804	2.916	7	6	0.001
733	uisio	2627	9.528	8	6	0.001
734	premium2	90	0.326	7	7	0.001
735	humanus1	10590	38.408	13	11	0.001
736	scottus	314	1.139	7	3	0.001
737	nepos	973	3.529	7	5	0.001
738	occurro	2152	7.805	8	7	0.001
739	prescientia	969	3.514	7	5	0.001
740	legalis	771	2.796	7	6	0.001
741	monstro	2257	8.186	8	7	0.001
742	curo	3637	13.191	9	8	0.001
743	narratio	638	2.314	7	7	0.001
744	nimirum	2607	9.455	8	8	0.001
745	tollo	2793	10.13	8	5	0.001
746	natiuitas	2360	8.559	8	8	0.001
747	hamus	357	1.295	7	5	0.001
748	magnitudo	1705	6.184	8	7	0.001
749	20	764	2.771	7	5	0.001
750	facile	2448	8.879	8	8	0.001
751	conscientia	2496	9.053	8	8	0.001
752	cultus2	2356	8.545	8	8	0.001
753	translatio	840	3.047	7	6	0.001
754	episcopatus	1692	6.137	8	7	0.001
755	abscondo	2190	7.943	8	8	0.001
756	huiusmodi	4354	15.791	9	9	0.001
757	rectus	7826	28.384	11	9	0.001
758	commendo	3669	13.307	9	9	0.001
759	sex	2330	8.451	9	6	0.001
760	obscurus	803	2.912	7	7	0.001
761	pando1	479	1.737	7	6	0.001
762	patriarcha	2486	9.016	8	7	0.001
763	meus	41617	150.939	31	22	0.001
764	paradisus	1879	6.815	8	4	0.001
765	elegans	139	0.504	7	5	0.001
766	apologeticus	58	0.21	7	6	0.001
767	saltem	1600	5.803	8	8	0.001
768	scruto	677	2.455	7	7	0.001
769	octoginta	384	1.393	7	7	0.001
770	eloquium	2486	9.016	8	8	0.001
771	historicus2	42	0.152	7	4	0.001
772	aurum	2563	9.296	8	8	0.001
773	christiana	300	1.088	7	5	0.001
774	retineo	2244	8.139	8	8	0.001
775	magister2	3647	13.227	9	9	0.001
776	sufficio	2918	10.583	8	8	0.001
777	differentia	1173	4.254	7	7	0.001
778	coniungo	2118	7.682	7	7	0.001
779	uirtus	20802	75.446	17	16	0.001
780	modus	5285	19.168	9	9	0.001
781	mundus2	15073	54.668	14	13	0.001
782	efficio	3399	12.328	8	8	0.001
783	uester	24118	87.472	18	15	0.001
784	philosophicus	98	0.355	6	4	0.001
785	arbitror	1750	6.347	7	7	0.001
786	redemptor	2043	7.41	7	5	0.001
787	error	5140	18.642	9	9	0.001
788	profecto	2155	7.816	7	7	0.001
789	materia1	1460	5.295	7	5	0.001
790	consolatio	1431	5.19	7	6	0.001
791	ecclesiastes2	103	0.374	6	5	0.001
792	permitto	4066	14.747	8	8	0.001
793	quapropter	2248	8.153	7	6	0.001
794	pleuio	72	0.261	6	5	0.001
795	ago	19103	69.284	16	15	0.001
796	antapodosis	16	0.058	6	2	0.001
797	indicium	1176	4.265	7	7	0.001
798	cano	1386	5.027	7	7	0.001
799	uirgo	7058	25.598	10	10	0.001
800	unusquisque	6766	24.539	10	10	0.001
801	aptus	1413	5.125	7	7	0.001
802	indo	275	0.997	6	5	0.001
803	comes	4465	16.194	8	6	0.001
804	condicio	1847	6.699	7	7	0.001
805	mulier	6577	23.854	9	8	0.001
806	deinde	5323	19.306	9	9	0.001
807	uestis	2231	8.092	8	7	0.001
808	33	246	0.892	6	2	0.001
809	uix	1790	6.492	7	7	0.001
810	quondam	2085	7.562	7	7	0.001
811	dogma	1640	5.948	7	6	0.001
812	tripartitus	98	0.355	6	5	0.001
813	grece	1158	4.2	7	5	0.001
814	augustus1	3199	11.602	8	8	0.001
815	breuis1	1545	5.604	7	7	0.001
816	creatura	4120	14.943	8	7	0.001
817	didymus	71	0.258	6	6	0.001
818	uenio	11378	41.266	12	9	0.001
819	predicatio	4273	15.498	8	6	0.001
820	ieiunium	2383	8.643	8	7	0.001
821	casa	14857	53.884	14	12	0.001
822	decerpo	123	0.446	6	6	0.001
823	olim	2184	7.921	7	7	0.001
824	utilis	1632	5.919	7	7	0.001
825	approbo	1107	4.015	7	7	0.001
826	pulcher	1486	5.39	7	7	0.001
827	decretum	2986	10.83	8	3	0.001
828	necnon	1487	5.393	7	7	0.001
829	falsus	3326	12.063	8	7	0.001
830	gero	5597	20.3	9	9	0.001
831	ingenium	1372	4.976	7	5	0.001
832	conditor	1584	5.745	7	7	0.001
833	arca	2348	8.516	7	7	0.001
834	impleo	6026	21.855	9	9	0.001
835	discutio	1125	4.08	7	6	0.001
836	uos	35822	129.921	25	21	0.001
837	augeo	1598	5.796	7	6	0.001
838	mirabilis	1182	4.287	7	6	0.001
839	dictum	3527	12.792	8	8	0.001
840	figura	2940	10.663	8	7	0.001
841	seculum	10696	38.793	12	12	0.001
842	orthodoxus	915	3.319	6	5	0.001
843	typus	863	3.13	6	6	0.001
844	agon	514	1.864	6	5	0.001
845	pronuntio	1150	4.171	6	6	0.001
846	puer	3939	14.286	7	7	0.001
847	deuoro	1004	3.641	6	5	0.001
848	dubito	2518	9.132	7	7	0.001
849	episcopalis	1126	4.084	6	5	0.001
850	consedeo	1723	6.249	6	5	0.001
851	accedo	3956	14.348	7	6	0.001
852	repeto	1585	5.749	6	6	0.001
853	mereo1	3403	12.342	7	7	0.001
854	excedo	947	3.435	6	6	0.001
855	pius	8035	29.142	9	9	0.001
856	reseruo	1179	4.276	6	6	0.001
857	denarius2	900	3.264	6	4	0.001
858	excipio	1684	6.108	6	6	0.001
859	urbs	7688	27.883	9	9	0.001
860	prudenter	530	1.922	6	5	0.001
861	breuitas	454	1.647	6	6	0.001
862	creber	619	2.245	6	5	0.001
863	terra	26620	96.547	17	12	0.001
864	dominicus1	5771	20.931	8	5	0.001
865	en	491	1.781	6	5	0.001
866	filia	3952	14.333	7	4	0.001
867	recenseo	341	1.237	6	5	0.001
868	transeo	5664	20.543	8	7	0.001
869	passio	7106	25.772	9	8	0.001
870	alibi	2804	10.17	7	7	0.001
871	puto	7002	25.395	9	9	0.001
872	sto	5540	20.093	8	8	0.001
873	tandem	2476	8.98	7	5	0.001
874	transmitto	1001	3.631	6	6	0.001
875	percutio	3314	12.019	7	5	0.001
876	uxor	6105	22.142	8	8	0.001
877	floreo	1019	3.696	6	6	0.001
878	querio	3799	13.778	7	7	0.001
879	cupio	3148	11.417	7	7	0.001
880	studiosus1	922	3.344	6	6	0.001
881	panis	5422	19.665	8	8	0.001
882	propterea	3112	11.287	7	7	0.001
883	clericus2	5231	18.972	8	7	0.001
884	complecto	487	1.766	6	4	0.001
885	eligo	7355	26.676	9	8	0.001
886	uox	10981	39.827	10	9	0.001
887	argumentum	1407	5.103	6	6	0.001
888	collatio	313	1.135	6	5	0.001
889	nobilis	2434	8.828	7	7	0.001
890	orno	1621	5.879	6	6	0.001
891	eternus	16006	58.051	13	13	0.001
892	unitas	3431	12.444	7	6	0.001
893	colloco	1182	4.287	6	4	0.001
894	designo	3799	13.778	7	7	0.001
895	testa	1003	3.638	6	5	0.001
896	circa2	3449	12.509	7	7	0.001
897	lateo	1456	5.281	6	6	0.001
898	stilus	593	2.151	6	6	0.001
899	tamquam	5612	20.354	8	7	0.001
900	uerum1	7601	27.568	9	8	0.001
901	expando2	351	1.273	6	3	0.001
902	uocatio	938	3.402	6	3	0.001
903	flagito	402	1.458	6	5	0.001
904	imago	5453	19.777	8	4	0.001
905	clarus	2977	10.797	7	7	0.001
906	conuenio	5358	19.433	8	8	0.001
907	nempe	785	2.847	6	6	0.001
908	theologia	298	1.081	6	3	0.001
909	solummodo	1434	5.201	6	5	0.001
910	documentum	740	2.684	6	6	0.001
911	100	3493	12.669	7	7	0.001
912	fors	5763	20.902	8	7	0.001
913	insinuo	1739	6.307	6	6	0.001
914	ceterum	1120	4.062	6	6	0.001
915	lucus1	1321	4.791	6	4	0.001
916	ornamentum	854	3.097	6	5	0.001
917	uenerandus	1363	4.943	6	5	0.001
918	perpetuus	4114	14.921	7	7	0.001
919	animus	7777	28.206	9	9	0.001
920	hactenus	1334	4.838	6	6	0.001
921	quinquaginta	873	3.166	6	6	0.001
922	relego1	443	1.607	6	6	0.001
923	lapis	4057	14.714	7	5	0.001
924	congruus	1478	5.361	6	6	0.001
925	consummo	1759	6.38	6	6	0.001
926	diu	2832	10.271	6	6	0.001
927	edissero	150	0.544	5	5	0.001
928	perspicio	704	2.553	5	4	0.001
929	pluralis	369	1.338	5	4	0.001
930	extremus	1915	6.945	6	6	0.001
931	reuera	711	2.579	5	5	0.001
932	necessarius1	3575	12.966	6	6	0.001
933	penuria	258	0.936	5	4	0.001
934	peruenio	6747	24.47	8	7	0.001
935	uocabulum	1799	6.525	6	6	0.001
936	georgicus	7	0.025	5	4	0.001
937	illustris1	35	0.127	5	5	0.001
938	industria	821	2.978	5	5	0.001
939	contrarius	3386	12.281	6	6	0.001
940	struo	2489	9.027	6	6	0.001
941	aduentus	3564	12.926	6	6	0.001
942	precapio	3522	12.774	6	5	0.001
943	flosculus	49	0.178	5	5	0.001
944	prenoto	189	0.686	5	5	0.001
945	clausula	78	0.283	5	5	0.001
946	moneo	2562	9.292	6	5	0.001
947	porrigo1	778	2.822	5	5	0.001
948	ianuarius	796	2.887	5	4	0.001
949	aufero	5062	18.359	7	7	0.001
950	ipse1	9945	36.069	9	9	0.001
951	sacro	789	2.862	5	5	0.001
952	separo	2582	9.365	6	4	0.001
953	subicio	3002	10.888	6	6	0.001
954	synodalis1	460	1.668	5	3	0.001
955	elogium	190	0.689	5	5	0.001
956	pelagium	59	0.214	5	2	0.001
957	addo	4603	16.694	7	6	0.001
958	historicus1	253	0.918	5	5	0.001
959	aris	100	0.363	5	5	0.001
960	instrumentum	566	2.053	5	5	0.001
961	quotienscumque	293	1.063	5	5	0.001
962	charta	720	2.611	5	4	0.001
963	collectio	423	1.534	5	5	0.001
964	nolo	10171	36.889	9	7	0.001
965	edificatio	764	2.771	5	1	0.001
966	ethereus	449	1.629	5	1	0.001
967	publicus1	3571	12.952	6	6	0.001
968	intellectus	3313	12.016	6	5	0.001
969	sapiens	3554	12.89	6	6	0.001
970	pentateuchum	50	0.181	5	4	0.001
971	potestas	9926	36	9	8	0.001
972	anterior	306	1.11	5	5	0.001
973	astipulor	68	0.247	5	4	0.001
974	quattuordecim	277	1.005	5	4	0.001
975	celebro	4605	16.702	7	7	0.001
976	recondo	566	2.053	5	5	0.001
977	cito2	539	1.955	5	4	0.001
978	liceo	4265	15.469	7	7	0.001
979	sedecim	187	0.678	5	3	0.001
980	uaro2	52	0.189	5	5	0.001
981	philos	27	0.098	5	4	0.001
982	fastus1	43	0.156	5	4	0.001
983	repetitio	249	0.903	5	4	0.001
984	consentio	3040	11.026	6	4	0.001
985	monasterium	10117	36.693	9	8	0.001
986	solidus2	706	2.561	5	5	0.001
987	oraculum	731	2.651	5	5	0.001
988	ubicumque	895	3.246	5	5	0.001
989	subdiaconus	405	1.469	5	3	0.001
990	pariter	3123	11.327	6	6	0.001
991	ueneo	18864	68.417	13	10	0.001
992	descendo	4258	15.443	7	6	0.001
993	partio1	380	1.378	5	5	0.001
994	figurate	355	1.288	5	3	0.001
995	pretitulo	53	0.192	5	5	0.001
996	hodie	2363	8.57	6	5	0.001
997	relego2	428	1.552	5	5	0.001
998	contemptor	343	1.244	5	2	0.001
999	crimen	3459	12.545	6	6	0.001
1000	decalogus	377	1.367	5	4	0.001
1001	differo	2004	7.268	6	6	0.001
1002	ualde	3126	11.338	6	6	0.001
1003	persus	526	1.908	5	5	0.001
1004	recito	711	2.579	5	5	0.001
1005	reuoluo	427	1.549	5	5	0.001
1006	testis	2836	10.286	6	6	0.001
1007	26	385	1.396	5	4	0.001
1008	uulgo2	258	0.936	5	4	0.001
1009	prauus	2846	10.322	6	6	0.001
1010	rogo	4419	16.027	7	7	0.001
1011	consensus	2152	7.805	6	6	0.001
1012	mensis	6191	22.454	7	6	0.001
1013	multoties	261	0.947	5	3	0.001
1014	solido	365	1.324	5	3	0.001
1015	32	260	0.943	5	3	0.001
1016	philosophus1	217	0.787	5	5	0.001
1017	inuentio	266	0.965	5	5	0.001
1018	suscipio	10308	37.386	9	9	0.001
1019	eruditio	536	1.944	5	5	0.001
1020	aduocatus	710	2.575	5	3	0.001
1021	etenim	2603	9.441	6	6	0.001
1022	idolum	2982	10.815	6	6	0.001
1023	computo	842	3.054	5	5	0.001
1024	miro	1905	6.909	6	6	0.001
1025	taceo	2071	7.511	5	4	0.001
1026	exinde	1244	4.512	5	5	0.001
1027	appeto	1859	6.742	5	5	0.001
1028	columna	1084	3.932	5	4	0.001
1029	securus	1425	5.168	5	5	0.001
1030	culpa	2844	10.315	5	4	0.001
1031	nuncupo	1437	5.212	5	4	0.001
1032	abeo	2123	7.7	5	4	0.001
1033	rector	1719	6.235	5	5	0.001
1034	rite	1043	3.783	5	4	0.001
1035	ob	5009	18.167	6	6	0.001
1036	perduco	2286	8.291	5	5	0.001
1037	impius	4519	16.39	6	6	0.001
1038	benedico	4618	16.749	6	6	0.001
1039	quodammodo	1085	3.935	5	4	0.001
1040	consequor	2491	9.035	5	5	0.001
1041	tego	1320	4.787	5	5	0.001
1042	ullus	4970	18.026	6	6	0.001
1043	fere	991	3.594	5	5	0.001
1044	preceptum	7062	25.613	7	7	0.001
1045	bonum	2097	7.606	5	5	0.001
1046	regius	2771	10.05	5	4	0.001
1047	minus	3836	13.913	6	6	0.001
1048	doleo	1861	6.75	5	4	0.001
1049	prohibeo	3670	13.311	6	6	0.001
1050	congruo	1071	3.884	5	5	0.001
1051	paruulus2	990	3.591	5	5	0.001
1052	ueraciter	1702	6.173	5	5	0.001
1053	exilium	1097	3.979	5	4	0.001
1054	uniuersalis	1824	6.615	5	4	0.001
1055	extra2	2294	8.32	5	4	0.001
1056	adhibeo	1665	6.039	5	5	0.001
1057	haud	998	3.62	5	5	0.001
1058	colo2	2118	7.682	5	4	0.001
1059	contendo	1681	6.097	5	5	0.001
1060	statim	2835	10.282	5	5	0.001
1061	difficilis	1097	3.979	5	5	0.001
1062	adiungo	1545	5.604	5	5	0.001
1063	principatus	1194	4.331	5	2	0.001
1064	canonicus1	1154	4.185	5	4	0.001
1065	remaneo	2821	10.231	5	4	0.001
1066	decurro	1098	3.982	5	5	0.001
1067	oporteo	5575	20.22	6	6	0.001
1068	expedio	1001	3.631	5	5	0.001
1069	qualiter	3848	13.956	6	6	0.001
1070	sol	5333	19.342	6	6	0.001
1071	discipulus	4540	16.466	6	6	0.001
1072	femen	1741	6.314	5	5	0.001
1073	foris1	1679	6.09	5	5	0.001
1074	gradus	2977	10.797	5	5	0.001
1075	longus	2662	9.655	5	5	0.001
1076	apostolicus	9163	33.233	7	7	0.001
1077	medicus2	1043	3.783	5	5	0.001
1078	species	4029	14.613	6	6	0.001
1079	adhereo	1505	5.458	5	5	0.001
1080	melius	2662	9.655	5	4	0.001
1081	mirus	2751	9.978	5	5	0.001
1082	spiro	1127	4.088	5	5	0.001
1083	pascha	2667	9.673	5	2	0.001
1084	!	3970	14.399	6	6	0.001
1085	antea	1450	5.259	5	5	0.001
1086	hereo	1183	4.291	5	5	0.001
1087	indigeo	1443	5.234	5	5	0.001
1088	intentio	2591	9.397	5	3	0.001
1089	caueo	2277	8.258	5	5	0.001
1090	continuo1	1367	4.958	5	4	0.001
1091	deuotio	2396	8.69	5	5	0.001
1092	duco	7756	28.13	7	7	0.001
1093	pondus	1722	6.245	5	4	0.001
1094	propheto	1207	4.378	5	5	0.001
1095	qualis	4107	14.896	6	6	0.001
1096	queo	1026	3.721	5	4	0.001
1097	reprehendo	1473	5.342	5	5	0.001
1098	conseruo	2483	9.006	5	4	0.001
1099	mons	6752	24.489	7	7	0.001
1100	demon	2421	8.781	5	5	0.001
1101	notus	1790	6.492	5	5	0.001
1102	precipio	4246	15.4	6	5	0.001
1103	respicio	2660	9.647	5	4	0.001
1104	mora1	3957	14.352	6	6	0.001
1105	sono	1514	5.491	5	5	0.001
1106	nitor1	1313	4.762	5	5	0.001
1107	undique	1251	4.537	5	4	0.001
1108	adeo1	1586	5.752	5	5	0.001
1109	predestino	2670	9.684	5	4	0.001
1110	proinde	1159	4.204	5	5	0.001
1111	insuper1	1715	6.22	5	5	0.001
1112	medium	1199	4.349	5	5	0.001
1113	uniuersi	4770	17.3	5	5	0.001
1114	quatenus	4354	15.791	5	5	0.001
1115	statuo	3172	11.504	5	5	0.001
1116	omnino	4403	15.969	5	5	0.001
1117	uanitas	959	3.478	5	4	0.001
1118	potius	4633	16.803	5	5	0.001
1119	dedo	5825	21.126	5	5	0.001
1120	dux1	4842	17.561	5	5	0.001
1121	forma	4151	15.055	5	5	0.001
1122	amicus2	3053	11.073	5	5	0.001
1123	certus	4360	15.813	5	5	0.001
1124	concedo	5214	18.91	5	5	0.001
1125	quisquam	3862	14.007	5	5	0.001
1126	neco	4303	15.606	5	5	0.001
1127	absque	4330	15.704	5	5	0.001
1128	prius	6813	24.71	6	4	0.001
1129	semper	14444	52.386	8	8	0.001
1130	fidelis	12503	45.347	7	7	0.001
1131	proficio	3874	14.05	5	5	0.001
1132	ira	3684	13.361	5	2	0.001
1133	oculus	9410	34.129	7	7	0.001
1134	agnosco	3424	12.418	5	4	0.001
1135	cado	4445	16.121	5	5	0.001
1136	domus	13754	49.884	8	8	0.001
1137	existimo	3501	12.698	5	5	0.001
1138	princeps	10481	38.013	7	7	0.001
1139	honor	9422	34.172	7	7	0.001
1140	malus1	7711	27.967	6	6	0.001
1141	sine	17513	63.517	9	8	0.001
1142	mox	4291	15.563	5	5	0.001
1143	admoneo	3156	11.446	5	4	0.001
1144	sedes	9426	34.187	6	5	0.001
1145	tribuo	3915	14.199	5	5	0.001
1146	iudico	9448	34.267	6	6	0.001
1147	communis	4075	14.779	5	4	0.001
1148	ordino	5530	20.057	5	5	0.001
1149	placeo	6145	22.287	6	6	0.001
1150	regno	4305	15.614	5	4	0.001
1151	nascor	7022	25.468	6	6	0.001
1152	dolor	3540	12.839	5	5	0.001
1153	pena	5506	19.969	5	5	0.001
1154	mens	14696	53.3	7	7	0.001
1155	uoluntas	11264	40.853	6	5	0.001
1156	oro	5945	21.562	5	5	0.001
1157	crux	6277	22.766	5	5	0.001
1158	summus	6483	23.513	5	5	0.001
1159	diligo	9322	33.81	5	5	0.001
1160	ius1	6001	21.765	5	5	0.001
1161	pecco	6588	23.894	5	4	0.001
1162	domina	8868	32.163	5	5	0.001
1163	futurus	9511	34.495	5	5	0.001
1164	cepio	6008	21.79	5	5	0.001
1165	morior	8639	31.332	5	5	0.001
1166	caritas	10145	36.794	5	3	0
1167	aqua	10006	36.29	5	5	0
1168	gloria	11706	42.456	5	5	0
1169	cor	20900	75.801	7	7	0
1170	caro2	18153	65.838	6	6	0
