"No."	"lemma"	"Total no. in this subcorpus"	"Expected collocate frequency"	"Observed collocate frequency"	"In no. of texts"
1	","	2210261	"8016.289"	6686	591
2	"in"	463796	"1682.119"	5543	485
3	"."	894868	"3245.554"	4209	449
4	"-"	356744	"1293.858"	3292	399
5	"et"	725333	"2630.675"	2118	402
6	"de"	136672	"495.689"	2086	342
7	"qui2"	510903	"1852.969"	1922	391
8	"sum"	524045	"1900.634"	1457	336
9	":"	232010	"841.466"	1404	243
10	"idem2"	43462	"157.63"	766	165
11	"hic3"	167450	"607.316"	764	237
12	"scribo1"	20693	"75.05"	692	214
13	"--"	164067	"595.047"	630	214
14	"ut"	168062	"609.536"	587	171
15	"ex"	66613	"241.596"	544	184
16	"is2"	288636	"1046.84"	505	214
17	"rex"	31400	"113.883"	492	122
18	"sanctus1"	70547	"255.864"	486	141
19	"dico3"	128642	"466.566"	477	142
20	"primus"	14793	"53.652"	435	177
21	"lego2"	9617	"34.879"	422	175
22	"ad"	177121	"642.392"	422	181
23	";"	116352	"421.992"	398	151
24	"secundus"	7209	"26.146"	361	159
25	"beatus"	22102	"80.161"	360	120
26	"item"	9686	"35.13"	341	57
27	"a"	138248	"501.405"	315	182
28	"unus"	37779	"137.019"	308	74
29	"caput"	17026	"61.751"	308	92
30	"suus"	117610	"426.554"	302	133
31	"non"	212441	"770.492"	301	157
32	"sicut"	41928	"152.067"	281	119
33	"tertius"	7799	"28.286"	266	116
34	"omnis"	114016	"413.519"	250	139
35	"ille2"	110466	"400.644"	247	136
36	"diuinus1"	20429	"74.093"	244	122
37	"ipse2"	84491	"306.436"	230	131
38	"lex"	23038	"83.555"	226	98
39	"numerus"	8610	"31.227"	223	71
40	"capitulum"	3551	"12.879"	212	58
41	"uita"	30381	"110.187"	210	131
42	"quinque"	3634	"13.18"	201	76
43	"habeo"	59550	"215.979"	196	111
44	"si"	77083	"279.569"	196	98
45	"deus"	140088	"508.078"	193	99
46	"quia"	98686	"357.92"	188	89
47	"sed"	101708	"368.88"	184	119
48	"quartus"	4056	"14.711"	182	86
49	"quattuor"	5642	"20.463"	179	71
50	"que"	76595	"277.799"	179	109
51	"euangelium"	10708	"38.836"	174	77
52	"enim"	66589	"241.508"	174	97
53	"historia"	2949	"10.696"	170	82
54	"ita"	28529	"103.471"	170	87
55	"incipio"	3936	"14.275"	169	76
56	"("	30251	"109.716"	167	72
57	"per"	98723	"358.054"	163	106
58	"liber1"	12354	"44.806"	162	39
59	"quod"	53580	"194.327"	159	91
60	"contra2"	15581	"56.51"	154	54
61	"etiam"	39518	"143.326"	148	95
62	"duo"	16653	"60.398"	145	78
63	"propheta"	14538	"52.727"	145	69
64	"inter"	18369	"66.622"	145	70
65	"facio"	73916	"268.082"	144	104
66	"alius"	47026	"170.556"	143	89
67	"ecclesiasticus1"	5501	"19.951"	143	77
68	"autem"	64914	"235.434"	140	78
69	"unde"	25621	"92.924"	139	69
70	"uel"	61906	"224.524"	137	76
71	"atque"	64010	"232.155"	136	89
72	"cum1"	70084	"254.184"	135	95
73	"iste2"	20938	"75.939"	133	81
74	"nomen"	25313	"91.807"	131	87
75	"sapientia"	8726	"31.648"	131	78
76	"finis"	10813	"39.217"	131	69
77	1	3478	"12.614"	130	53
78	"decimus"	1884	"6.833"	130	39
79	"cum2"	48101	"174.455"	127	83
80	"dominus"	89984	"326.359"	126	82
81	"nec"	57170	"207.347"	126	78
82	"ciuitas"	12845	"46.587"	124	50
83	"genesis"	802	"2.909"	124	76
84	"moralis"	382	"1.386"	123	40
85	"quoque"	16521	"59.919"	122	70
86	"uerbum"	27300	"99.013"	118	71
87	"?"	41969	"152.215"	116	60
88	"quidam"	24360	"88.35"	116	78
89	"trinitas"	4195	"15.215"	116	38
90	"quintus"	2584	"9.372"	113	52
91	"homo"	47745	"173.164"	112	48
92	"iudex"	5361	"19.444"	110	51
93	"possum"	56956	"206.571"	104	81
94	"inuenio"	15419	"55.922"	103	76
95	"noster"	59504	"215.812"	103	72
96	"fides"	30182	"109.466"	103	51
97	"tres"	11031	"40.008"	102	61
98	"contineo"	4468	"16.205"	102	70
99	")"	30262	"109.756"	101	71
100	"aperio"	4103	"14.881"	101	46
101	"septimus1"	2325	"8.432"	96	50
102	"uideo"	45783	"166.048"	96	64
103	"siue"	22976	"83.331"	94	62
104	"quis"	41464	"150.384"	93	59
105	"pater"	42897	"155.581"	93	61
106	"se"	80262	"291.098"	92	65
107	"seruus2"	9225	"33.458"	92	60
108	"multus"	21416	"77.673"	90	63
109	"bonus"	26208	"95.053"	90	36
110	"locus"	27046	"98.092"	89	60
111	"sanctus2"	10126	"36.726"	88	43
112	"sententia"	8224	"29.827"	87	49
113	"quam"	41978	"152.248"	86	67
114	"apostolus"	27482	"99.673"	86	46
115	"opus1"	24361	"88.354"	85	57
116	"episcopus"	33792	"122.559"	85	52
117	"predestinatio"	2248	"8.153"	84	26
118	"christus"	59315	"215.127"	83	53
119	"ego"	60664	"220.019"	82	58
120	"uero1"	35931	"130.316"	81	64
121	"ubi"	18833	"68.305"	81	62
122	"accipio"	20568	"74.597"	80	40
123	"testamentum"	4862	"17.634"	80	44
124	"ambrosius"	976	"3.54"	78	32
125	"uetus"	4403	"15.969"	78	49
126	"tuus"	47270	"171.441"	78	57
127	"deleo"	1477	"5.357"	76	47
128	"epistola"	8199	"29.737"	75	44
129	"prefatus1"	3657	"13.263"	75	34
130	"nam"	23565	"85.467"	73	45
131	"sacer"	11163	"40.487"	73	56
132	"narro"	3019	"10.95"	73	34
133	"appello1"	6044	"21.921"	72	33
134	"pono"	17333	"62.864"	72	44
135	"sequor"	15585	"56.525"	72	48
136	"hic1"	15083	"54.704"	71	48
137	"prior"	4247	"15.403"	70	27
138	"sermo"	9216	"33.425"	70	41
139	"spiritus"	31474	"114.152"	70	29
140	"regnum"	16889	"61.254"	69	39
141	"nos"	57619	"208.976"	69	48
142	"aio"	18645	"67.623"	69	41
143	"lectio"	2600	"9.43"	68	36
144	"ostendo"	14357	"52.071"	68	39
145	"scriptura"	9540	"34.6"	67	43
146	"prefatio"	628	"2.278"	66	39
147	"secundum1"	20166	"73.139"	66	50
148	2	4069	"14.758"	66	39
149	"exodium"	598	"2.169"	65	39
150	"uolumen"	1144	"4.149"	64	36
151	"ergo1"	29670	"107.609"	64	45
152	"uicesimus"	821	"2.978"	63	23
153	3	4170	"15.124"	63	36
154	"iam"	20595	"74.695"	63	47
155	"psalmus"	6551	"23.76"	63	37
156	4	3774	"13.688"	63	37
157	"super"	23579	"85.518"	62	42
158	"pro"	43480	"157.696"	62	45
159	"conscribo"	1267	"4.595"	62	48
160	"aut"	34719	"125.921"	61	36
161	"actus"	3384	"12.273"	61	36
162	"ecclesia"	50122	"181.785"	60	43
163	"dialogus"	153	"0.555"	60	38
164	"lego1"	1284	"4.657"	59	43
165	"questio1"	1633	"5.923"	59	26
166	"pars"	17433	"63.227"	59	46
167	"reperio"	3975	"14.417"	58	41
168	"expono"	3296	"11.954"	58	39
169	"prosper"	1612	"5.847"	56	16
170	"doctor"	5048	"18.308"	56	32
171	"tempus"	29849	"108.258"	56	43
172	"compono"	2568	"9.314"	56	40
173	"magnus"	24102	"87.414"	56	46
174	"generatio"	2678	"9.713"	56	29
175	"refero"	6201	"22.49"	55	42
176	"edo2"	1164	"4.222"	55	42
177	"ceterus"	13284	"48.179"	54	40
178	"tu"	47761	"173.222"	54	45
179	"memoro"	3082	"11.178"	54	24
180	"totus"	19267	"69.879"	53	44
181	"filius"	50031	"181.455"	53	41
182	"testimonium"	6030	"21.87"	53	38
183	"sic"	22224	"80.603"	53	45
184	"aliquis"	23119	"83.849"	52	42
185	"nouus"	9489	"34.415"	52	38
186	"demonstro"	4132	"14.986"	51	37
187	"auctor"	4106	"14.892"	51	38
188	"leuiticus"	390	"1.415"	51	25
189	"hinc"	7125	"25.841"	51	29
190	"dies"	35444	"128.55"	51	33
191	"sexto"	655	"2.376"	50	27
192	"post2"	23168	"84.027"	50	37
193	"expositio"	1004	"3.641"	49	37
194	"superus"	2965	"10.754"	49	28
195	"usque"	24197	"87.759"	49	39
196	"apud"	14047	"50.946"	48	32
197	"fio"	22271	"80.774"	48	41
198	"res"	22399	"81.238"	48	43
199	"testor"	2767	"10.036"	48	40
200	"populus1"	22668	"82.214"	47	31
201	"sub"	14326	"51.958"	47	32
202	"intellego"	19060	"69.128"	46	33
203	"tamen"	22532	"81.72"	46	35
204	"nullus"	24241	"87.919"	46	38
205	"sacramentum"	5790	21	46	31
206	"prologus"	259	"0.939"	46	26
207	"gratia2"	23297	"84.495"	46	20
208	"annus"	23523	"85.314"	45	32
209	"commemoro"	1690	"6.129"	45	26
210	"mortuus"	6656	"24.14"	45	30
211	"nonus"	2221	"8.055"	45	25
212	"uiuo"	12684	"46.003"	45	33
213	"loquor"	15720	"57.014"	45	38
214	"uolo2"	23240	"84.288"	44	35
215	"pleniter"	1576	"5.716"	44	30
216	"deuteronomium"	394	"1.429"	43	26
217	"do"	28094	"101.893"	43	35
218	"perseuerantia"	551	"1.998"	43	8
219	"nauis"	1850	"6.71"	43	27
220	"describo"	2081	"7.548"	43	37
221	"septem"	4445	"16.121"	42	24
222	"explicit"	202	"0.733"	42	25
223	"beda"	1356	"4.918"	41	20
224	"signo"	2460	"8.922"	41	21
225	"religio"	3054	"11.076"	41	22
226	"sextus"	2095	"7.598"	40	27
227	"principium"	3225	"11.697"	40	27
228	"uir"	19443	"70.517"	40	38
229	"correptio"	703	"2.55"	40	8
230	5	3578	"12.977"	40	23
231	"mitto"	15279	"55.415"	40	33
232	"uis"	7470	"27.093"	39	20
233	"iuxta1"	11099	"40.254"	39	26
234	"manus2"	17027	"61.754"	39	30
235	"primum"	5850	"21.217"	39	30
236	"christianus1"	5821	"21.112"	38	33
237	"plures"	2957	"10.725"	38	22
238	"ordo"	10155	"36.831"	38	29
239	"enchiridion"	74	"0.268"	38	18
240	"ero"	26515	"96.166"	38	30
241	"prophetia"	1744	"6.325"	38	22
242	"antiquus"	4057	"14.714"	38	31
243	"tantum"	9319	"33.799"	38	25
244	"diuersus"	6111	"22.164"	38	33
245	"soluo"	4073	"14.772"	37	29
246	"teneo"	10923	"39.616"	36	29
247	"papa"	6029	"21.866"	36	28
248	"presens"	10088	"36.588"	36	19
249	"signum"	14316	"51.922"	36	32
250	"initium"	3538	"12.832"	36	27
251	"igitur"	11511	"41.749"	36	27
252	"antiquitas"	326	"1.182"	35	24
253	"exordium"	953	"3.456"	35	26
254	"apocalypsis"	859	"3.116"	35	26
255	"propheticus"	1117	"4.051"	35	24
256	"uerus"	13589	"49.285"	35	21
257	"singulus"	7284	"26.418"	35	21
258	"scriptor"	910	"3.3"	35	23
259	"apocryphicus"	162	"0.588"	35	15
260	"doctrina"	7028	"25.49"	35	28
261	"retractatio"	136	"0.493"	34	14
262	"audio"	20164	"73.132"	34	28
263	"recipio"	7846	"28.456"	34	28
264	"titulus"	1835	"6.655"	34	25
265	"quasi"	19683	"71.387"	34	26
266	"corpus"	25509	"92.517"	34	24
267	"gesta"	1158	"4.2"	33	23
268	"predictus"	5771	"20.931"	33	26
269	"aduersus2"	3751	"13.604"	33	25
270	"natura"	10944	"39.692"	33	17
271	"doceo"	10200	"36.994"	33	28
272	"quicumque"	9527	"34.553"	33	22
273	"debeo"	23501	"85.235"	33	25
274	"quomodo"	10295	"37.338"	33	25
275	"ne2"	26592	"96.445"	33	28
276	"hic2"	9598	"34.811"	32	27
277	"canon"	4285	"15.541"	32	24
278	"egredior"	3145	"11.406"	32	9
279	"tam"	10045	"36.432"	32	26
280	"uiginti"	2038	"7.392"	32	18
281	"quoniam"	16008	"58.059"	31	24
282	"littera"	7696	"27.912"	31	28
283	"quippe"	7694	"27.905"	31	21
284	"uidelicet"	10383	"37.658"	31	22
285	"memini"	1496	"5.426"	31	24
286	"meus"	41617	"150.939"	31	22
287	"pastoralis"	528	"1.915"	31	16
288	"quidem"	13370	"48.491"	30	27
289	"catholicus"	5746	"20.84"	30	19
290	"imperator"	8703	"31.565"	30	20
291	"similiter"	5771	"20.931"	30	25
292	"inscribo"	321	"1.164"	30	24
293	"anima"	20451	"74.173"	30	24
294	"propter"	17688	"64.152"	30	23
295	"itaque"	8518	"30.894"	29	23
296	"iudeus"	14110	"51.175"	29	24
297	"octauo"	691	"2.506"	29	21
298	"solum1"	10488	"38.038"	28	26
299	"trado"	8965	"32.515"	28	22
300	7	2452	"8.893"	28	15
301	"tum"	16556	"60.046"	28	23
302	"officium"	6002	"21.768"	28	22
303	"quando"	13356	"48.44"	28	22
304	"gentilis"	2574	"9.336"	28	23
305	"manifestus"	4330	"15.704"	28	23
306	"baptismum"	3341	"12.117"	28	18
307	"auctoritas"	8934	"32.402"	27	25
308	"proprius1"	13802	"50.058"	27	24
309	"commentarium"	286	"1.037"	27	17
310	"tricesimus"	620	"2.249"	27	9
311	"nunc"	13926	"50.508"	27	22
312	"synodus1"	5574	"20.216"	27	11
313	"hypomnesticon"	37	"0.134"	27	3
314	"profero"	4745	"17.209"	27	23
315	"miraculum"	1579	"5.727"	27	17
316	"tractatus"	659	"2.39"	27	23
317	10	2211	"8.019"	27	16
318	"significo"	10220	"37.066"	26	21
319	"solus1"	8953	"32.471"	26	24
320	"mors"	17655	"64.032"	26	22
321	"talis"	14475	"52.499"	26	24
322	"penitentia"	8009	"29.048"	26	14
323	"plurimus"	4294	"15.574"	26	24
324	"nisi"	22453	"81.434"	26	24
325	"iustitia"	11209	"40.653"	26	19
326	"codex"	2028	"7.355"	26	21
327	"paulus"	8919	"32.348"	25	20
328	"satis"	3302	"11.976"	25	19
329	"euangelista"	2646	"9.597"	25	19
330	"sequens"	1845	"6.692"	25	20
331	"scilicet"	11586	"42.021"	25	21
332	"colligo2"	3327	"12.067"	25	22
333	"mentio"	635	"2.303"	25	21
334	"paucus"	3823	"13.866"	25	17
335	"iustus"	15277	"55.407"	25	15
336	"fero"	7669	"27.814"	25	19
337	"peccatum"	26411	"95.789"	25	23
338	"duodecim"	2409	"8.737"	25	19
339	"sepe"	5477	"19.864"	25	18
340	"uos"	35822	"129.921"	25	21
341	"aperte"	2530	"9.176"	24	18
342	"copia"	1190	"4.316"	24	20
343	"homilia"	934	"3.388"	24	17
344	"monachus"	5525	"20.038"	24	16
345	"uoco"	13140	"47.657"	23	17
346	"confessio"	3889	"14.105"	23	15
347	"sumo"	4460	"16.176"	23	19
348	"disputo"	997	"3.616"	23	12
349	8	2494	"9.045"	23	15
350	"undecimus"	552	"2.002"	22	14
351	"inquio"	15058	"54.613"	22	17
352	"ueritas"	13939	"50.555"	22	16
353	"celestis"	9264	"33.599"	22	16
354	"manifesto2"	2626	"9.524"	22	10
355	"declaro"	1798	"6.521"	22	17
356	"sacerdos"	12795	"46.406"	22	21
357	"ante2"	12432	"45.089"	22	16
358	"memoria"	4810	"17.445"	22	21
359	"sedeo"	5409	"19.618"	22	15
360	"uersus2"	2043	"7.41"	22	19
361	"iste1"	2466	"8.944"	22	15
362	"dum"	18066	"65.523"	22	19
363	"fulgenter"	85	"0.308"	22	14
364	"alter"	10468	"37.966"	21	20
365	"institutio"	949	"3.442"	21	15
366	"iubeo"	9352	"33.918"	21	19
367	"canonicus2"	913	"3.311"	21	14
368	"moralia"	87	"0.316"	21	10
369	"dico1"	14166	"51.378"	21	17
370	"frater"	19042	"69.063"	21	17
371	"duodecimus"	433	"1.57"	21	13
372	"uterque"	7941	"28.801"	21	17
373	"heresis"	1462	"5.303"	21	12
374	"maxime"	3871	"14.04"	21	20
375	"diligenter"	2553	"9.259"	21	19
376	"areopagites"	117	"0.424"	21	6
377	"liber2"	4479	"16.245"	21	12
378	"scio"	13520	"49.035"	20	19
379	"nonnulli"	2400	"8.704"	20	18
380	"hebraicus"	973	"3.529"	20	11
381	"impono"	2579	"9.354"	20	10
382	"inde"	7879	"28.576"	20	18
383	"credo2"	21895	"79.41"	20	16
384	"supra2"	3902	"14.152"	20	14
385	"gratis"	946	"3.431"	20	6
386	"benedictus"	2312	"8.385"	20	6
387	"lector"	1435	"5.205"	20	17
388	"musaicus"	122	"0.443"	20	11
389	"celum"	17298	"62.737"	20	15
390	"sensus"	7122	"25.83"	20	19
391	"precedens"	704	"2.553"	20	13
392	"oratio"	8345	"30.266"	20	15
393	"integer"	2659	"9.644"	19	17
394	"iudicium"	15105	"54.784"	19	19
395	"ueteres"	678	"2.459"	19	16
396	"pontifex"	6896	"25.011"	19	18
397	"insero1"	1473	"5.342"	19	17
398	"respondeo"	7111	"25.791"	19	12
399	"bene"	8253	"29.932"	19	15
400	"breuiter"	1231	"4.465"	19	16
401	"distinguo"	963	"3.493"	19	17
402	"bellum"	3563	"12.923"	19	15
403	"octo1"	1632	"5.919"	19	15
404	"disco"	4055	"14.707"	19	19
405	"finio"	2137	"7.751"	19	17
406	"gens"	13090	"47.476"	19	12
407	"nemo"	6740	"24.445"	18	12
408	"uester"	24118	"87.472"	18	15
409	"aduersus3"	2204	"7.994"	18	4
410	"martyr"	7254	"26.309"	18	17
411	"laus"	6034	"21.884"	18	16
412	"denique"	3179	"11.53"	18	17
413	"an"	4310	"15.632"	18	12
414	"ibi"	10625	"38.535"	18	17
415	"iterum"	6856	"24.866"	18	16
416	"cognosco"	10858	"39.38"	18	16
417	"laudo"	4595	"16.665"	18	16
418	"disputatio"	600	"2.176"	18	12
419	"probo"	4948	"17.946"	18	18
420	"nosco"	9229	"33.472"	17	16
421	"exsto"	744	"2.698"	17	14
422	"octauus"	592	"2.147"	17	12
423	11	1487	"5.393"	17	14
424	"amen"	3393	"12.306"	17	17
425	"inuoluo"	652	"2.365"	17	7
426	"authenticus"	145	"0.526"	17	15
427	"capitularis1"	318	"1.153"	17	8
428	"mysterium"	5257	"19.066"	17	14
429	"explecto"	1331	"4.827"	17	17
430	"quisque"	7232	"26.229"	17	16
431	"uirtus"	20802	"75.446"	17	16
432	"canticus"	546	"1.98"	17	11
433	"decem"	3204	"11.62"	17	17
434	"offero"	7405	"26.857"	17	16
435	"examplum"	6710	"24.336"	17	13
436	"pontificalis"	546	"1.98"	17	6
437	"terra"	26620	"96.547"	17	12
438	"lapsi"	257	"0.932"	16	6
439	"cur"	3774	"13.688"	16	14
440	"edictum"	613	"2.223"	16	15
441	"explanatio"	217	"0.787"	16	11
442	"excerptio"	166	"0.602"	16	14
443	"quero"	8096	"29.363"	16	13
444	"concilium"	4771	"17.304"	16	13
445	"tantus"	12693	"46.036"	16	14
446	"constituo"	8682	"31.488"	16	15
447	"nihil"	13404	"48.614"	16	15
448	"postea"	4899	"17.768"	16	14
449	"abbas"	7157	"25.957"	16	14
450	"ago"	19103	"69.284"	16	15
451	"ascribo"	825	"2.992"	16	14
452	"scientia"	5333	"19.342"	16	15
453	"templum"	6987	"25.341"	16	9
454	"cunctus"	10019	"36.337"	16	13
455	12	2009	"7.286"	16	14
456	"nomino"	3089	"11.203"	16	15
457	"etymologia"	154	"0.559"	16	13
458	"regula1"	4311	"15.635"	15	12
459	"uenerabilis"	4191	"15.2"	15	14
460	"dimitto"	5627	"20.408"	15	13
461	"penitentialis"	200	"0.725"	15	5
462	"exhibeo"	3621	"13.133"	15	11
463	"reliquus"	5021	"18.21"	15	12
464	"studium"	4111	"14.91"	15	13
465	"comprehendo"	2619	"9.499"	15	14
466	"terminus"	2478	"8.987"	15	11
467	"hierarchia"	418	"1.516"	15	6
468	"assero1"	2209	"8.012"	15	15
469	"mille"	3852	"13.971"	15	12
470	"condo"	1272	"4.613"	15	14
471	"philosophus2"	726	"2.633"	15	13
472	"exeo"	4226	"15.327"	15	12
473	"exsisto"	6201	"22.49"	15	13
474	"ecce"	7576	"27.477"	15	12
475	"coniugium"	1348	"4.889"	15	7
476	"ualeo"	9178	"33.287"	15	13
477	"uelut2"	5228	"18.961"	15	13
478	"ideo"	14608	"52.981"	15	15
479	"carmen"	1216	"4.41"	15	14
480	"nuptie"	1391	"5.045"	15	4
481	"sacerdotalis"	1507	"5.466"	15	11
482	"spiritalis"	7657	"27.771"	15	12
483	"assumo"	4097	"14.859"	15	11
484	"monumentum"	1118	"4.055"	15	11
485	"noto"	2965	"10.754"	15	14
486	"quisquis1"	7132	"25.867"	14	13
487	"sancta"	2441	"8.853"	14	12
488	"ars"	2369	"8.592"	14	13
489	"casa"	14857	"53.884"	14	12
490	"mundus2"	15073	"54.668"	14	13
491	"quantitas"	786	"2.851"	14	10
492	"affero"	2110	"7.653"	14	8
493	"angelus"	8495	"30.81"	14	8
494	"miracula"	1918	"6.956"	14	9
495	"congrego"	3349	"12.146"	14	14
496	"pene"	2894	"10.496"	14	13
497	"edo1"	6571	"23.832"	14	12
498	"certe"	3334	"12.092"	14	12
499	"exaro"	336	"1.219"	14	13
500	"signaculum"	465	"1.687"	14	13
501	"precipuus"	2237	"8.113"	14	13
502	"relinquo"	6672	"24.198"	14	14
503	"series"	627	"2.274"	14	13
504	"desum"	2510	"9.103"	14	12
505	"partim"	888	"3.221"	14	11
506	"donum"	4909	"17.804"	14	9
507	"euangelicus"	1607	"5.828"	14	12
508	"ratio"	9036	"32.772"	14	12
509	"appendix"	129	"0.468"	14	3
510	"prouerbium"	552	"2.002"	14	12
511	"interpretor"	5357	"19.429"	14	12
512	"magis"	8839	"32.058"	14	14
513	"quamuis"	4631	"16.796"	14	11
514	"studeo"	3844	"13.942"	14	13
515	"presbyter"	8350	"30.284"	14	13
516	"mysticus"	2232	"8.095"	14	11
517	"centum"	1544	"5.6"	13	11
518	"eternus"	16006	"58.051"	13	13
519	"hereticus2"	3927	"14.243"	13	11
520	"licet"	5198	"18.852"	13	13
521	"dignus"	8471	"30.723"	13	11
522	"recedo"	3535	"12.821"	13	12
523	"tabernaculum"	2916	"10.576"	13	6
524	"ignis"	8316	"30.161"	13	13
525	"mallus1"	8278	"30.023"	13	10
526	"plaga1"	1777	"6.445"	13	13
527	"ueneo"	18864	"68.417"	13	10
528	"agnos"	943	"3.42"	13	9
529	"humanus1"	10590	"38.408"	13	11
530	"hora"	11585	"42.017"	13	12
531	"argentum"	1871	"6.786"	13	9
532	"modo2"	10590	"38.408"	13	12
533	"reddo"	8605	"31.209"	13	10
534	"septuaginta"	1934	"7.014"	13	8
535	"superius"	3237	"11.74"	13	12
536	"pre1"	2138	"7.754"	13	7
537	"apertus"	1441	"5.226"	13	11
538	"defero"	2734	"9.916"	13	10
539	"dextera"	3030	"10.989"	13	6
540	"canticum"	1965	"7.127"	13	10
541	"consto"	3616	"13.115"	13	13
542	"persona"	7304	"26.491"	13	10
543	"hilariter"	259	"0.939"	13	6
544	"peto"	6871	"24.92"	13	12
545	"premitto"	1752	"6.354"	12	12
546	"preter"	2710	"9.829"	12	12
547	"perhibeo"	1634	"5.926"	12	8
548	16	1018	"3.692"	12	8
549	"supradictus"	1329	"4.82"	12	11
550	"titulo"	129	"0.468"	12	8
551	"lux"	6916	"25.083"	12	11
552	"uenio"	11378	"41.266"	12	9
553	"posterus"	1849	"6.706"	12	9
554	"adhuc"	7383	"26.777"	12	12
555	"decerno"	3657	"13.263"	12	9
556	"desidero"	3198	"11.599"	12	11
557	"diabolus"	7654	"27.76"	12	11
558	"quantus"	4715	"17.101"	12	12
559	"intus1"	1906	"6.913"	12	8
560	"diuisio"	1294	"4.693"	12	7
561	"euidenter"	948	"3.438"	12	10
562	"mendacium"	1737	"6.3"	12	10
563	"quare"	3911	"14.185"	12	10
564	"seculum"	10696	"38.793"	12	12
565	"cura"	4219	"15.302"	12	10
566	"opusculum"	728	"2.64"	12	8
567	"pertineo"	6671	"24.195"	12	11
568	"agnellus"	546	"1.98"	12	2
569	"auris"	3705	"13.438"	12	12
570	"lingua"	5301	"19.226"	12	12
571	"frequenter"	1528	"5.542"	12	11
572	"redeo"	5029	"18.239"	12	11
573	"uestimentum"	2281	"8.273"	12	11
574	"predico1"	7881	"28.583"	12	11
575	"rectus"	7826	"28.384"	11	9
576	"responsio"	969	"3.514"	11	4
577	"secularis1"	2410	"8.741"	11	10
578	"uarius1"	2638	"9.568"	11	11
579	"computus"	110	"0.399"	11	5
580	"confero"	4308	"15.625"	11	10
581	"coniugalis1"	214	"0.776"	11	2
582	"faustus"	220	"0.798"	11	8
583	"hostis"	6567	"23.818"	11	10
584	"interpres"	619	"2.245"	11	10
585	"constitutio"	1241	"4.501"	11	9
586	"nouem"	997	"3.616"	11	9
587	"pagina"	1627	"5.901"	11	10
588	"uas2"	2311	"8.382"	11	10
589	"usus"	3832	"13.898"	11	10
590	"indico1"	2105	"7.635"	11	11
591	"bibliotheca"	458	"1.661"	11	9
592	"coram2"	4891	"17.739"	11	10
593	"numquam"	4938	"17.909"	11	10
594	"pastor"	3648	"13.231"	11	10
595	"quadraginta"	1702	"6.173"	11	9
596	"quot"	1014	"3.678"	11	11
597	"saluator"	5664	"20.543"	11	8
598	"transfero"	2451	"8.889"	11	10
599	"utor"	3164	"11.475"	11	10
600	"presumo"	4746	"17.213"	11	9
601	"appareo"	6162	"22.349"	11	11
602	15	1323	"4.798"	11	8
603	"thesaurus"	1965	"7.127"	11	8
604	"incarnatio"	2283	"8.28"	11	10
605	"plenus"	5158	"18.707"	11	11
606	"excerpo"	167	"0.606"	11	9
607	"capitulare"	182	"0.66"	11	5
608	"disciplina"	2928	"10.619"	11	10
609	"explano"	412	"1.494"	11	9
610	"felix"	2663	"9.658"	11	9
611	"quantum"	5680	"20.601"	11	10
612	"seruo"	7349	"26.654"	11	10
613	"sigale"	94	"0.341"	11	8
614	"utique"	5038	"18.272"	11	10
615	"hermes"	55	"0.2"	11	9
616	"labor2"	4996	"18.12"	11	11
617	"leo"	4300	"15.596"	11	8
618	"pereo"	5041	"18.283"	11	8
619	"similis"	5541	"20.096"	11	7
620	"egregius"	1265	"4.588"	11	11
621	"hymnus"	1043	"3.783"	10	8
622	"index"	218	"0.791"	10	9
623	"capio1"	5156	"18.7"	10	9
624	"triginta"	1575	"5.712"	10	10
625	"at"	3787	"13.735"	10	7
626	"plerique"	748	"2.713"	10	9
627	"eruditus1"	644	"2.336"	10	9
628	"falso2"	68	"0.247"	10	4
629	"archiepiscopus"	3644	"13.216"	10	10
630	"chronicus"	141	"0.511"	10	8
631	"missalis"	62	"0.225"	10	8
632	"moueo"	3885	"14.09"	10	5
633	"permaneo"	4808	"17.438"	10	8
634	"siquidem"	3033	11	10	8
635	"uox"	10981	"39.827"	10	9
636	"arbitrium"	2270	"8.233"	10	9
637	"arrianus"	538	"1.951"	10	5
638	"debitum"	1358	"4.925"	10	6
639	"paruus"	6579	"23.861"	10	10
640	9	1756	"6.369"	10	10
641	"scriptum"	1427	"5.176"	10	10
642	"tracto"	1848	"6.702"	10	6
643	"procedo"	4218	"15.298"	10	5
644	"confirmo"	4512	"16.364"	10	10
645	"paganus"	1472	"5.339"	10	9
646	22	483	"1.752"	10	9
647	"subiungo"	2534	"9.19"	10	9
648	"totidem"	347	"1.259"	10	9
649	"uocatus"	768	"2.785"	10	7
650	"propono"	2062	"7.479"	10	7
651	"laqueus"	1113	"4.037"	10	10
652	"catalogus"	319	"1.157"	10	7
653	"longe"	3815	"13.836"	10	9
654	"clemens"	1039	"3.768"	10	9
655	"misa"	3456	"12.534"	10	9
656	"porro"	2399	"8.701"	10	9
657	"uirgo"	7058	"25.598"	10	10
658	"unusquisque"	6766	"24.539"	10	10
659	"aliquot"	502	"1.821"	10	8
660	"medion"	3146	"11.41"	10	10
661	"origo"	1323	"4.798"	10	10
662	"exprimo"	2201	"7.983"	10	8
663	"adulterinus"	119	"0.432"	10	5
664	"sex"	2330	"8.451"	9	6
665	"tronus"	1193	"4.327"	9	9
666	"uerum1"	7601	"27.568"	9	8
667	"urbs"	7688	"27.883"	9	9
668	"dissero2"	448	"1.625"	9	7
669	"pius"	8035	"29.142"	9	9
670	"emendo"	1716	"6.224"	9	8
671	"sine"	17513	"63.517"	9	8
672	"postulo"	2606	"9.452"	9	6
673	"inchoo"	1018	"3.692"	9	8
674	"latus1"	1346	"4.882"	9	9
675	"modus"	5285	"19.168"	9	9
676	"multiplex"	1235	"4.479"	9	9
677	"eligo"	7355	"26.676"	9	8
678	"additio"	100	"0.363"	9	4
679	"sensum"	2419	"8.773"	9	9
680	"soleo"	4683	"16.985"	9	9
681	"subsequor"	1534	"5.564"	9	8
682	"prolixitas"	192	"0.696"	9	5
683	"considero"	2835	"10.282"	9	7
684	"curo"	3637	"13.191"	9	8
685	"notitia"	1560	"5.658"	9	8
686	"deinde"	5323	"19.306"	9	9
687	"acta2"	37	"0.134"	9	3
688	"uetustus"	283	"1.026"	9	7
689	"animus"	7777	"28.206"	9	9
690	"censeo"	1504	"5.455"	9	7
691	"magister2"	3647	"13.227"	9	9
692	"claudo"	1350	"4.896"	9	8
693	"monasterium"	10117	"36.693"	9	8
694	"perfectio"	2371	"8.599"	9	7
695	"postquam"	4115	"14.925"	9	9
696	"precedo"	2652	"9.618"	9	8
697	"illuster"	681	"2.47"	9	9
698	"latinus"	937	"3.398"	9	9
699	"mulier"	6577	"23.854"	9	8
700	"custos"	1686	"6.115"	9	3
701	"omitto"	893	"3.239"	9	8
702	"diuido"	3443	"12.487"	9	8
703	"pateo"	2889	"10.478"	9	9
704	"epigramma"	42	"0.152"	9	3
705	"termino"	660	"2.394"	9	5
706	"preterea"	1228	"4.454"	9	8
707	"impleo"	6026	"21.855"	9	9
708	"libellus"	1438	"5.215"	9	9
709	"marca2"	1320	"4.787"	9	8
710	"conferuefacio"	143	"0.519"	9	5
711	"nolo"	10171	"36.889"	9	7
712	"passio"	7106	"25.772"	9	8
713	"folium"	564	"2.046"	9	8
714	"puto"	7002	"25.395"	9	9
715	"suscipio"	10308	"37.386"	9	9
716	"ultimus"	1647	"5.973"	9	6
717	"potestas"	9926	36	9	8
718	"presto2"	3023	"10.964"	9	9
719	"huiusmodi"	4354	"15.791"	9	9
720	"commendo"	3669	"13.307"	9	9
721	"comprobo"	1126	"4.084"	9	9
722	"diuinus2"	40	"0.145"	9	8
723	"gero"	5597	"20.3"	9	9
724	"retracto"	304	"1.103"	9	6
725	"supra1"	2964	"10.75"	9	9
726	"ipse1"	9945	"36.069"	9	9
727	"compleo"	2602	"9.437"	9	9
728	"concludo"	1222	"4.432"	9	7
729	"conficio"	1462	"5.303"	9	8
730	"nequaquam"	3283	"11.907"	9	9
731	"custodio2"	4080	"14.798"	9	8
732	"numquid"	2751	"9.978"	9	8
733	"diaconus"	3974	"14.413"	9	7
734	"error"	5140	"18.642"	9	9
735	"tamquam"	5612	"20.354"	8	7
736	"tot"	1684	"6.108"	8	6
737	"ieiunium"	2383	"8.643"	8	7
738	"magnitudo"	1705	"6.184"	8	7
739	"manuscriptum"	80	"0.29"	8	6
740	"commentum"	201	"0.729"	8	5
741	"natiuitas"	2360	"8.559"	8	8
742	"numero1"	789	"2.862"	8	8
743	"efficio"	3399	"12.328"	8	8
744	"gista"	152	"0.551"	8	3
745	"uirginitas"	798	"2.894"	8	5
746	"adiutorium"	1440	"5.223"	8	7
747	"augustus1"	3199	"11.602"	8	8
748	"condio"	1216	"4.41"	8	8
749	"creatura"	4120	"14.943"	8	7
750	"nimirum"	2607	"9.455"	8	8
751	"dispositio"	1251	"4.537"	8	4
752	25	423	"1.534"	8	4
753	"tango"	2645	"9.593"	8	8
754	"predicatio"	4273	"15.498"	8	6
755	"psalterium"	548	"1.988"	8	8
756	"clericus2"	5231	"18.972"	8	7
757	"monstro"	2257	"8.186"	8	7
758	"occurro"	2152	"7.805"	8	7
759	"peruenio"	6747	"24.47"	8	7
760	"reparatio"	214	"0.776"	8	2
761	"tollo"	2793	"10.13"	8	5
762	"prefixus"	279	"1.012"	8	7
763	"prout"	1383	"5.016"	8	8
764	"adnoto"	420	"1.523"	8	8
765	"aurum"	2563	"9.296"	8	8
766	"nusquam"	679	"2.463"	8	7
767	"dictum"	3527	"12.792"	8	8
768	"panis"	5422	"19.665"	8	8
769	"eloquium"	2486	"9.016"	8	8
770	"figura"	2940	"10.663"	8	7
771	29	358	"1.298"	8	7
772	"sufficio"	2918	"10.583"	8	8
773	"uestis"	2231	"8.092"	8	7
774	"comes"	4465	"16.194"	8	6
775	"octauum2"	1007	"3.652"	8	8
776	"editus1"	159	"0.577"	8	7
777	"fors"	5763	"20.902"	8	7
778	"retineo"	2244	"8.139"	8	8
779	"semper"	14444	"52.386"	8	8
780	"sto"	5540	"20.093"	8	8
781	"uisio"	2627	"9.528"	8	6
782	"uxor"	6105	"22.142"	8	8
783	"auctus1"	141	"0.511"	8	8
784	"paradisus"	1879	"6.815"	8	4
785	"dominicus1"	5771	"20.931"	8	5
786	"peritus"	383	"1.389"	8	8
787	18	904	"3.279"	8	7
788	"saltem"	1600	"5.803"	8	8
789	"transeo"	5664	"20.543"	8	7
790	"imago"	5453	"19.777"	8	4
791	"conuenio"	5358	"19.433"	8	8
792	"decretum"	2986	"10.83"	8	3
793	"patriarcha"	2486	"9.016"	8	7
794	"penite"	2590	"9.394"	8	8
795	"episcopatus"	1692	"6.137"	8	7
796	"falsus"	3326	"12.063"	8	7
797	"abscondo"	2190	"7.943"	8	8
798	"sufficienter"	369	"1.338"	8	8
799	"tabula"	1046	"3.794"	8	7
800	"postmodo"	1777	"6.445"	8	7
801	"adicio"	1383	"5.016"	8	6
802	"canonica1"	512	"1.857"	8	6
803	"comburo"	614	"2.227"	8	6
804	"conscientia"	2496	"9.053"	8	8
805	"cultus2"	2356	"8.545"	8	8
806	"domus"	13754	"49.884"	8	8
807	"permitto"	4066	"14.747"	8	8
808	"editio"	686	"2.488"	8	7
809	"facile"	2448	"8.879"	8	8
810	"quapropter"	2248	"8.153"	7	6
811	"rogo"	4419	"16.027"	7	7
812	"translatio"	840	"3.047"	7	6
813	"hamus"	357	"1.295"	7	5
814	"arbitror"	1750	"6.347"	7	7
815	"mereo1"	3403	"12.342"	7	7
816	"copiosus"	696	"2.524"	7	5
817	"nobilis"	2434	"8.828"	7	7
818	"descendo"	4258	"15.443"	7	6
819	"oculus"	9410	"34.129"	7	7
820	"accedo"	3956	"14.348"	7	6
821	"pulcher"	1486	"5.39"	7	7
822	"utilis"	1632	"5.919"	7	7
823	"preceptum"	7062	"25.613"	7	7
824	"princeps"	10481	"38.013"	7	7
825	"profecto"	2155	"7.816"	7	7
826	"grece"	1158	"4.2"	7	5
827	"apostolicus"	9163	"33.233"	7	7
828	"breuis1"	1545	"5.604"	7	7
829	"mens"	14696	"53.3"	7	7
830	"narratio"	638	"2.314"	7	7
831	"dogma"	1640	"5.948"	7	6
832	"dubito"	2518	"9.132"	7	7
833	"fidelis"	12503	"45.347"	7	7
834	"redemptor"	2043	"7.41"	7	5
835	"textus"	353	"1.28"	7	5
836	"unitas"	3431	"12.444"	7	6
837	"lasciuus2"	12	"0.044"	7	6
838	"legalis"	771	"2.796"	7	6
839	"coniungo"	2118	"7.682"	7	7
840	"nepos"	973	"3.529"	7	5
841	"differentia"	1173	"4.254"	7	7
842	"plus2"	927	"3.362"	7	7
843	"historicus2"	42	"0.152"	7	4
844	"lapis"	4057	"14.714"	7	5
845	"christiana"	300	"1.088"	7	5
846	"cupio"	3148	"11.417"	7	7
847	"octoginta"	384	"1.393"	7	7
848	"edoceo"	804	"2.916"	7	6
849	"puer"	3939	"14.286"	7	7
850	"quondam"	2085	"7.562"	7	7
851	"uix"	1790	"6.492"	7	7
852	"prescientia"	969	"3.514"	7	5
853	"propterea"	3112	"11.287"	7	7
854	"alibi"	2804	"10.17"	7	7
855	"apologeticus"	58	"0.21"	7	6
856	"aptus"	1413	"5.125"	7	7
857	"augeo"	1598	"5.796"	7	6
858	"celebro"	4605	"16.702"	7	7
859	"liceo"	4265	"15.469"	7	7
860	"manicheius"	282	"1.023"	7	6
861	"mirabilis"	1182	"4.287"	7	6
862	"condicio"	1847	"6.699"	7	7
863	"discutio"	1125	"4.08"	7	6
864	"percutio"	3314	"12.019"	7	5
865	"perpetuus"	4114	"14.921"	7	7
866	"elegans"	139	"0.504"	7	5
867	100	3493	"12.669"	7	7
868	"querio"	3799	"13.778"	7	7
869	"scottus"	314	"1.139"	7	3
870	"tandem"	2476	"8.98"	7	5
871	"premium2"	90	"0.326"	7	7
872	"indicium"	1176	"4.265"	7	7
873	"arca"	2348	"8.516"	7	7
874	"cano"	1386	"5.027"	7	7
875	"mons"	6752	"24.489"	7	7
876	"cor"	20900	"75.801"	7	7
877	"obscurus"	803	"2.912"	7	7
878	"filia"	3952	"14.333"	7	4
879	"scruto"	677	"2.455"	7	7
880	"ingenium"	1372	"4.976"	7	5
881	"clarus"	2977	"10.797"	7	7
882	"mensis"	6191	"22.454"	7	6
883	"conditor"	1584	"5.745"	7	7
884	"necnon"	1487	"5.393"	7	7
885	"pando1"	479	"1.737"	7	6
886	"duco"	7756	"28.13"	7	7
887	"addo"	4603	"16.694"	7	6
888	"honor"	9422	"34.172"	7	7
889	"approbo"	1107	"4.015"	7	7
890	"insignis"	836	"3.032"	7	6
891	"aufero"	5062	"18.359"	7	7
892	"legens"	492	"1.784"	7	7
893	"circa2"	3449	"12.509"	7	7
894	"materia1"	1460	"5.295"	7	5
895	"consolatio"	1431	"5.19"	7	6
896	"designo"	3799	"13.778"	7	7
897	"olim"	2184	"7.921"	7	7
898	20	764	"2.771"	7	5
899	"qualis"	4107	"14.896"	6	6
900	"sedes"	9426	"34.187"	6	5
901	"stilus"	593	"2.151"	6	6
902	"subicio"	3002	"10.888"	6	6
903	"testis"	2836	"10.286"	6	6
904	"uocatio"	938	"3.402"	6	3
905	"prauus"	2846	"10.322"	6	6
906	"prohibeo"	3670	"13.311"	6	6
907	"prudenter"	530	"1.922"	6	5
908	"aduentus"	3564	"12.926"	6	6
909	"hodie"	2363	"8.57"	6	5
910	"impius"	4519	"16.39"	6	6
911	"benedico"	4618	"16.749"	6	6
912	"colloco"	1182	"4.287"	6	4
913	"moneo"	2562	"9.292"	6	5
914	"crimen"	3459	"12.545"	6	6
915	"ob"	5009	"18.167"	6	6
916	"didymus"	71	"0.258"	6	6
917	"orno"	1621	"5.879"	6	6
918	"reseruo"	1179	"4.276"	6	6
919	"separo"	2582	"9.365"	6	4
920	"testa"	1003	"3.638"	6	5
921	"ualde"	3126	"11.338"	6	6
922	"ullus"	4970	"18.026"	6	6
923	"uoluntas"	11264	"40.853"	6	5
924	"argumentum"	1407	"5.103"	6	6
925	"collatio"	313	"1.135"	6	5
926	"consedeo"	1723	"6.249"	6	5
927	"contrarius"	3386	"12.281"	6	6
928	"necessarius1"	3575	"12.966"	6	6
929	"deuoro"	1004	"3.641"	6	5
930	"philosophicus"	98	"0.355"	6	4
931	"episcopalis"	1126	"4.084"	6	5
932	"repeto"	1585	"5.749"	6	6
933	"species"	4029	"14.613"	6	6
934	"struo"	2489	"9.027"	6	6
935	"precapio"	3522	"12.774"	6	5
936	"agon"	514	"1.864"	6	5
937	"complecto"	487	"1.766"	6	4
938	"orthodoxus"	915	"3.319"	6	5
939	"discipulus"	4540	"16.466"	6	6
940	"pariter"	3123	"11.327"	6	6
941	"diu"	2832	"10.271"	6	6
942	"extremus"	1915	"6.945"	6	6
943	33	246	"0.892"	6	2
944	"tripartitus"	98	"0.355"	6	5
945	"uocabulum"	1799	"6.525"	6	6
946	"hactenus"	1334	"4.838"	6	6
947	"idolum"	2982	"10.815"	6	6
948	"caro2"	18153	"65.838"	6	6
949	"miro"	1905	"6.909"	6	6
950	"congruus"	1478	"5.361"	6	6
951	"consentio"	3040	"11.026"	6	4
952	"consummo"	1759	"6.38"	6	6
953	"nascor"	7022	"25.468"	6	6
954	"oporteo"	5575	"20.22"	6	6
955	"ornamentum"	854	"3.097"	6	5
956	"etenim"	2603	"9.441"	6	6
957	"floreo"	1019	"3.696"	6	6
958	"studiosus1"	922	"3.344"	6	6
959	"typus"	863	"3.13"	6	6
960	"pronuntio"	1150	"4.171"	6	6
961	"indo"	275	"0.997"	6	5
962	"insinuo"	1739	"6.307"	6	6
963	"ceterum"	1120	"4.062"	6	6
964	"lucus1"	1321	"4.791"	6	4
965	"mora1"	3957	"14.352"	6	6
966	"documentum"	740	"2.684"	6	6
967	"qualiter"	3848	"13.956"	6	6
968	"quinquaginta"	873	"3.166"	6	6
969	"relego1"	443	"1.607"	6	6
970	"sol"	5333	"19.342"	6	6
971	"transmitto"	1001	"3.631"	6	6
972	"uenerandus"	1363	"4.943"	6	5
973	"prius"	6813	"24.71"	6	4
974	"antapodosis"	16	"0.058"	6	2
975	"intellectus"	3313	"12.016"	6	5
976	"iudico"	9448	"34.267"	6	6
977	"nempe"	785	"2.847"	6	6
978	"placeo"	6145	"22.287"	6	6
979	"en"	491	"1.781"	6	5
980	"solummodo"	1434	"5.201"	6	5
981	"precipio"	4246	"15.4"	6	5
982	"breuitas"	454	"1.647"	6	6
983	"consensus"	2152	"7.805"	6	6
984	"creber"	619	"2.245"	6	5
985	"denarius2"	900	"3.264"	6	4
986	"ecclesiastes2"	103	"0.374"	6	5
987	"pleuio"	72	"0.261"	6	5
988	"excipio"	1684	"6.108"	6	6
989	"expando2"	351	"1.273"	6	3
990	"flagito"	402	"1.458"	6	5
991	"recenseo"	341	"1.237"	6	5
992	"sapiens"	3554	"12.89"	6	6
993	"theologia"	298	"1.081"	6	3
994	"publicus1"	3571	"12.952"	6	6
995	"lateo"	1456	"5.281"	6	6
996	"malus1"	7711	"27.967"	6	6
997	"minus"	3836	"13.913"	6	6
998	"decerpo"	123	"0.446"	6	6
999	"differo"	2004	"7.268"	6	6
1000	"excedo"	947	"3.435"	6	6
1001	"!"	3970	"14.399"	6	6
1002	"queo"	1026	"3.721"	5	4
1003	"quotienscumque"	293	"1.063"	5	5
1004	"synodalis1"	460	"1.668"	5	3
1005	"uulgo2"	258	"0.936"	5	4
1006	"propheto"	1207	"4.378"	5	5
1007	"agnosco"	3424	"12.418"	5	4
1008	"cado"	4445	"16.121"	5	5
1009	"clausula"	78	"0.283"	5	5
1010	"melius"	2662	"9.655"	5	4
1011	"mirus"	2751	"9.978"	5	5
1012	"consequor"	2491	"9.035"	5	5
1013	"contemptor"	343	"1.244"	5	2
1014	"decalogus"	377	"1.367"	5	4
1015	"dedo"	5825	"21.126"	5	5
1016	"pascha"	2667	"9.673"	5	2
1017	"domina"	8868	"32.163"	5	5
1018	"persus"	526	"1.908"	5	5
1019	"porrigo1"	778	"2.822"	5	5
1020	"figurate"	355	"1.288"	5	3
1021	"flosculus"	49	"0.178"	5	5
1022	"futurus"	9511	"34.495"	5	5
1023	"adhereo"	1505	"5.458"	5	5
1024	"recito"	711	"2.579"	5	5
1025	"regius"	2771	"10.05"	5	4
1026	"reuoluo"	427	"1.549"	5	5
1027	"sacro"	789	"2.862"	5	5
1028	"spiro"	1127	"4.088"	5	5
1029	"tego"	1320	"4.787"	5	5
1030	"illustris1"	35	"0.127"	5	5
1031	"industria"	821	"2.978"	5	5
1032	"ira"	3684	"13.361"	5	2
1033	"caritas"	10145	"36.794"	5	3
1034	"medicus2"	1043	"3.783"	5	5
1035	"nuncupo"	1437	"5.212"	5	4
1036	"omnino"	4403	"15.969"	5	5
1037	"partio1"	380	"1.378"	5	5
1038	"perduco"	2286	"8.291"	5	5
1039	"abeo"	2123	"7.7"	5	4
1040	"georgicus"	7	"0.025"	5	4
1041	"quodammodo"	1085	"3.935"	5	4
1042	"relego2"	428	"1.552"	5	5
1043	"prenoto"	189	"0.686"	5	5
1044	"pretitulo"	53	"0.192"	5	5
1045	"appeto"	1859	"6.742"	5	5
1046	"ius1"	6001	"21.765"	5	5
1047	"longus"	2662	"9.655"	5	5
1048	"columna"	1084	"3.932"	5	4
1049	"culpa"	2844	"10.315"	5	4
1050	"oraculum"	731	"2.651"	5	5
1051	"pecco"	6588	"23.894"	5	4
1052	"penuria"	258	"0.936"	5	4
1053	"edissero"	150	"0.544"	5	5
1054	"exinde"	1244	"4.512"	5	5
1055	"femen"	1741	"6.314"	5	5
1056	"foris1"	1679	"6.09"	5	5
1057	"gradus"	2977	"10.797"	5	5
1058	"rector"	1719	"6.235"	5	5
1059	"rite"	1043	"3.783"	5	4
1060	"statuo"	3172	"11.504"	5	5
1061	"subdiaconus"	405	"1.469"	5	3
1062	"uanitas"	959	"3.478"	5	4
1063	"potius"	4633	"16.803"	5	5
1064	"proficio"	3874	"14.05"	5	5
1065	"insuper1"	1715	"6.22"	5	5
1066	"medium"	1199	"4.349"	5	5
1067	"computo"	842	"3.054"	5	5
1068	"morior"	8639	"31.332"	5	5
1069	"neco"	4303	"15.606"	5	5
1070	"nitor1"	1313	"4.762"	5	5
1071	"decurro"	1098	"3.982"	5	5
1072	"diligo"	9322	"33.81"	5	5
1073	"dolor"	3540	"12.839"	5	5
1074	"perspicio"	704	"2.553"	5	4
1075	"pluralis"	369	"1.338"	5	4
1076	"expedio"	1001	"3.631"	5	5
1077	"fastus1"	43	"0.156"	5	4
1078	"absque"	4330	"15.704"	5	5
1079	"adeo1"	1586	"5.752"	5	5
1080	"quatenus"	4354	"15.791"	5	5
1081	"reuera"	711	"2.579"	5	5
1082	"securus"	1425	"5.168"	5	5
1083	"solidus2"	706	"2.561"	5	5
1084	"taceo"	2071	"7.511"	5	4
1085	"ubicumque"	895	"3.246"	5	5
1086	"uniuersi"	4770	"17.3"	5	5
1087	"adiungo"	1545	"5.604"	5	5
1088	"aduocatus"	710	"2.575"	5	3
1089	"anterior"	306	"1.11"	5	5
1090	"astipulor"	68	"0.247"	5	4
1091	"canonicus1"	1154	"4.185"	5	4
1092	"cito2"	539	"1.955"	5	4
1093	"notus"	1790	"6.492"	5	5
1094	"demon"	2421	"8.781"	5	5
1095	"ordino"	5530	"20.057"	5	5
1096	"difficilis"	1097	"3.979"	5	5
1097	"pena"	5506	"19.969"	5	5
1098	"philos"	27	"0.098"	5	4
1099	"eruditio"	536	"1.944"	5	5
1100	"repetitio"	249	"0.903"	5	4
1101	"sono"	1514	"5.491"	5	5
1102	"uaro2"	52	"0.189"	5	5
1103	"undique"	1251	"4.537"	5	4
1104	"predestino"	2670	"9.684"	5	4
1105	"proinde"	1159	"4.204"	5	5
1106	"haud"	998	"3.62"	5	5
1107	"inuentio"	266	"0.965"	5	5
1108	"cepio"	6008	"21.79"	5	5
1109	"colo2"	2118	"7.682"	5	4
1110	"communis"	4075	"14.779"	5	4
1111	"concedo"	5214	"18.91"	5	5
1112	"conseruo"	2483	"9.006"	5	4
1113	"contendo"	1681	"6.097"	5	5
1114	"crux"	6277	"22.766"	5	5
1115	"oro"	5945	"21.562"	5	5
1116	"pentateuchum"	50	"0.181"	5	4
1117	"edificatio"	764	"2.771"	5	1
1118	"ethereus"	449	"1.629"	5	1
1119	"exilium"	1097	"3.979"	5	4
1120	"extra2"	2294	"8.32"	5	4
1121	32	260	"0.943"	5	3
1122	"gloria"	11706	"42.456"	5	5
1123	"adhibeo"	1665	"6.039"	5	5
1124	"quattuordecim"	277	"1.005"	5	4
1125	"quisquam"	3862	"14.007"	5	5
1126	"recondo"	566	"2.053"	5	5
1127	"regno"	4305	"15.614"	5	4
1128	"remaneo"	2821	"10.231"	5	4
1129	"respicio"	2660	"9.647"	5	4
1130	"sedecim"	187	"0.678"	5	3
1131	"statim"	2835	"10.282"	5	5
1132	"summus"	6483	"23.513"	5	5
1133	"principatus"	1194	"4.331"	5	2
1134	"admoneo"	3156	"11.446"	5	4
1135	"historicus1"	253	"0.918"	5	5
1136	"aqua"	10006	"36.29"	5	5
1137	"aris"	100	"0.363"	5	5
1138	"instrumentum"	566	"2.053"	5	5
1139	"charta"	720	"2.611"	5	4
1140	"collectio"	423	"1.534"	5	5
1141	"congruo"	1071	"3.884"	5	5
1142	"multoties"	261	"0.947"	5	3
1143	"deuotio"	2396	"8.69"	5	5
1144	"paruulus2"	990	"3.591"	5	5
1145	"doleo"	1861	"6.75"	5	4
1146	"philosophus1"	217	"0.787"	5	5
1147	"elogium"	190	"0.689"	5	5
1148	26	385	"1.396"	5	4
1149	"reprehendo"	1473	"5.342"	5	5
1150	"solido"	365	"1.324"	5	3
1151	"tribuo"	3915	"14.199"	5	5
1152	"ueraciter"	1702	"6.173"	5	5
1153	"uniuersalis"	1824	"6.615"	5	4
1154	"hereo"	1183	"4.291"	5	5
1155	"amicus2"	3053	"11.073"	5	5
1156	"ianuarius"	796	"2.887"	5	4
1157	"antea"	1450	"5.259"	5	5
1158	"indigeo"	1443	"5.234"	5	5
1159	"intentio"	2591	"9.397"	5	3
1160	"bonum"	2097	"7.606"	5	5
1161	"caueo"	2277	"8.258"	5	5
1162	"certus"	4360	"15.813"	5	5
1163	"mox"	4291	"15.563"	5	5
1164	"continuo1"	1367	"4.958"	5	4
1165	"pelagium"	59	"0.214"	5	2
1166	"dux1"	4842	"17.561"	5	5
1167	"pondus"	1722	"6.245"	5	4
1168	"existimo"	3501	"12.698"	5	5
1169	"fere"	991	"3.594"	5	5
1170	"forma"	4151	"15.055"	5	5
