No.	Word	Total no. in this subcorpus	Expected collocate frequency	Observed collocate frequency	In no. of texts	Log Ratio value

1	plicabitur	5	0.018	5	5	11.424
2	Paralipomenorum	5	0.018	5	3	11.424
3	Retractationum	31	0.112	27	13	10.857
4	Dialogorum	62	0.225	54	33	10.857
5	Enchiridii	7	0.025	6	1	10.687
6	Etymologiarum	19	0.069	16	13	10.517
7	Uarronis	6	0.022	5	5	10.424
8	apocryphus	18	0.065	15	1	10.424
9	Moralium	151	0.548	122	32	10.175
10	epigrammatum	9	0.033	7	2	9.909
11	Silonitis	9	0.033	7	5	9.909
12	Hypomnesticon	34	0.123	26	2	9.802
13	Ahie	10	0.036	7	5	9.324
14	Antiquitatum	39	0.141	26	19	9.102
15	solidentur	8	0.029	5	3	8.839
16	commentariorum	25	0.091	15	10	8.687
17	Peri	12	0.044	7	4	8.587
18	Monimum	18	0.065	10	5	8.424
19	Exodi	97	0.352	53	32	8.37
20	Leuitici	54	0.196	29	18	8.316
21	Confessionum	40	0.145	21	14	8.246
22	Machabeorum	128	0.464	67	40	8.237
23	Geneseos	94	0.341	49	38	8.225
24	Paralipomenon	275	0.997	139	46	8.133
25	Enchiridion	64	0.232	32	18	8.102
26	Homiliarum	20	0.073	10	7	8.102
27	Tobi	10	0.036	5	4	8.102
28	adulterinis	21	0.076	10	5	7.964
29	Hebraicorum	11	0.04	5	3	7.839
30	Genesis	119	0.432	52	37	7.736
31	commenti	14	0.051	6	4	7.687
32	Hebraicarum	19	0.069	8	5	7.642
33	Turonensibus	12	0.044	5	1	7.616
34	additiones	15	0.054	6	2	7.517
35	Ansegisi	59	0.214	23	3	7.455
36	appendices	27	0.098	10	1	7.336
37	Prouerbiorum	33	0.12	12	10	7.294
38	Ezre	17	0.062	6	5	7.227
39	historiarum	71	0.258	25	16	7.222
40	scribentur	37	0.134	13	11	7.217
41	Hester	18	0.065	6	3	7.102
42	Chronicorum	34	0.123	11	9	7.038
43	Boetii	28	0.102	9	6	7.024
44	Tobie	76	0.276	24	16	6.986
45	Numerorum	400	1.451	126	42	6.981
46	Questionum	131	0.475	41	16	6.968
47	Perseuerantie	141	0.511	43	8	6.913
48	Capitularium	57	0.207	17	5	6.867
49	Deuteronomii	125	0.453	37	21	6.852
50	Iudicum	362	1.313	105	48	6.81
51	Genesim	35	0.127	10	9	6.78
52	contemptoris	18	0.065	5	2	6.723
53	Philo	18	0.065	5	4	6.723
54	Euangeliorum	258	0.936	71	38	6.705
55	Mosaice	62	0.225	17	10	6.697
56	titulatur	22	0.08	6	3	6.687
57	Sirach	59	0.214	16	13	6.676
58	penitentialis	26	0.094	7	4	6.661
59	Deleantur	68	0.247	18	14	6.628
60	prophetici	34	0.123	9	9	6.628
61	Malachie	19	0.069	5	3	6.616
62	dele	95	0.345	25	20	6.616
63	Boetius	54	0.196	14	8	6.587
64	sigillis	43	0.156	11	8	6.561
65	Fulgentius	87	0.316	22	14	6.539
66	Correptione	163	0.591	40	8	6.481
67	Computo	41	0.149	10	4	6.47
68	uolum	37	0.134	9	1	6.464
69	Actorum	37	0.134	9	3	6.464
70	prologus	166	0.602	40	22	6.446
71	Monacensis	25	0.091	6	2	6.439
72	Augustinus	1868	6.775	446	72	6.429
73	Hermes	47	0.171	11	9	6.391
74	Sententiarum	219	0.794	51	22	6.382
75	Differentiarum	22	0.08	5	5	6.336
76	Etherii	22	0.08	5	1	6.336
77	Regnorum	283	1.026	64	35	6.327
78	moralibus	74	0.268	16	9	6.244
79	institutionum	42	0.152	9	6	6.227
80	Amalarius	38	0.138	8	2	6.195
81	Paschasii	43	0.156	9	2	6.184
82	Explicit	203	0.736	42	25	6.163
83	Malachim	34	0.123	7	7	6.154
84	Radberti	25	0.091	5	3	6.102
85	apertus	35	0.127	7	5	6.102
86	lasciuus	35	0.127	7	6	6.102
87	Apologeticum	25	0.091	5	5	6.102
88	sedentis	72	0.261	14	8	6.051
89	manuscriptis	26	0.094	5	3	6.031
90	inuolutus	63	0.229	12	6	6.014
91	generationis	273	0.99	52	27	6.014
92	Regum	2335	8.469	444	105	6.011
93	Iosephi	64	0.232	12	6	5.986
94	uigesimo	183	0.664	34	8	5.97
95	signacula	70	0.254	13	12	5.969
96	Faustum	54	0.196	10	7	5.964
97	capitulorum	245	0.889	45	16	5.95
98	Danielis	148	0.537	27	21	5.938
99	conscripserunt	44	0.16	8	3	5.932
100	Prosper	211	0.765	38	10	5.915
101	Esther	150	0.544	27	19	5.914
102	edidi	28	0.102	5	5	5.9
103	Isidorus	214	0.776	38	21	5.89
104	authenticis	57	0.207	10	9	5.869
105	Areopagita	46	0.167	8	2	5.854
106	Ruth	133	0.482	23	17	5.844
107	indicem	29	0.105	5	5	5.839
108	inscribitur	123	0.446	21	17	5.822
109	Naue	245	0.889	41	25	5.787
110	Areopagite	48	0.174	8	3	5.78
111	legebat	36	0.131	6	6	5.78
112	Fulgentii	42	0.152	7	6	5.78
113	legite	30	0.109	5	4	5.78
114	scripsisti	84	0.305	14	11	5.78
115	Coniugiis	55	0.2	9	5	5.748
116	Augustini	834	3.025	136	49	5.742
117	scripti	117	0.424	19	17	5.735
118	Exodus	37	0.134	6	5	5.733
119	recipiebant	31	0.112	5	4	5.723
120	Secundus	894	3.242	142	101	5.697
121	Decimus	281	1.019	43	12	5.633
122	Hebraicis	33	0.12	5	4	5.616
123	diuinos	132	0.479	20	11	5.616
124	expositionis	74	0.268	11	9	5.584
125	Moysis	88	0.319	13	8	5.573
126	Elipandum	34	0.123	5	4	5.566
127	dispositionum	34	0.123	5	2	5.566
128	Scoti	41	0.149	6	3	5.558
129	Samuelis	171	0.62	25	17	5.556
130	epistolarum	192	0.696	28	17	5.552
131	Apocalypsis	96	0.348	14	12	5.552
132	Hymnorum	56	0.203	8	7	5.517
133	tertii	190	0.689	27	17	5.508
134	Uicesimus	78	0.283	11	2	5.495
135	Quartus	480	1.741	67	49	5.478
136	trigesimo	116	0.421	16	5	5.458
137	illustribus	80	0.29	11	11	5.453
138	auctorum	103	0.374	14	13	5.433
139	prefatio	349	1.266	47	27	5.418
140	psalmorum	389	1.411	51	29	5.373
141	scriptas	84	0.305	11	10	5.371
142	Trinitate	828	3.003	106	32	5.334
143	Apocalypsin	47	0.171	6	5	5.329
144	Undecimus	55	0.2	7	7	5.324
145	aperti	144	0.522	18	11	5.294
146	prolixitas	48	0.174	6	4	5.294
147	conscriptus	41	0.149	5	5	5.254
148	Duodecimus	50	0.181	6	6	5.227
149	sexti	50	0.181	6	6	5.227
150	deleri	67	0.243	8	7	5.219
151	Tertius	851	3.087	101	72	5.209
152	Quarti	135	0.49	16	12	5.207
153	Iulianum	127	0.461	15	4	5.201
154	Reparatione	69	0.25	8	2	5.171
155	scriptoribus	104	0.377	12	9	5.163
156	nonus	122	0.443	14	9	5.154
157	Quintus	315	1.143	36	24	5.148
158	Ambrosius	556	2.017	63	24	5.134
159	Athanasius	168	0.609	19	5	5.131
160	signatum	144	0.522	16	11	5.102
161	Actuum	369	1.338	41	21	5.102
162	confecit	73	0.265	8	4	5.079
163	capp	76	0.276	8	4	5.014
164	Maximinum	57	0.207	6	3	5.014
165	Sextus	258	0.936	27	21	5.005
166	coniugali	106	0.384	11	2	4.991
167	Officiorum	145	0.526	15	10	4.986
168	editis	97	0.352	10	9	4.981
169	Esdra	59	0.214	6	2	4.959
170	Marcellinum	50	0.181	5	2	4.932
171	legat	291	1.055	29	22	4.926
172	tractauimus	51	0.185	5	3	4.9
173	Pelagium	52	0.189	5	2	4.869
174	Cesariensis	73	0.265	7	7	4.865
175	Ezechielis	146	0.53	14	12	4.865
176	aperire	415	1.505	39	20	4.833
177	ueteribus	192	0.696	18	15	4.829
178	edidit	364	1.32	34	28	4.823
179	Isaie	347	1.259	32	22	4.803
180	Predestinatione	739	2.68	68	16	4.799
181	diuinorum	620	2.249	57	39	4.798
182	Ierarchia	144	0.522	13	5	4.769
183	memorato	322	1.168	29	10	4.765
184	Prosperi	145	0.526	13	7	4.758
185	Tricesimus	67	0.243	6	1	4.756
186	Rabani	79	0.287	7	5	4.739
187	scriptus	158	0.573	14	12	4.739
188	Legant	91	0.33	8	6	4.727
189	decimo	893	3.239	77	28	4.696
190	explanat	70	0.254	6	4	4.687
191	quarto	1121	4.066	96	47	4.685
192	tractatus	152	0.551	13	13	4.683
193	Hilarii	152	0.551	13	9	4.683
194	Ecclesiasticus	269	0.976	23	17	4.683
195	conscripti	59	0.214	5	5	4.669
196	uolumina	261	0.947	22	19	4.66
197	composuit	406	1.473	34	23	4.65
198	Historie	779	2.825	65	42	4.644
199	explanatione	60	0.218	5	5	4.642
200	Excerpta	96	0.348	8	7	4.642
201	disputatum	60	0.218	5	3	4.642
202	quinto	760	2.756	63	27	4.634
203	Isidori	181	0.657	15	12	4.634
204	secundi	402	1.458	33	29	4.619
205	delebo	61	0.221	5	5	4.616
206	Cyprianus	184	0.667	15	10	4.608
207	capitulo	935	3.391	76	24	4.603
208	Baruch	62	0.225	5	2	4.591
209	propheticis	137	0.497	11	8	4.584
210	conscripsit	176	0.638	14	12	4.569
211	Septimus	340	1.233	27	19	4.567
212	septimo	796	2.887	63	33	4.561
213	Iudith	279	1.012	22	17	4.556
214	secundo	2140	7.762	168	70	4.549
215	Sacramentorum	361	1.309	28	20	4.53
216	synodis	155	0.562	12	7	4.527
217	reperiatur	104	0.377	8	8	4.517
218	Arianos	65	0.236	5	2	4.517
219	sexto	654	2.372	50	27	4.507
220	Octauus	223	0.809	17	12	4.503
221	Numeri	709	2.571	54	19	4.501
222	Scripsit	1471	5.335	110	62	4.473
223	signatus	107	0.388	8	8	4.472
224	Incipit	1805	6.547	133	66	4.45
225	prefato	623	2.26	45	18	4.419
226	lapsis	111	0.403	8	6	4.415
227	Incipiunt	434	1.574	31	13	4.401
228	Pastoralis	169	0.613	12	8	4.392
229	Bede	155	0.562	11	11	4.391
230	sermonum	300	1.088	21	5	4.37
231	Ione	100	0.363	7	5	4.37
232	terminetur	72	0.261	5	2	4.358
233	expositum	117	0.424	8	8	4.334
234	scribat	88	0.319	6	5	4.329
235	Prudentius	88	0.319	6	5	4.329
236	uolumine	340	1.233	23	11	4.317
237	disputationis	148	0.537	10	6	4.315
238	narratur	330	1.197	22	11	4.294
239	Ieremie	287	1.041	19	10	4.284
240	Quinti	106	0.384	7	7	4.28
241	Pastoralem	92	0.334	6	4	4.261
242	ecclesiastici	369	1.338	24	19	4.256
243	Cassiani	93	0.337	6	4	4.244
244	Cypriani	124	0.45	8	6	4.244
245	Agnelli	109	0.395	7	2	4.237
246	Hilarius	203	0.736	13	6	4.232
247	nono	361	1.309	23	13	4.225
248	Lectio	693	2.513	44	17	4.219
249	legitur	3327	12.067	209	102	4.203
250	Decretorum	96	0.348	6	1	4.195
251	descripta	160	0.58	10	10	4.195
252	pastorali	209	0.758	13	6	4.188
253	gestorum	275	0.997	17	13	4.178
254	Capitula	1125	4.08	69	22	4.166
255	duodecimo	181	0.657	11	7	4.152
256	lapsi	132	0.479	8	2	4.148
257	Decimi	116	0.421	7	3	4.141
258	prefatione	166	0.602	10	10	4.138
259	uicesimo	183	0.664	11	9	4.135
260	scribuntur	117	0.424	7	7	4.128
261	decreui	101	0.366	6	4	4.117
262	precedenti	169	0.613	10	7	4.111
263	scripsisse	221	0.802	13	12	4.102
264	Hieronymus	979	3.551	57	36	4.086
265	Gregorius	2028	7.355	118	44	4.085
266	exponunt	87	0.316	5	5	4.066
267	Sequentis	244	0.885	14	11	4.064
268	legere	496	1.799	28	25	4.039
269	signati	124	0.45	7	6	4.039
270	Moysi	1466	5.317	82	38	4.025
271	undecimo	197	0.715	11	6	4.022
272	quinque	3634	13.18	201	76	4.008
273	Primus	2727	9.89	150	110	3.999
274	Augustinum	257	0.932	14	9	3.984
275	canonici	257	0.932	14	8	3.984
276	Iosue	459	1.665	25	14	3.984
277	Christiana	515	1.868	28	23	3.981
278	Heresibus	92	0.334	5	5	3.981
279	gestarum	148	0.537	8	3	3.973
280	uiuentium	611	2.216	33	26	3.971
281	tertio	2234	8.102	119	52	3.95
282	Arium	94	0.341	5	5	3.948
283	meminit	495	1.795	26	19	3.929
284	Regularum	96	0.348	5	5	3.916
285	sacrorum	444	1.61	23	18	3.908
286	philosophorum	272	0.987	14	12	3.898
287	religione	744	2.698	38	21	3.886
288	Ambrosii	235	0.852	12	9	3.886
289	capitulari	98	0.355	5	4	3.885
290	mentio	261	0.947	13	12	3.848
291	reperi	181	0.657	9	8	3.845
292	prophetie	571	2.071	28	16	3.824
293	dimissus	124	0.45	6	5	3.804
294	Bellorum	189	0.686	9	8	3.78
295	Salomonis	718	2.604	34	22	3.771
296	Primo	4829	17.514	228	89	3.767
297	Alcuinus	191	0.693	9	7	3.764
298	Iob	2983	10.819	140	76	3.758
299	ueterum	343	1.244	16	14	3.749
300	Pontificali	193	0.7	9	4	3.748
301	Gregorii	967	3.507	45	33	3.745
302	Exstant	172	0.624	8	8	3.744
303	Prosperum	108	0.392	5	3	3.737
304	Monitum	108	0.392	5	5	3.737
305	ecclesiastico	562	2.038	26	11	3.736
306	Pontificalis	130	0.472	6	2	3.733
307	disputat	130	0.472	6	4	3.733
308	Hieronymi	283	1.026	13	11	3.725
309	expositionem	198	0.718	9	7	3.71
310	quantitate	242	0.878	11	7	3.71
311	Historia	1037	3.761	47	33	3.705
312	uolumen	221	0.802	10	7	3.703
313	superiore	177	0.642	8	7	3.701
314	Alcuini	200	0.725	9	7	3.694
315	Euangelistarum	200	0.725	9	7	3.694
316	mortuos	868	3.148	39	24	3.692
317	Paschasius	134	0.486	6	3	3.687
318	Dionysius	272	0.987	12	5	3.664
319	scriptores	204	0.74	9	7	3.664
320	uirginitate	159	0.577	7	5	3.661
321	Mediolanensis	114	0.414	5	2	3.656
322	eodem	7506	27.223	327	93	3.645
323	legantur	138	0.501	6	5	3.642
324	lectori	115	0.417	5	5	3.642
325	quicumque	347	1.259	15	5	3.634
326	miraculorum	558	2.024	24	15	3.626
327	priore	282	1.023	12	7	3.61
328	Sapientie	2871	10.413	122	74	3.608
329	narrat	873	3.166	37	20	3.604
330	historiis	118	0.428	5	4	3.604
331	exordio	449	1.629	19	14	3.602
332	copiam	261	0.947	11	11	3.595
333	octauo	691	2.506	29	21	3.589
334	leguntur	624	2.263	26	25	3.578
335	expositione	433	1.57	18	16	3.575
336	superiori	366	1.327	15	8	3.553
337	diuinis	2152	7.805	88	57	3.55
338	plenius	809	2.934	33	20	3.546
339	Nuptiis	369	1.338	15	4	3.541
340	prophetarum	1727	6.264	70	42	3.537
341	librum	1166	4.229	47	7	3.528
342	legimus	2198	7.972	88	51	3.518
343	scripta	2049	7.431	82	53	3.518
344	Theodosii	125	0.453	5	3	3.517
345	Hebreorum	379	1.375	15	12	3.501
346	posterioribus	127	0.461	5	4	3.493
347	descripsit	127	0.461	5	5	3.493
348	scribit	1222	4.432	48	28	3.49
349	commemorat	536	1.944	21	16	3.486
350	ecclesiastice	674	2.445	26	17	3.462
351	supradicto	183	0.664	7	6	3.45
352	laqueis	211	0.765	8	8	3.436
353	capite	2278	8.262	86	40	3.43
354	Clementis	159	0.577	6	6	3.429
355	Conciliorum	212	0.769	8	6	3.429
356	priori	479	1.737	18	8	3.423
357	conditi	135	0.49	5	5	3.401
358	egredietur	243	0.881	9	5	3.401
359	Eusebius	189	0.686	7	6	3.401
360	Eusebii	189	0.686	7	5	3.401
361	continentem	137	0.497	5	5	3.379
362	Ciuitate	3102	11.251	112	43	3.363
363	institutione	222	0.805	8	6	3.36
364	soluere	611	2.216	22	16	3.359
365	canticorum	417	1.512	15	11	3.358
366	Euangelii	2367	8.585	85	44	3.355
367	Mattheum	279	1.012	10	9	3.352
368	Ueteris	1396	5.063	50	31	3.351
369	gentilium	699	2.535	25	20	3.349
370	catalogo	168	0.609	6	4	3.347
371	Item	9688	35.137	341	57	3.325
372	Iosephus	344	1.248	12	11	3.312
373	scribi	172	0.624	6	6	3.312
374	continentur	631	2.289	22	17	3.311
375	beatus	5441	19.734	188	68	3.297
376	Gedeon	174	0.631	6	4	3.294
377	imponere	234	0.849	8	3	3.282
378	continetur	1029	3.732	35	31	3.274
379	locorum	678	2.459	23	15	3.27
380	apertum	296	1.074	10	7	3.264
381	appellatur	1475	5.35	49	16	3.239
382	Testamentorum	151	0.548	5	5	3.234
383	exponens	337	1.222	11	8	3.213
384	quatuor	5393	19.56	176	69	3.212
385	Scriptor	216	0.783	7	7	3.202
386	scribitur	711	2.579	23	15	3.199
387	reperitur	433	1.57	14	14	3.198
388	Latinos	187	0.678	6	6	3.187
389	mentionem	439	1.592	14	11	3.178
390	historiam	817	2.963	26	14	3.175
391	hereses	316	1.146	10	4	3.166
392	legendo	160	0.58	5	5	3.148
393	exordium	384	1.393	12	12	3.148
394	seruus	2666	9.669	83	56	3.142
395	Baptismo	839	3.043	26	17	3.135
396	predestinationis	356	1.291	11	8	3.131
397	ecclesiasticorum	163	0.591	5	4	3.12
398	Testamenti	1995	7.236	61	36	3.115
399	theologia	164	0.595	5	2	3.111
400	memorat	197	0.715	6	6	3.109
401	refert	758	2.749	23	20	3.104
402	egreditur	297	1.077	9	4	3.102
403	Expositio	166	0.602	5	5	3.093
404	continet	838	3.039	25	19	3.079
405	I	4371	15.853	130	53	3.074
406	Questionibus	203	0.736	6	6	3.065
407	titulus	542	1.966	16	14	3.063
408	scriptum	8276	30.016	242	85	3.049
409	Cantica	241	0.874	7	6	3.039
410	bono	2382	8.639	69	18	3.035
411	scriptorum	173	0.627	5	4	3.031
412	Dionysii	451	1.636	13	7	3.027
413	totidem	347	1.259	10	9	3.027
414	posuimus	244	0.885	7	4	3.02
415	legis	5802	21.043	165	75	3.007
416	nominibus	704	2.553	20	11	3.006
417	Leuitico	212	0.769	6	4	3
418	precedentibus	394	1.429	11	8	2.98
419	diuersos	323	1.172	9	8	2.977
420	essem	396	1.436	11	9	2.973
421	diuersorum	325	1.179	9	8	2.968
422	testantur	400	1.451	11	10	2.958
423	copia	437	1.585	12	9	2.955
424	Iudaicus	221	0.802	6	5	2.939
425	duos	2676	9.706	71	45	2.905
426	Daniel	382	1.386	10	10	2.885
427	prioribus	535	1.94	14	8	2.884
428	demonstrat	1149	4.167	30	23	2.881
429	Amos	271	0.983	7	5	2.865
430	habentur	581	2.107	15	12	2.864
431	Hebreos	582	2.111	15	10	2.862
432	Psalterium	235	0.852	6	6	2.848
433	plerisque	197	0.715	5	4	2.839
434	Agone	197	0.715	5	4	2.839
435	doctor	1222	4.432	31	19	2.838
436	tractatu	240	0.87	6	5	2.816
437	declaratur	362	1.313	9	8	2.808
438	plagas	322	1.168	8	8	2.807
439	Ezechiel	363	1.317	9	5	2.804
440	reperiuntur	242	0.878	6	5	2.804
441	respicere	202	0.733	5	4	2.802
442	libero	528	1.915	13	7	2.794
443	manifestat	652	2.365	16	6	2.789
444	Incarnatione	367	1.331	9	8	2.788
445	Xxix	329	1.193	8	7	2.775
446	Marci	289	1.048	7	6	2.77
447	Beda	1157	4.196	28	9	2.768
448	prefatis	248	0.9	6	3	2.768
449	Iuliani	249	0.903	6	3	2.762
450	debito	334	1.211	8	5	2.753
451	Lucam	253	0.918	6	4	2.738
452	idem	9197	33.356	218	50	2.738
453	constitutione	254	0.921	6	4	2.733
454	antiquorum	381	1.382	9	9	2.733
455	titulo	510	1.85	12	9	2.727
456	liber	2348	8.516	55	27	2.72
457	bibliotheca	214	0.776	5	4	2.716
458	catholicorum	471	1.708	11	10	2.716
459	capitulis	473	1.716	11	8	2.71
460	eorumdem	480	1.741	11	10	2.688
461	primi	1411	5.118	32	23	2.672
462	superioribus	753	2.731	17	10	2.666
463	creaturarum	268	0.972	6	5	2.653
464	auctoribus	224	0.812	5	4	2.649
465	testante	269	0.976	6	6	2.648
466	uersibus	269	0.976	6	6	2.648
467	operis	2291	8.309	51	33	2.645
468	istius	1309	4.748	29	20	2.638
469	Augustino	321	1.164	7	6	2.615
470	antiquis	552	2.002	12	11	2.61
471	legit	598	2.169	13	8	2.61
472	Felicem	277	1.005	6	4	2.605
473	recipiunt	279	1.012	6	6	2.594
474	termino	234	0.849	5	4	2.585
475	questiones	281	1.019	6	5	2.583
476	sanctus	8553	31.021	181	40	2.57
477	gratis	947	3.435	20	6	2.567
478	Osee	285	1.034	6	4	2.563
479	Exstat	335	1.215	7	6	2.552
480	suarum	1151	4.175	24	15	2.549
481	sufficienter	336	1.219	7	7	2.547
482	beati	6144	22.283	128	69	2.547
483	Perfectione	385	1.396	8	6	2.543
484	Xxii	483	1.752	10	9	2.538
485	inueniuntur	632	2.292	13	12	2.528
486	congregauit	244	0.885	5	5	2.523
487	comprobatur	244	0.885	5	5	2.523
488	Ludouicum	247	0.896	5	5	2.505
489	coniugii	247	0.896	5	3	2.505
490	conscripta	248	0.9	5	5	2.499
491	doctoris	397	1.44	8	6	2.498
492	mystica	399	1.447	8	5	2.491
493	sententias	551	1.998	11	11	2.484
494	aliquot	502	1.821	10	8	2.481
495	inuenimus	703	2.55	14	11	2.481
496	scribe	554	2.009	11	7	2.476
497	aperuit	655	2.376	13	9	2.476
498	Matthei	253	0.918	5	4	2.47
499	reperimus	253	0.918	5	5	2.47
500	Gestis	710	2.575	14	12	2.466
501	legum	408	1.48	8	6	2.458
502	uidisse	415	1.505	8	8	2.433
503	epistolas	623	2.26	12	7	2.432
504	testimonia	988	3.583	19	13	2.429
505	manifestissime	260	0.943	5	5	2.429
506	comprehendit	313	1.135	6	6	2.425
507	Ecclesiasticum	370	1.342	7	7	2.405
508	lectione	529	1.919	10	9	2.404
509	Genesi	529	1.919	10	5	2.404
510	Ade	427	1.549	8	5	2.391
511	Grecorum	592	2.147	11	11	2.379
512	testatur	1634	5.926	30	25	2.361
513	latius	383	1.389	7	7	2.355
514	prioris	495	1.795	9	3	2.347
515	apertius	440	1.596	8	8	2.347
516	quotiescunque	276	1.001	5	5	2.342
517	Iu	3446	12.498	62	36	2.332
518	describit	335	1.215	6	6	2.325
519	Canonicis	448	1.625	8	6	2.32
520	tertium	900	3.264	16	13	2.314
521	scribere	678	2.459	12	11	2.307
522	inuentus	794	2.88	14	13	2.302
523	aduocatus	286	1.037	5	3	2.289
524	Iesu	6492	23.546	113	54	2.283
525	refertur	634	2.299	11	10	2.278
526	nouis	289	1.048	5	4	2.274
527	habetur	1516	5.498	26	21	2.261
528	fine	3037	11.015	52	37	2.259
529	nonnulla	468	1.697	8	6	2.256
530	octoginta	352	1.277	6	6	2.252
531	unus	6417	23.274	108	16	2.234
532	cuiusdam	776	2.814	13	11	2.227
533	Agni	598	2.169	10	7	2.224
534	plures	1802	6.536	30	15	2.218
535	codice	545	1.977	9	8	2.206
536	exiit	364	1.32	6	4	2.203
537	sacros	486	1.763	8	7	2.201
538	exhibet	304	1.103	5	5	2.2
539	Mendacio	365	1.324	6	6	2.199
540	Caput	12364	44.842	203	65	2.197
541	eiusdem	6579	23.861	108	62	2.197
542	ingenii	366	1.327	6	4	2.195
543	Sacramentis	614	2.227	10	5	2.185
544	auctoris	371	1.346	6	6	2.175
545	Canonum	1176	4.265	19	15	2.174
546	seriem	375	1.36	6	6	2.159
547	prophete	2564	9.299	41	30	2.158
548	potui	438	1.589	7	7	2.158
549	Tabernaculo	570	2.067	9	2	2.14
550	partim	888	3.221	14	11	2.138
551	Noui	1776	6.441	28	23	2.138
552	appellauit	381	1.382	6	6	2.136
553	uiginti	2038	7.392	32	18	2.132
554	Pastoris	513	1.861	8	7	2.122
555	capita	707	2.564	11	4	2.118
556	ornamenta	322	1.168	5	4	2.115
557	Penitentia	1620	5.876	25	13	2.106
558	euidenter	650	2.358	10	9	2.102
559	auctor	1238	4.49	19	17	2.098
560	testimoniis	524	1.901	8	8	2.091
561	de	136672	495.689	2086	342	2.09
562	principio	1587	5.756	24	18	2.077
563	Iii	4170	15.124	63	36	2.075
564	inuenitur	1459	5.292	22	19	2.072
565	breuiter	1128	4.091	17	14	2.072
566	predicto	664	2.408	10	8	2.071
567	considerandum	399	1.447	6	4	2.068
568	finem	4190	15.197	63	36	2.068
569	sacre	1333	4.835	20	16	2.065
570	Apocalypsi	668	2.423	10	9	2.062
571	doctorum	804	2.916	12	8	2.057
572	Scripture	1617	5.865	24	15	2.049
573	Conditor	473	1.716	7	7	2.045
574	declarat	476	1.726	7	7	2.036
575	demonstratur	477	1.73	7	7	2.033
576	deest	478	1.734	7	7	2.03
577	ostendunt	479	1.737	7	7	2.027
578	paganorum	411	1.491	6	6	2.025
579	Responsio	412	1.494	6	2	2.021
580	nomina	1928	6.993	28	27	2.017
581	sequenti	621	2.252	9	9	2.014
582	Codicibus	346	1.255	5	5	2.01
583	imposuit	346	1.255	5	4	2.01
584	Legi	969	3.514	14	14	2.01
585	pauca	1321	4.791	19	14	2.003
586	Benedicti	1470	5.332	21	6	1.993
587	pleniter	494	1.792	7	6	1.981
588	aduersum	1417	5.139	20	5	1.976
589	Priorum	355	1.288	5	4	1.973
590	custos	569	2.064	8	2	1.97
591	uite	11118	40.323	156	98	1.967
592	libri	1369	4.965	19	8	1.951
593	auctores	435	1.578	6	4	1.942
594	diuinarum	585	2.122	8	7	1.929
595	Ii	4832	17.525	66	39	1.928
596	iustorum	1099	3.986	15	7	1.927
597	Epistole	953	3.456	13	12	1.926
598	Origine	440	1.596	6	6	1.925
599	Ecclesiastica	954	3.46	13	9	1.924
600	isto	1476	5.353	20	15	1.916
601	iuuenis	449	1.629	6	6	1.896
602	Carolum	674	2.445	9	7	1.895
603	huius	11730	42.543	156	86	1.889
604	eosdem	752	2.727	10	7	1.888
605	indicat	602	2.183	8	8	1.888
606	monachus	986	3.576	13	7	1.876
607	apostolorum	5022	18.214	66	32	1.871
608	exponit	688	2.495	9	9	1.864
609	exposuit	384	1.393	5	5	1.858
610	officiis	615	2.231	8	8	1.856
611	uocatus	847	3.072	11	8	1.854
612	artis	464	1.683	6	5	1.848
613	sermone	2172	7.878	28	21	1.843
614	hunc	6501	23.578	83	65	1.829
615	utilis	392	1.422	5	5	1.828
616	Samuel	393	1.425	5	3	1.824
617	quem	20657	74.92	262	139	1.819
618	duorum	794	2.88	10	10	1.809
619	Libello	400	1.451	5	5	1.798
620	manifeste	1127	4.088	14	13	1.789
621	capitulum	564	2.046	7	6	1.788
622	Actus	1059	3.841	13	10	1.772
623	Caroli	1468	5.324	18	9	1.77
624	X	2211	8.019	27	16	1.764
625	prefati	738	2.677	9	9	1.762
626	tres	4679	16.97	57	39	1.76
627	ecclesiasticis	1073	3.892	13	11	1.752
628	en	497	1.803	6	5	1.747
629	istorum	418	1.516	5	4	1.734
630	in	463796	1682.119	5543	485	1.732
631	discere	421	1.527	5	5	1.723
632	adiecit	422	1.531	5	5	1.72
633	nusquam	677	2.455	8	7	1.716
634	Xui	1018	3.692	12	8	1.712
635	postulat	428	1.552	5	4	1.699
636	diuini	1542	5.593	18	15	1.698
637	octo	1632	5.919	19	15	1.694
638	trium	862	3.126	10	9	1.689
639	istos	520	1.886	6	4	1.681
640	doctrina	2780	10.083	32	25	1.678
641	sententiis	525	1.904	6	6	1.667
642	Uii	2452	8.893	28	15	1.666
643	adiutorio	528	1.915	6	5	1.659
644	U	3578	12.977	40	23	1.635
645	Xi	1524	5.527	17	14	1.632
646	unum	11256	40.824	125	38	1.625
647	lector	723	2.622	8	7	1.62
648	nouem	996	3.612	11	9	1.617
649	perhibetur	453	1.643	5	4	1.616
650	conscientie	454	1.647	5	5	1.613
651	hos	2454	8.9	27	21	1.612
652	prefatus	640	2.321	7	6	1.603
653	sequentibus	918	3.329	10	8	1.597
654	initio	1655	6.002	18	15	1.595
655	integrum	738	2.677	8	7	1.59
656	quot	1015	3.681	11	11	1.59
657	comitis	558	2.024	6	5	1.578
658	nominatur	663	2.405	7	6	1.552
659	Miraculis	856	3.105	9	6	1.546
660	permaneat	574	2.082	6	4	1.537
661	duodecim	2409	8.737	25	19	1.527
662	Dono	966	3.504	10	5	1.523
663	Ui	3736	13.55	38	21	1.497
664	dicto	689	2.499	7	7	1.496
665	studuit	494	1.792	5	5	1.49
666	Isaiam	496	1.799	5	4	1.484
667	offert	502	1.821	5	5	1.467
668	regibus	1113	4.037	11	7	1.455
669	Pauli	1822	6.608	18	14	1.455
670	Patrum	3751	13.604	37	27	1.453
671	Pontificum	914	3.315	9	8	1.45
672	uerba	6519	23.643	64	45	1.446
673	plurimi	510	1.85	5	4	1.444
674	Pluribus	821	2.978	8	8	1.435
675	finis	1547	5.611	15	12	1.428
676	contra	16153	58.585	155	55	1.412
677	diuine	3890	14.109	37	28	1.4
678	scribens	631	2.289	6	6	1.399
679	terminum	631	2.289	6	6	1.399
680	accipiat	948	3.438	9	4	1.397
681	septem	4445	16.121	42	24	1.39
682	sancti	19414	70.412	183	83	1.386
683	Mattheus	746	2.706	7	6	1.38
684	Paradiso	750	2.72	7	3	1.372
685	uno	4827	17.507	45	22	1.37
686	homilia	752	2.727	7	7	1.368
687	eumdem	2795	10.137	26	15	1.367
688	iste	6251	22.672	58	39	1.363
689	Uiii	2494	9.045	23	15	1.355
690	Fide	7524	27.288	69	31	1.346
691	Xx	764	2.771	7	5	1.345
692	Celesti	1316	4.773	12	6	1.338
693	Isaia	664	2.408	6	5	1.325
694	Salomon	1443	5.234	13	11	1.32
695	Plaga	557	2.02	5	5	1.315
696	Redemptor	782	2.836	7	5	1.311
697	quos	13860	50.268	123	82	1.299
698	arbitrio	1015	3.681	9	8	1.297
699	Xuiii	904	3.279	8	7	1.294
700	frequenter	1253	4.544	11	10	1.283
701	singulorum	685	2.484	6	4	1.28
702	breui	572	2.075	5	5	1.277
703	predicti	801	2.905	7	7	1.276
704	aduersus	3779	13.706	33	25	1.275
705	sanctorum	10098	36.624	88	43	1.272
706	Ioannis	2206	8.001	19	15	1.255
707	imperatorem	1046	3.794	9	8	1.254
708	ostenditur	1397	5.067	12	10	1.251
709	initium	1521	5.516	13	13	1.244
710	Ex	62436	226.446	531	178	1.237
711	arbitror	708	2.568	6	6	1.231
712	Uiris	1423	5.161	12	12	1.224
713	centum	1544	5.6	13	11	1.222
714	ordines	714	2.59	6	5	1.219
715	natiuitate	596	2.162	5	5	1.217
716	quosdam	1554	5.636	13	12	1.213
717	Hebrei	598	2.169	5	5	1.212
718	diligenter	1675	6.075	14	14	1.211
719	Xu	1323	4.798	11	8	1.204
720	Canticum	726	2.633	6	5	1.195
721	uera	3401	12.335	28	16	1.189
722	presumpserit	609	2.209	5	4	1.185
723	accepit	2807	10.181	23	14	1.182
724	uestimenta	984	3.569	8	8	1.171
725	intelliguntur	741	2.688	6	5	1.165
726	scriptis	875	3.174	7	7	1.148
727	testimonio	876	3.177	7	7	1.146
728	Xii	2009	7.286	16	14	1.141
729	arce	630	2.285	5	5	1.136
730	aliqui	757	2.746	6	4	1.134
731	tuo	4801	17.413	38	29	1.132
732	inter	18369	66.622	145	70	1.128
733	docet	1922	6.971	15	13	1.112
734	auctorem	773	2.804	6	6	1.104
735	Scripturarum	1950	7.072	15	14	1.091
736	papa	2730	9.901	21	18	1.091
737	auri	782	2.836	6	6	1.087
738	Testamentum	1304	4.729	10	9	1.086
739	nempe	785	2.847	6	6	1.081
740	alius	2767	10.036	21	13	1.071
741	Percussit	664	2.408	5	4	1.06
742	cultu	665	2.412	5	5	1.057
743	satis	3060	11.098	23	18	1.057
744	homo	11409	41.379	85	30	1.044
745	contulit	808	2.931	6	5	1.039
746	significant	943	3.42	7	7	1.039
747	conditione	676	2.452	5	5	1.034
748	personis	812	2.945	6	3	1.032
749	quoque	16521	59.919	122	70	1.031
750	diuersis	2046	7.421	15	15	1.021
751	archiepiscopum	682	2.474	5	5	1.021
752	Preterea	1228	4.454	9	8	1.02
753	quodam	1912	6.935	14	14	1.019
754	Isaias	1093	3.964	8	4	1.018
755	Laude	1094	3.968	8	8	1.017
756	presentis	1780	6.456	13	8	1.015
757	Christiane	685	2.484	5	5	1.014
758	uersus	1098	3.982	8	8	1.012
759	panes	825	2.992	6	6	1.009
760	intentio	688	2.495	5	3	1.008
761	imagines	964	3.496	7	3	1.007
762	partem	3447	12.502	25	20	1.005
763	solidos	690	2.503	5	5	1.004
764	numero	3046	11.047	22	16	0.999
765	Hinc	7123	25.834	51	29	0.986
766	testis	851	3.087	6	5	0.964
767	clericorum	993	3.602	7	6	0.964
768	teste	710	2.575	5	5	0.962
769	Reuera	711	2.579	5	5	0.96
770	synodi	711	2.579	5	4	0.96
771	magnam	1001	3.631	7	7	0.952
772	precipue	1288	4.671	9	8	0.951
773	duobus	3025	10.971	21	17	0.941
774	prophetia	721	2.615	5	5	0.94
775	primum	6073	22.026	42	31	0.936
776	plurima	1018	3.692	7	7	0.928
777	loquens	728	2.64	5	4	0.926
778	duo	5406	19.607	37	24	0.921
779	sicut	40799	147.972	278	117	0.914
780	ordinem	2503	9.078	17	16	0.91
781	septuaginta	1934	7.014	13	8	0.895
782	quibusdam	2976	10.794	20	18	0.894
783	tribus	3877	14.061	26	22	0.891
784	christianorum	1047	3.797	7	6	0.887
785	quorum	7967	28.895	53	39	0.88
786	dicitur	19450	70.542	129	64	0.875
787	sermonis	754	2.735	5	5	0.875
788	aperte	1811	6.568	12	9	0.874
789	Magni	1511	5.48	10	8	0.872
790	dignus	1376	4.991	9	7	0.855
791	desiderat	919	3.333	6	5	0.852
792	predictus	769	2.789	5	5	0.846
793	Uidi	927	3.362	6	6	0.84
794	quadraginta	1702	6.173	11	9	0.838
795	manibus	3106	11.265	20	15	0.832
796	uenerabilis	1716	6.224	11	10	0.826
797	debitum	780	2.829	5	3	0.826
798	euangelista	1406	5.099	9	7	0.824
799	multorum	1411	5.118	9	8	0.818
800	triginta	1573	5.705	10	10	0.814
801	Moysen	1428	5.179	9	9	0.801
802	intus	1906	6.913	12	8	0.8
803	hereticorum	1271	4.61	8	6	0.799
804	cetera	4000	14.507	25	19	0.789
805	Totus	1602	5.81	10	9	0.787
806	principium	1288	4.671	8	7	0.78
807	epistolam	1288	4.671	8	7	0.78
808	tulit	806	2.923	5	5	0.778
809	abbatis	1136	4.12	7	5	0.768
810	idolorum	813	2.949	5	5	0.766
811	femina	814	2.952	5	5	0.764
812	libro	4565	16.557	28	12	0.762
813	Sancta	6735	24.427	41	29	0.751
814	pre	2146	7.783	13	7	0.744
815	:	232010	841.466	1404	243	0.742
816	Grece	1158	4.2	7	5	0.741
817	plura	1161	4.211	7	7	0.737
818	motus	1165	4.225	7	2	0.732
819	obtulit	833	3.021	5	5	0.73
820	tenet	1172	4.251	7	6	0.723
821	Probatur	838	3.039	5	5	0.722
822	ita	28529	103.471	170	87	0.72
823	Moyses	2350	8.523	14	12	0.719
824	dicit	25130	91.143	149	51	0.712
825	posuit	2195	7.961	13	12	0.711
826	lapides	1022	3.707	6	5	0.698
827	propriis	1541	5.589	9	7	0.691
828	tum	2227	8.077	13	10	0.69
829	sequitur	6547	23.745	38	21	0.682
830	prout	1383	5.016	8	8	0.677
831	arte	867	3.145	5	5	0.672
832	uariis	1047	3.797	6	6	0.663
833	cuius	15182	55.063	87	65	0.663
834	Trinitatis	1748	6.34	10	9	0.661
835	beato	1575	5.712	9	7	0.659
836	Scriptura	3694	13.398	21	15	0.651
837	Denique	3179	11.53	18	17	0.646
838	multa	5868	21.282	33	26	0.636
839	auctoritatis	1067	3.87	6	6	0.636
840	tria	1611	5.843	9	9	0.626
841	fertur	896	3.25	5	5	0.624
842	prior	1076	3.903	6	4	0.623
843	appellat	897	3.253	5	5	0.623
844	alium	1980	7.181	11	7	0.618
845	multi	3434	12.455	19	15	0.612
846	(	30251	109.716	167	72	0.609
847	inuenire	1087	3.942	6	4	0.609
848	Primam	910	3.3	5	5	0.602
849	maxime	3869	14.032	21	20	0.584
850	Unde	25621	92.924	139	69	0.584
851	Habent	4249	15.411	23	19	0.58
852	audit	929	3.369	5	4	0.572
853	memorie	1308	4.744	7	7	0.564
854	solus	3183	11.544	17	16	0.561
855	decem	3195	11.588	17	17	0.555
856	testimonium	3199	11.602	17	16	0.554
857	dolore	943	3.42	5	5	0.55
858	uerbis	5501	19.951	29	25	0.542
859	Cura	1711	6.206	9	8	0.539
860	Disciplina	952	3.453	5	4	0.537
861	imperatoris	2097	7.606	11	6	0.535
862	Ceterum	1144	4.149	6	6	0.535
863	iustitie	3646	13.224	19	15	0.525
864	Similiter	5768	20.92	30	25	0.522
865	haud	963	3.493	5	5	0.52
866	unius	3099	11.24	16	13	0.512
867	tradidit	1946	7.058	10	7	0.505
868	constituit	1560	5.658	8	8	0.502
869	Romanorum	1369	4.965	7	6	0.498
870	ostendit	5482	19.882	28	23	0.496
871	sanctis	4324	15.683	22	15	0.49
872	gesta	1383	5.016	7	6	0.483
873	exempla	1187	4.305	6	6	0.481
874	fere	991	3.594	5	5	0.478
875	temporibus	3574	12.962	18	12	0.476
876	Amen	3393	12.306	17	17	0.468
877	Patet	1198	4.345	6	6	0.468
878	litteras	1398	5.07	7	7	0.467
879	saltem	1600	5.803	8	8	0.465
880	multos	2001	7.257	10	9	0.464
881	sensu	1803	6.539	9	9	0.463
882	hic	18456	66.937	92	62	0.461
883	Laus	1005	3.645	5	4	0.458
884	alios	3821	13.858	19	16	0.457
885	studio	1811	6.568	9	9	0.456
886	uideretur	1012	3.67	5	5	0.448
887	psalmus	1429	5.183	7	6	0.435
888	lege	4918	17.837	24	17	0.43
889	Spiritu	7382	26.773	36	14	0.429
890	Saul	1031	3.739	5	5	0.421
891	Natura	4347	15.766	21	10	0.415
892	singulis	2282	8.277	11	9	0.412
893	mortis	3752	13.608	18	14	0.405
894	pene	2923	10.601	14	13	0.403
895	rite	1044	3.786	5	4	0.403
896	maxima	1047	3.797	5	5	0.399
897	suos	6301	22.853	30	26	0.394
898	memoriam	1907	6.916	9	8	0.381
899	pape	2755	9.992	13	10	0.381
900	miracula	1062	3.852	5	4	0.378
901	necnon	1487	5.393	7	7	0.378
902	.	894868	3245.554	4209	449	0.377
903	Uide	1279	4.639	6	5	0.373
904	Dominica	1279	4.639	6	3	0.373
905	uasa	1497	5.429	7	6	0.368
906	positum	1073	3.892	5	5	0.363
907	Hactenus	1292	4.686	6	6	0.358
908	nomen	8419	30.535	39	31	0.354
909	quodammodo	1085	3.935	5	4	0.347
910	uoluerit	2172	7.878	10	8	0.346
911	uocatur	2641	9.579	12	11	0.326
912	duabus	1108	4.019	5	5	0.317
913	magnum	1997	7.243	9	8	0.315
914	S	7161	25.972	32	28	0.302
915	Corpore	5382	19.52	24	14	0.299
916	presenti	2919	10.587	13	11	0.297
917	quo	34150	123.857	152	95	0.297
918	Preter	2710	9.829	12	12	0.289
919	audi	1151	4.175	5	5	0.261
920	notandum	1612	5.847	7	7	0.261
921	Seu	6014	21.812	26	23	0.254
922	proinde	1158	4.2	5	5	0.253
923	ubi	18833	68.305	81	62	0.247
924	faceret	1166	4.229	5	5	0.243
925	superius	3276	11.882	14	12	0.238
926	scire	1876	6.804	8	8	0.235
927	cur	3768	13.666	16	14	0.228
928	Supra	6866	24.902	29	21	0.221
929	numerus	2131	7.729	9	8	0.221
930	diximus	3081	11.174	13	12	0.219
931	millia	2134	7.74	9	7	0.219
932	catholice	1669	6.053	7	4	0.21
933	Quidam	6209	22.519	26	24	0.208
934	domni	1434	5.201	6	6	0.207
935	an	4310	15.632	18	12	0.204
936	loquitur	3834	13.905	16	15	0.203
937	Porro	2399	8.701	10	9	0.202
938	quibus	25792	93.544	107	68	0.195
939	sacri	1206	4.374	5	4	0.194
940	medium	1211	4.392	5	5	0.188
941	secunda	1939	7.033	8	8	0.187
942	dicens	10689	38.767	44	31	0.183
943	sententiam	2675	9.702	11	5	0.182
944	memoria	1462	5.303	6	6	0.179
945	Certe	2932	10.634	12	10	0.175
946	gratie	2938	10.656	12	2	0.172
947	aliquem	1228	4.454	5	5	0.168
948	episcopus	9920	35.978	40	24	0.153
949	quippe	7694	27.905	31	21	0.152
950	exinde	1244	4.512	5	5	0.149
951	populus	4983	18.073	20	16	0.147
952	siue	16962	61.519	68	43	0.145
953	aliis	7744	28.086	31	26	0.143
954	suis	18251	66.194	73	48	0.142
955	undique	1251	4.537	5	4	0.141
956	utrumque	1761	6.387	7	6	0.133
957	magister	1270	4.606	5	5	0.119
958	sacris	2040	7.399	8	8	0.113
959	uix	1790	6.492	7	7	0.109
960	Ait	17493	63.445	68	40	0.1
961	nostrorum	2327	8.44	9	6	0.093
962	alio	3362	12.194	13	11	0.093
963	sex	2329	8.447	9	6	0.092
964	dicente	2087	7.569	8	8	0.08
965	alterius	2354	8.538	9	8	0.076
966	nil	1573	5.705	6	5	0.073
967	Propheta	5273	19.124	20	16	0.065
968	Uita	9843	35.699	37	32	0.052
969	etiam	39496	143.246	148	95	0.047
970	Ioannes	4564	16.553	17	11	0.039
971	scientiam	1621	5.879	6	6	0.029
972	Hoc	68485	248.385	253	118	0.027
973	prima	3524	12.781	13	10	0.025
974	litteram	1360	4.933	5	5	0.02
975	suo	14496	52.575	53	36	0.012
976	Euangelium	2772	10.054	10	7	-0.008
977	nullus	6102	22.131	22	19	-0.009
978	sunt	72096	261.482	259	116	-0.014
979	Iuda	1951	7.076	7	6	-0.016
980	tantum	10340	37.502	37	25	-0.019
981	missus	1398	5.07	5	5	-0.02
982	qui	164490	596.581	587	210	-0.023
983	omnes	23853	86.511	85	62	-0.026
984	Re	3396	12.317	12	11	-0.038
985	annum	1701	6.169	6	6	-0.04
986	constat	2554	9.263	9	9	-0.042
987	ut	166832	605.075	583	170	-0.054
988	dicuntur	3173	11.508	11	11	-0.065
989	presbyter	2311	8.382	8	7	-0.067
990	prophetam	2601	9.433	9	8	-0.068
991	iuxta	12151	44.07	42	28	-0.07
992	secundum	20850	75.62	72	54	-0.071
993	antea	1450	5.259	5	5	-0.073
994	accipere	2325	8.432	8	6	-0.076
995	alter	2036	7.384	7	7	-0.077
996	apud	14014	50.827	48	32	-0.083
997	anime	4966	18.011	17	13	-0.084
998	;	116352	421.992	398	151	-0.085
999	Nunquid	2642	9.582	9	8	-0.091
1000	Fiat	3249	11.784	11	11	-0.1
1001	Neque	16128	58.494	54	38	-0.116
1002	totum	4540	16.466	15	14	-0.135
1003	ueluti	1816	6.586	6	5	-0.135
1004	Siquidem	3033	11	10	8	-0.138
1005	uidetur	5463	19.814	18	14	-0.139
1006	sub	14326	51.958	47	32	-0.145
1007	multis	4879	17.695	16	16	-0.146
1008	ipse	28742	104.243	94	56	-0.15
1009	postea	4899	17.768	16	14	-0.152
1010	sacerdotes	3065	11.116	10	9	-0.153
1011	profecto	2155	7.816	7	7	-0.16
1012	hac	9255	33.567	30	24	-0.163
1013	Quomodo	10295	37.338	33	25	-0.179
1014	olim	2184	7.921	7	7	-0.179
1015	tam	10045	36.432	32	26	-0.188
1016	sum	8214	29.791	26	15	-0.197
1017	adeo	1586	5.752	5	5	-0.203
1018	Saluatoris	2546	9.234	8	6	-0.208
1019	episcopi	7018	25.453	22	15	-0.211
1020	illo	8616	31.249	27	24	-0.212
1021	igitur	11511	41.749	36	27	-0.214
1022	canones	1603	5.814	5	5	-0.218
1023	medio	3221	11.682	10	10	-0.225
1024	synodo	1933	7.011	6	3	-0.225
1025	culpa	1611	5.843	5	4	-0.226
1026	Nam	23565	85.467	73	45	-0.228
1027	Romane	1941	7.04	6	5	-0.231
1028	penitus	2589	9.39	8	8	-0.232
1029	ipsum	11054	40.091	34	26	-0.239
1030	nimirum	2607	9.455	8	8	-0.242
1031	Quare	3911	14.185	12	10	-0.242
1032	quas	6197	22.476	19	19	-0.243
1033	iam	20595	74.695	63	47	-0.246
1034	misit	3285	11.914	10	10	-0.254
1035	parte	5608	20.339	17	15	-0.26
1036	,	2210261	8016.289	6686	591	-0.263
1037	sit	27786	100.776	84	63	-0.264
1038	locutus	2328	8.443	7	6	-0.271
1039	eas	3004	10.895	9	8	-0.277
1040	uidelicet	10383	37.658	31	22	-0.282
1041	facile	1679	6.09	5	5	-0.285
1042	quod	133459	484.036	397	142	-0.287
1043	lingua	2354	8.538	7	7	-0.287
1044	est	273513	991.991	810	252	-0.293
1045	Hec	30798	111.7	91	68	-0.297
1046	Actibus	1696	6.151	5	5	-0.3
1047	proprie	2375	8.614	7	7	-0.3
1048	opus	5429	19.69	16	16	-0.3
1049	fecit	8877	32.196	26	22	-0.309
1050	quis	16434	59.604	48	35	-0.313
1051	et	725334	2630.679	2118	402	-0.314
1052	His	21236	77.02	62	46	-0.314
1053	insuper	1715	6.22	5	5	-0.316
1054	habebat	1733	6.285	5	5	-0.331
1055	diuina	6586	23.886	19	16	-0.331
1056	eadem	7673	27.829	22	19	-0.34
1057	fuerat	4559	16.535	13	13	-0.348
1058	Ioseph	1767	6.409	5	4	-0.359
1059	tandem	2476	8.98	7	5	-0.361
1060	Ciuitatis	2491	9.035	7	5	-0.369
1061	celi	3203	11.617	9	8	-0.369
1062	rem	1783	6.467	5	5	-0.372
1063	Fidei	9336	33.86	26	19	-0.382
1064	nemo	5801	21.039	16	12	-0.396
1065	fuisse	5097	18.486	14	11	-0.402
1066	Pascha	1826	6.623	5	2	-0.407
1067	poterit	2245	8.142	6	6	-0.442
1068	intelligi	3002	10.888	8	6	-0.446
1069	litteris	2264	8.211	6	5	-0.454
1070	illud	13210	47.911	35	27	-0.454
1071	meo	3784	13.724	10	7	-0.458
1072	uelut	3406	12.353	9	9	-0.458
1073	At	3787	13.735	10	7	-0.459
1074	super	23580	85.521	62	42	-0.465
1075	solum	10659	38.659	28	26	-0.467
1076	iterum	6856	24.866	18	16	-0.468
1077	uidere	2288	8.298	6	6	-0.469
1078	loco	10297	37.346	27	20	-0.469
1079	enim	66589	241.508	174	97	-0.474
1080	fratribus	3064	11.113	8	8	-0.476
1081	sepe	3840	13.927	10	6	-0.479
1082	nomine	11537	41.843	30	26	-0.482
1083	habeat	3077	11.16	8	7	-0.482
1084	eius	58490	212.135	152	96	-0.482
1085	noster	5472	19.846	14	11	-0.505
1086	dicta	3129	11.348	8	8	-0.506
1087	si	77083	279.569	196	98	-0.514
1088	hodie	2361	8.563	6	5	-0.515
1089	inde	7880	28.58	20	18	-0.517
1090	ira	1975	7.163	5	2	-0.52
1091	eorum	25018	90.737	63	45	-0.528
1092	alibi	2804	10.17	7	7	-0.54
1093	manu	4837	17.543	12	10	-0.55
1094	debeat	2020	7.326	5	4	-0.553
1095	ceteris	4447	16.129	11	10	-0.554
1096	peccato	3649	13.234	9	8	-0.558
1097	illum	8925	32.37	22	19	-0.559
1098	ab	47676	172.914	117	84	-0.565
1099	isti	2860	10.373	7	6	-0.569
1100	lex	3682	13.354	9	8	-0.571
1101	Marie	2048	7.428	5	5	-0.573
1102	Epistola	4513	16.368	11	8	-0.575
1103	exemplum	2462	8.929	6	4	-0.575
1104	gentium	3716	13.477	9	8	-0.584
1105	ille	15694	56.92	38	32	-0.585
1106	alia	7470	27.093	18	17	-0.592
1107	longe	3330	12.077	8	7	-0.596
1108	sic	22224	80.603	53	45	-0.607
1109	ad	177121	642.392	422	181	-0.608
1110	quidquid	4654	16.879	11	10	-0.62
1111	cui	11424	41.433	27	25	-0.62
1112	dixit	12295	44.592	29	17	-0.623
1113	esse	42728	154.968	100	77	-0.634
1114	nunquam	4722	17.126	11	10	-0.641
1115	intelligere	2159	7.83	5	5	-0.649
1116	modum	2159	7.83	5	5	-0.649
1117	Christi	23773	86.221	55	35	-0.651
1118	omnium	11251	40.806	26	24	-0.652
1119	Postquam	3897	14.134	9	9	-0.653
1120	bene	8253	29.932	19	15	-0.658
1121	fuit	11793	42.772	27	22	-0.666
1122	factus	4823	17.492	11	10	-0.671
1123	fit	3967	14.388	9	9	-0.679
1124	cuncta	3543	12.85	8	8	-0.686
1125	uero	35931	130.316	81	64	-0.688
1126	coram	4889	17.732	11	10	-0.691
1127	propterea	3112	11.287	7	7	-0.691
1128	posset	2669	9.68	6	6	-0.692
1129	quidem	13370	48.491	30	27	-0.695
1130	Pater	11157	40.465	25	17	-0.697
1131	que	105304	381.922	235	137	-0.703
1132	rei	2694	9.771	6	6	-0.706
1133	es	6288	22.806	14	12	-0.706
1134	uel	61906	224.524	137	76	-0.715
1135	cum	118100	428.331	261	149	-0.717
1136	eo	25904	93.95	57	46	-0.723
1137	a	90890	329.645	199	128	-0.73
1138	atque	32045	116.223	70	47	-0.734
1139	utique	5038	18.272	11	10	-0.734
1140	habere	8274	30.009	18	16	-0.739
1141	gentes	4142	15.022	9	3	-0.741
1142	Abraham	2764	10.025	6	5	-0.743
1143	scilicet	11574	41.977	25	21	-0.75
1144	Nature	3245	11.769	7	4	-0.752
1145	ergo	29670	107.609	64	45	-0.752
1146	autem	64914	235.434	140	78	-0.752
1147	Is	2320	8.414	5	5	-0.753
1148	ore	4202	15.24	9	8	-0.762
1149	licet	7008	25.417	15	15	-0.763
1150	illos	5169	18.747	11	10	-0.771
1151	partes	2365	8.578	5	4	-0.781
1152	potuit	3329	12.074	7	7	-0.789
1153	aliquo	2384	8.646	5	4	-0.792
1154	quando	13356	48.44	28	22	-0.793
1155	celum	3831	13.895	8	7	-0.799
1156	fieri	7663	27.793	16	15	-0.799
1157	Patris	8628	31.293	18	14	-0.8
1158	Apostoli	4794	17.387	10	9	-0.8
1159	Dei	58503	212.182	122	63	-0.801
1160	Post	25587	92.8	53	40	-0.81
1161	locum	6277	22.766	13	9	-0.811
1162	suum	13040	47.294	27	20	-0.811
1163	ac	31966	115.936	66	53	-0.815
1164	habet	9718	35.246	20	18	-0.82
1165	tamen	22532	81.72	46	35	-0.831
1166	usque	24146	87.574	49	39	-0.84
1167	c	3493	12.669	7	7	-0.858
1168	circa	3505	12.712	7	7	-0.863
1169	anno	9054	32.838	18	16	-0.87
1170	Ecce	7576	27.477	15	12	-0.876
1171	omnibus	22258	80.727	44	33	-0.878
1172	facit	5068	18.381	10	8	-0.881
1173	quam	46206	167.582	91	70	-0.883
1174	martyris	2540	9.212	5	5	-0.884
1175	erit	9146	33.171	18	17	-0.884
1176	tempora	2546	9.234	5	3	-0.887
1177	potestatem	3063	11.109	6	6	-0.891
1178	nunc	13926	50.508	27	22	-0.906
1179	toto	3112	11.287	6	6	-0.914
1180	potest	13503	48.973	26	25	-0.916
1181	uidit	2598	9.423	5	4	-0.917
1182	pariter	3118	11.309	6	6	-0.917
1183	ipsi	9879	35.83	19	18	-0.918
1184	nostro	5724	20.76	11	8	-0.919
1185	extra	2607	9.455	5	4	-0.922
1186	precepta	2611	9.47	5	5	-0.924
1187	quia	98686	357.92	188	89	-0.931
1188	nostrum	6305	22.867	12	11	-0.933
1189	uir	5824	21.123	11	11	-0.944
1190	possit	5310	19.259	10	10	-0.948
1191	dictum	6978	25.308	13	11	-0.964
1192	Domini	26925	97.653	50	39	-0.968
1193	quantum	6499	23.571	12	11	-0.977
1194	significat	4964	18.004	9	7	-1.003
1195	Sed	101571	368.383	184	119	-1.004
1196	Magna	4439	16.1	8	7	-1.012
1197	quid	25030	90.78	45	35	-1.015
1198	Israel	8396	30.451	15	13	-1.024
1199	seculi	5061	18.356	9	9	-1.031
1200	statim	2835	10.282	5	5	-1.043
1201	mihi	14184	51.443	25	18	-1.044
1202	deinde	5116	18.555	9	9	-1.047
1203	nec	41042	148.853	72	54	-1.051
1204	auctoritate	3997	14.497	7	7	-1.053
1205	filii	10957	39.739	19	15	-1.067
1206	quasi	19683	71.387	34	26	-1.073
1207	Filio	5805	21.054	10	8	-1.077
1208	tuis	3526	12.788	6	6	-1.095
1209	regis	6472	23.473	11	8	-1.096
1210	propter	17688	64.152	30	23	-1.099
1211	ibi	10625	38.535	18	17	-1.101
1212	sacerdos	2980	10.808	5	5	-1.115
1213	ualde	2980	10.808	5	5	-1.115
1214	Iudeorum	3613	13.104	6	6	-1.13
1215	ante	15065	54.639	25	19	-1.131
1216	per	98723	358.054	163	106	-1.138
1217	tempore	12833	46.543	21	21	-1.151
1218	dicat	4292	15.566	7	7	-1.156
1219	adhuc	7383	26.777	12	12	-1.161
1220	illi	14775	53.587	24	21	-1.162
1221	melius	3086	11.193	5	4	-1.165
1222	sermo	3100	11.243	5	5	-1.172
1223	fuerit	11192	40.592	18	15	-1.176
1224	illa	12472	45.234	20	19	-1.18
1225	spiritus	16254	58.951	26	12	-1.184
1226	magis	8781	31.847	14	14	-1.189
1227	ei	16962	61.519	27	24	-1.191
1228	Petrus	3145	11.406	5	5	-1.193
1229	nulla	5661	20.532	9	9	-1.193
1230	tota	3787	13.735	6	6	-1.198
1231	opere	3797	13.771	6	3	-1.202
1232	ista	5699	20.669	9	9	-1.202
1233	Ecclesie	21098	76.519	33	26	-1.216
1234	minus	3836	13.913	6	6	-1.216
1235	celestis	3200	11.606	5	5	-1.218
1236	ipso	9616	34.876	15	14	-1.22
1237	qualiter	3848	13.956	6	6	-1.221
1238	tanta	3249	11.784	5	4	-1.24
1239	factum	5854	21.232	9	9	-1.241
1240	me	30698	111.337	47	37	-1.247
1241	id	56272	204.09	86	50	-1.25
1242	recte	5301	19.226	8	6	-1.268
1243	sue	13329	48.342	20	17	-1.276
1244	Iudicium	5420	19.658	8	8	-1.3
1245	Erat	17808	64.587	26	21	-1.316
1246	uitam	8938	32.417	13	13	-1.321
1247	dicere	4835	17.536	7	5	-1.328
1248	causa	7700	27.927	11	9	-1.347
1249	pro	43478	157.688	62	45	-1.35
1250	non	212441	770.492	301	157	-1.359
1251	nobis	28243	102.433	40	31	-1.36
1252	debet	4982	18.069	7	6	-1.371
1253	sint	7864	28.522	11	10	-1.378
1254	Hanc	9345	33.893	13	13	-1.386
1255	Tibi	13832	50.167	19	16	-1.404
1256	annos	4404	15.973	6	6	-1.416
1257	fuerint	3718	13.485	5	5	-1.435
1258	tue	5257	19.066	7	7	-1.449
1259	annis	3802	13.789	5	5	-1.467
1260	sensus	3828	13.884	5	4	-1.477
1261	Cunctis	3943	14.301	5	4	-1.519
1262	inquit	11832	42.913	15	14	-1.52
1263	qua	20532	74.467	26	22	-1.521
1264	opera	6363	23.078	8	6	-1.532
1265	facta	6440	23.357	8	8	-1.549
1266	sibi	21952	79.617	27	24	-1.564
1267	rebus	4893	17.746	6	6	-1.568
1268	se	52290	189.648	64	47	-1.571
1269	Dominus	28645	103.891	35	24	-1.573
1270	dum	18066	65.523	22	19	-1.578
1271	forte	6594	23.916	8	7	-1.583
1272	quatenus	4173	15.135	5	5	-1.601
1273	ob	5009	18.167	6	6	-1.602
1274	modo	10867	39.413	13	12	-1.604
1275	nisi	22042	79.943	26	24	-1.624
1276	nostram	4284	15.537	5	5	-1.639
1277	mox	4291	15.563	5	5	-1.642
1278	populo	5161	18.718	6	6	-1.645
1279	absque	4330	15.704	5	5	-1.655
1280	aliud	8095	29.359	9	8	-1.709
1281	gratiam	6394	23.19	7	6	-1.732
1282	te	23799	86.315	26	24	-1.735
1283	potius	4608	16.713	5	5	-1.745
1284	eum	31346	113.687	34	29	-1.745
1285	uerum	8319	30.172	9	8	-1.749
1286	Deus	32414	117.561	35	27	-1.752
1287	manus	5645	20.474	6	6	-1.774
1288	Euangelio	4753	17.238	5	5	-1.789
1289	tunc	14329	51.969	15	14	-1.796
1290	ideo	14608	52.981	15	15	-1.824
1291	nos	28959	105.03	29	23	-1.86
1292	terram	8011	29.055	8	7	-1.865
1293	dedit	5078	18.417	5	5	-1.885
1294	sumus	6102	22.131	6	6	-1.887
1295	legem	5254	19.056	5	4	-1.934
1296	eam	10692	38.778	10	9	-1.959
1297	prius	6813	24.71	6	4	-2.046
1298	uobis	16104	58.407	14	14	-2.065
1299	Christus	12693	46.036	11	9	-2.069
1300	nihil	11730	42.543	10	10	-2.093
1301	eis	17666	64.072	15	14	-2.099
1302	eos	21293	77.227	18	16	-2.105
1303	facere	6211	22.526	5	3	-2.176
1304	Uenit	6490	23.538	5	5	-2.239
1305	anima	6506	23.596	5	5	-2.243
1306	mundi	7879	28.576	6	5	-2.256
1307	Deo	28999	105.175	22	17	-2.261
1308	Tempus	6697	24.289	5	5	-2.284
1309	tua	9484	34.397	7	7	-2.301
1310	suam	12923	46.87	9	9	-2.385
1311	rex	9240	33.512	6	6	-2.486
1312	Dies	9338	33.868	6	6	-2.501
1313	ego	14898	54.033	9	9	-2.59
1314	apostolus	10154	36.827	6	6	-2.622
1315	Deum	18759	68.036	11	11	-2.633
1316	semper	14445	52.39	8	8	-2.716
1317	sine	17552	63.659	9	8	-2.827
1318	filius	12707	46.086	6	6	-2.946
1319	uos	17265	62.618	8	7	-2.973
1320	Christo	11863	43.025	5	5	-3.11
