No.	Word	Total no. in this subcorpus	Expected collocate frequency	Observed collocate frequency	In no. of texts	Mutual information value

1	Paralipomenorum	5	0.018	5	3	8.11
2	plicabitur	5	0.018	5	5	8.11
3	Retractationum	31	0.112	27	13	7.908
4	Dialogorum	62	0.225	54	33	7.908
5	Enchiridii	7	0.025	6	1	7.884
6	Etymologiarum	19	0.069	16	13	7.859
7	apocryphus	18	0.065	15	1	7.844
8	Uarronis	6	0.022	5	5	7.841
9	Moralium	151	0.548	122	32	7.799
10	epigrammatum	9	0.033	7	2	7.746
11	Silonitis	9	0.033	7	5	7.746
12	Hypomnesticon	34	0.123	26	2	7.72
13	Ahie	10	0.036	7	5	7.591
14	Antiquitatum	39	0.141	26	19	7.523
15	solidentur	8	0.029	5	3	7.43
16	commentariorum	25	0.091	15	10	7.37
17	Peri	12	0.044	7	4	7.33
18	Esdre	68	0.247	39	20	7.305
19	Monimum	18	0.065	10	5	7.259
20	Exodi	97	0.352	53	32	7.235
21	Leuitici	54	0.196	29	18	7.211
22	Confessionum	40	0.145	21	14	7.177
23	Machabeorum	128	0.464	67	40	7.173
24	Geneseos	94	0.341	49	38	7.167
25	Paralipomenon	275	0.997	139	46	7.123
26	Homiliarum	20	0.073	10	7	7.108
27	Enchiridion	64	0.232	32	18	7.107
28	Tobi	10	0.036	5	4	7.106
29	adulterinis	21	0.076	10	5	7.036
30	Hebraicorum	11	0.04	5	3	6.969
31	Iouinianum	20	0.073	9	7	6.956
32	Genesis	119	0.432	52	37	6.913
33	commenti	14	0.051	6	4	6.884
34	Hebraicarum	19	0.069	8	5	6.859
35	Turonensibus	12	0.044	5	1	6.845
36	additiones	15	0.054	6	2	6.785
37	Ansegisi	59	0.214	23	3	6.748
38	appendices	27	0.098	10	1	6.674
39	Prouerbiorum	33	0.12	12	10	6.647
40	Ezre	17	0.062	6	5	6.604
41	historiarum	71	0.258	25	16	6.601
42	scribentur	37	0.134	13	11	6.598
43	Hester	18	0.065	6	3	6.522
44	Chronicorum	34	0.123	11	9	6.479
45	Boetii	28	0.102	9	6	6.469
46	Tobie	76	0.276	24	16	6.444
47	Numerorum	400	1.451	126	42	6.441
48	Questionum	131	0.475	41	16	6.431
49	Perseuerantie	141	0.511	43	8	6.394
50	Capitularium	57	0.207	17	5	6.362
51	Deuteronomii	125	0.453	37	21	6.351
52	Iudicum	362	1.313	105	48	6.321
53	Leuiticus	38	0.138	11	11	6.319
54	Genesim	35	0.127	10	9	6.3
55	Philo	18	0.065	5	4	6.259
56	contemptoris	18	0.065	5	2	6.259
57	Euangeliorum	258	0.936	71	38	6.246
58	Mosaice	62	0.225	17	10	6.24
59	titulatur	22	0.08	6	3	6.232
60	Sirach	59	0.214	16	13	6.224
61	penitentialis	26	0.094	7	4	6.214
62	Deleantur	68	0.247	18	14	6.19
63	prophetici	34	0.123	9	9	6.19
64	Malachie	19	0.069	5	3	6.181
65	dele	95	0.345	25	20	6.181
66	Boetius	54	0.196	14	8	6.16
67	sigillis	43	0.156	11	8	6.14
68	Fulgentius	87	0.316	22	14	6.124
69	Correptione	163	0.591	40	8	6.08
70	Computo	41	0.149	10	4	6.071
71	Actorum	37	0.134	9	3	6.067
72	uolum	37	0.134	9	1	6.067
73	prologus	166	0.602	40	22	6.054
74	Monacensis	25	0.091	6	2	6.048
75	Augustinus	1868	6.775	446	72	6.041
76	Hermes	47	0.171	11	9	6.012
77	Sententiarum	219	0.794	51	22	6.005
78	Differentiarum	22	0.08	5	5	5.969
79	Etherii	22	0.08	5	1	5.969
80	Regnorum	283	1.026	64	35	5.962
81	moralibus	74	0.268	16	9	5.898
82	institutionum	42	0.152	9	6	5.885
83	Amalarius	38	0.138	8	2	5.859
84	Paschasii	43	0.156	9	2	5.85
85	Explicit	203	0.736	42	25	5.834
86	Malachim	34	0.123	7	7	5.827
87	apertus	35	0.127	7	5	5.786
88	lasciuus	35	0.127	7	6	5.786
89	Radberti	25	0.091	5	3	5.785
90	Apologeticum	25	0.091	5	5	5.785
91	sedentis	72	0.261	14	8	5.745
92	manuscriptis	26	0.094	5	3	5.729
93	generationis	273	0.99	52	27	5.715
94	inuolutus	63	0.229	12	6	5.715
95	Regum	2335	8.469	444	105	5.712
96	Iosephi	64	0.232	12	6	5.692
97	uigesimo	183	0.664	34	8	5.679
98	signacula	70	0.254	13	12	5.678
99	Faustum	54	0.196	10	7	5.674
100	capitulorum	245	0.889	45	16	5.662
101	Danielis	148	0.537	27	21	5.652
102	conscripserunt	44	0.16	8	3	5.647
103	Prosper	211	0.765	38	10	5.634
104	Esther	150	0.544	27	19	5.633
105	edidi	28	0.102	5	5	5.621
106	Isidorus	214	0.776	38	21	5.614
107	authenticis	57	0.207	10	9	5.596
108	Areopagita	46	0.167	8	2	5.584
109	Ruth	133	0.482	23	17	5.575
110	indicem	29	0.105	5	5	5.571
111	inscribitur	123	0.446	21	17	5.557
112	Naue	245	0.889	41	25	5.528
113	Fulgentii	42	0.152	7	6	5.522
114	legite	30	0.109	5	4	5.522
115	Areopagite	48	0.174	8	3	5.522
116	scripsisti	84	0.305	14	11	5.522
117	legebat	36	0.131	6	6	5.522
118	Coniugiis	55	0.2	9	5	5.495
119	Augustini	834	3.025	136	49	5.491
120	scripti	117	0.424	19	17	5.485
121	Exodus	37	0.134	6	5	5.483
122	recipiebant	31	0.112	5	4	5.475
123	Secundus	894	3.242	142	101	5.453
124	Decimus	281	1.019	43	12	5.399
125	diuinos	132	0.479	20	11	5.385
126	Hebraicis	33	0.12	5	4	5.384
127	expositionis	74	0.268	11	9	5.357
128	Moysis	88	0.319	13	8	5.348
129	dispositionum	34	0.123	5	2	5.342
130	Elipandum	34	0.123	5	4	5.342
131	Scoti	41	0.149	6	3	5.334
132	Samuelis	171	0.62	25	17	5.333
133	Apocalypsis	96	0.348	14	12	5.329
134	epistolarum	192	0.696	28	17	5.329
135	Hymnorum	56	0.203	8	7	5.3
136	tertii	190	0.689	27	17	5.292
137	Uicesimus	78	0.283	11	2	5.281
138	Quartus	480	1.741	67	49	5.266
139	trigesimo	116	0.421	16	5	5.249
140	illustribus	80	0.29	11	11	5.245
141	auctorum	103	0.374	14	13	5.228
142	Nahum	37	0.134	5	3	5.219
143	prefatio	349	1.266	47	27	5.215
144	psalmorum	389	1.411	51	29	5.176
145	scriptas	84	0.305	11	10	5.174
146	Trinitate	828	3.003	106	32	5.142
147	Apocalypsin	47	0.171	6	5	5.137
148	Undecimus	55	0.2	7	7	5.133
149	prolixitas	48	0.174	6	4	5.107
150	aperti	144	0.522	18	11	5.107
151	conscriptus	41	0.149	5	5	5.071
152	Duodecimus	50	0.181	6	6	5.049
153	sexti	50	0.181	6	6	5.049
154	deleri	67	0.243	8	7	5.041
155	Noni	42	0.152	5	5	5.037
156	Tertius	851	3.087	101	72	5.032
157	Quarti	135	0.49	16	12	5.03
158	Iulianum	127	0.461	15	4	5.025
159	Reparatione	69	0.25	8	2	4.998
160	scriptoribus	104	0.377	12	9	4.992
161	nonus	122	0.443	14	9	4.984
162	Quintus	315	1.143	36	24	4.978
163	Ambrosius	556	2.017	63	24	4.965
164	Athanasius	168	0.609	19	5	4.963
165	Actuum	369	1.338	41	21	4.937
166	signatum	144	0.522	16	11	4.937
167	confecit	73	0.265	8	4	4.917
168	Maximinum	57	0.207	6	3	4.859
169	capp	76	0.276	8	4	4.859
170	Sextus	258	0.936	27	21	4.851
171	coniugali	106	0.384	11	2	4.839
172	Officiorum	145	0.526	15	10	4.834
173	editis	97	0.352	10	9	4.829
174	Esdra	59	0.214	6	2	4.809
175	Marcellinum	50	0.181	5	2	4.785
176	legat	291	1.055	29	22	4.78
177	tractauimus	51	0.185	5	3	4.756
178	Pelagium	52	0.189	5	2	4.729
179	Ezechielis	146	0.53	14	12	4.725
180	Cesariensis	73	0.265	7	7	4.724
181	aperire	415	1.505	39	20	4.696
182	ueteribus	192	0.696	18	15	4.692
183	edidit	364	1.32	34	28	4.687
184	Isaie	347	1.259	32	22	4.668
185	Predestinatione	739	2.68	68	16	4.665
186	diuinorum	620	2.249	57	39	4.664
187	Ierarchia	144	0.522	13	5	4.637
188	memorato	322	1.168	29	10	4.634
189	Prosperi	145	0.526	13	7	4.628
190	Tricesimus	67	0.243	6	1	4.626
191	Rabani	79	0.287	7	5	4.611
192	scriptus	158	0.573	14	12	4.611
193	Legant	91	0.33	8	6	4.599
194	decimo	893	3.239	77	28	4.571
195	explanat	70	0.254	6	4	4.563
196	quarto	1121	4.066	96	47	4.561
197	Hilarii	152	0.551	13	9	4.56
198	tractatus	152	0.551	13	13	4.56
199	Ecclesiasticus	269	0.976	23	17	4.559
200	conscripti	59	0.214	5	5	4.546
201	uolumina	261	0.947	22	19	4.539
202	composuit	406	1.473	34	23	4.529
203	Historie	779	2.825	65	42	4.524
204	disputatum	60	0.218	5	3	4.522
205	explanatione	60	0.218	5	5	4.522
206	Excerpta	96	0.348	8	7	4.522
207	quinto	760	2.756	63	27	4.514
208	Isidori	181	0.657	15	12	4.514
209	secundi	402	1.458	33	29	4.5
210	delebo	61	0.221	5	5	4.499
211	Cyprianus	184	0.667	15	10	4.49
212	capitulo	935	3.391	76	24	4.486
213	Baruch	62	0.225	5	2	4.475
214	propheticis	137	0.497	11	8	4.468
215	conscripsit	176	0.638	14	12	4.455
216	Septimus	340	1.233	27	19	4.453
217	septimo	796	2.887	63	33	4.448
218	Iudith	279	1.012	22	17	4.442
219	secundo	2140	7.762	168	70	4.436
220	Sacramentorum	361	1.309	28	20	4.419
221	synodis	155	0.562	12	7	4.416
222	Arianos	65	0.236	5	2	4.407
223	reperiatur	104	0.377	8	8	4.407
224	sexto	654	2.372	50	27	4.398
225	Octauus	223	0.809	17	12	4.394
226	Numeri	709	2.571	54	19	4.392
227	Scripsit	1471	5.335	110	62	4.366
228	signatus	107	0.388	8	8	4.365
229	Incipit	1805	6.547	133	66	4.345
230	prefato	623	2.26	45	18	4.316
231	lapsis	111	0.403	8	6	4.313
232	Incipiunt	434	1.574	31	13	4.3
233	Pastoralis	169	0.613	12	8	4.291
234	Bede	155	0.562	11	11	4.29
235	Ione	100	0.363	7	5	4.271
236	sermonum	300	1.088	21	5	4.271
237	terminetur	72	0.261	5	2	4.259
238	expositum	117	0.424	8	8	4.237
239	Prudentius	88	0.319	6	5	4.232
240	scribat	88	0.319	6	5	4.232
241	uolumine	340	1.233	23	11	4.221
242	disputationis	148	0.537	10	6	4.219
243	narratur	330	1.197	22	11	4.2
244	Ieremie	287	1.041	19	10	4.19
245	Quinti	106	0.384	7	7	4.187
246	Nepotis	76	0.276	5	3	4.181
247	Pastoralem	92	0.334	6	4	4.168
248	ecclesiastici	369	1.338	24	19	4.165
249	Cypriani	124	0.45	8	6	4.153
250	Cassiani	93	0.337	6	4	4.153
251	Agnelli	109	0.395	7	2	4.146
252	Hilarius	203	0.736	13	6	4.142
253	nono	361	1.309	23	13	4.135
254	Lectio	693	2.513	44	17	4.13
255	legitur	3327	12.067	209	102	4.114
256	descripta	160	0.58	10	10	4.107
257	Decretorum	96	0.348	6	1	4.107
258	pastorali	209	0.758	13	6	4.1
259	gestorum	275	0.997	17	13	4.091
260	Capitula	1125	4.08	69	22	4.08
261	duodecimo	181	0.657	11	7	4.067
262	lapsi	132	0.479	8	2	4.063
263	Decimi	116	0.421	7	3	4.056
264	prefatione	166	0.602	10	10	4.054
265	uicesimo	183	0.664	11	9	4.051
266	scribuntur	117	0.424	7	7	4.044
267	decreui	101	0.366	6	4	4.034
268	precedenti	169	0.613	10	7	4.028
269	scripsisse	221	0.802	13	12	4.02
270	Hieronymus	979	3.551	57	36	4.005
271	Gregorius	2028	7.355	118	44	4.004
272	exponunt	87	0.316	5	5	3.986
273	Sequentis	244	0.885	14	11	3.984
274	signati	124	0.45	7	6	3.96
275	legere	496	1.799	28	25	3.96
276	Moysi	1466	5.317	82	38	3.947
277	undecimo	197	0.715	11	6	3.944
278	quinque	3634	13.18	201	76	3.931
279	Primus	2727	9.89	150	110	3.923
280	canonici	257	0.932	14	8	3.909
281	Augustinum	257	0.932	14	9	3.909
282	Iosue	459	1.665	25	14	3.909
283	Christiana	515	1.868	28	23	3.906
284	Heresibus	92	0.334	5	5	3.905
285	gestarum	148	0.537	8	3	3.898
286	uiuentium	611	2.216	33	26	3.896
287	tertio	2234	8.102	119	52	3.876
288	Arium	94	0.341	5	5	3.875
289	meminit	495	1.795	26	19	3.856
290	Regularum	96	0.348	5	5	3.844
291	sacrorum	444	1.61	23	18	3.836
292	philosophorum	272	0.987	14	12	3.827
293	religione	744	2.698	38	21	3.816
294	Ambrosii	235	0.852	12	9	3.816
295	capitulari	98	0.355	5	4	3.814
296	mentio	261	0.947	13	12	3.78
297	reperi	181	0.657	9	8	3.777
298	prophetie	571	2.071	28	16	3.757
299	dimissus	124	0.45	6	5	3.738
300	Bellorum	189	0.686	9	8	3.715
301	Salomonis	718	2.604	34	22	3.707
302	Primo	4829	17.514	228	89	3.702
303	Alcuinus	191	0.693	9	7	3.7
304	Iob	2983	10.819	140	76	3.694
305	ueterum	343	1.244	16	14	3.685
306	Pontificali	193	0.7	9	4	3.684
307	Gregorii	967	3.507	45	33	3.682
308	Exstant	172	0.624	8	8	3.681
309	Prosperum	108	0.392	5	3	3.674
310	Monitum	108	0.392	5	5	3.674
311	ecclesiastico	562	2.038	26	11	3.673
312	Pontificalis	130	0.472	6	2	3.67
313	disputat	130	0.472	6	4	3.67
314	Hieronymi	283	1.026	13	11	3.663
315	expositionem	198	0.718	9	7	3.648
316	quantitate	242	0.878	11	7	3.648
317	Historia	1037	3.761	47	33	3.643
318	uolumen	221	0.802	10	7	3.641
319	superiore	177	0.642	8	7	3.639
320	Euangelistarum	200	0.725	9	7	3.633
321	Alcuini	200	0.725	9	7	3.633
322	mortuos	868	3.148	39	24	3.631
323	Paschasius	134	0.486	6	3	3.626
324	Dionysius	272	0.987	12	5	3.605
325	scriptores	204	0.74	9	7	3.605
326	scribendi	136	0.493	6	6	3.604
327	uirginitate	159	0.577	7	5	3.601
328	Mediolanensis	114	0.414	5	2	3.596
329	eodem	7506	27.223	327	93	3.586
330	legantur	138	0.501	6	5	3.584
331	lectori	115	0.417	5	5	3.583
332	quicumque	347	1.259	15	5	3.575
333	miraculorum	558	2.024	24	15	3.568
334	priore	282	1.023	12	7	3.552
335	Sapientie	2871	10.413	122	74	3.55
336	narrat	873	3.166	37	20	3.547
337	sedecim	118	0.428	5	3	3.546
338	historiis	118	0.428	5	4	3.546
339	exordio	449	1.629	19	14	3.544
340	copiam	261	0.947	11	11	3.539
341	octauo	691	2.506	29	21	3.532
342	leguntur	624	2.263	26	25	3.522
343	expositione	433	1.57	18	16	3.519
344	superiori	366	1.327	15	8	3.498
345	diuinis	2152	7.805	88	57	3.495
346	plenius	809	2.934	33	20	3.491
347	Nuptiis	369	1.338	15	4	3.486
348	prophetarum	1727	6.264	70	42	3.482
349	librum	1166	4.229	47	7	3.474
350	legimus	2198	7.972	88	51	3.465
351	scripta	2049	7.431	82	53	3.464
352	Theodosii	125	0.453	5	3	3.463
353	Hebreorum	379	1.375	15	12	3.448
354	descripsit	127	0.461	5	5	3.44
355	penuria	127	0.461	5	4	3.44
356	posterioribus	127	0.461	5	4	3.44
357	scribit	1222	4.432	48	28	3.437
358	commemorat	536	1.944	21	16	3.433
359	ecclesiastice	674	2.445	26	17	3.411
360	supradicto	183	0.664	7	6	3.399
361	laqueis	211	0.765	8	8	3.386
362	capite	2278	8.262	86	40	3.38
363	Conciliorum	212	0.769	8	6	3.379
364	Clementis	159	0.577	6	6	3.379
365	priori	479	1.737	18	8	3.373
366	Edificatione	134	0.486	5	1	3.363
367	conditi	135	0.49	5	5	3.352
368	egredietur	243	0.881	9	5	3.352
369	Eusebii	189	0.686	7	5	3.352
370	Eusebius	189	0.686	7	6	3.352
371	continentem	137	0.497	5	5	3.331
372	Ciuitate	3102	11.251	112	43	3.315
373	institutione	222	0.805	8	6	3.313
374	soluere	611	2.216	22	16	3.311
375	canticorum	417	1.512	15	11	3.31
376	Euangelii	2367	8.585	85	44	3.308
377	Mattheum	279	1.012	10	9	3.305
378	Ueteris	1396	5.063	50	31	3.304
379	gentilium	699	2.535	25	20	3.302
380	catalogo	168	0.609	6	4	3.3
381	Item	9688	35.137	341	57	3.279
382	Iosephus	344	1.248	12	11	3.266
383	scribi	172	0.624	6	6	3.266
384	continentur	631	2.289	22	17	3.265
385	beatus	5441	19.734	188	68	3.252
386	tractatum	145	0.526	5	5	3.249
387	Gedeon	174	0.631	6	4	3.249
388	imponere	234	0.849	8	3	3.237
389	continetur	1029	3.732	35	31	3.229
390	locorum	678	2.459	23	15	3.225
391	apertum	296	1.074	10	7	3.22
392	nominum	326	1.182	11	8	3.218
393	appellatur	1475	5.35	49	16	3.195
394	Testamentorum	151	0.548	5	5	3.19
395	series	244	0.885	8	8	3.176
396	exponens	337	1.222	11	8	3.17
397	quatuor	5393	19.56	176	69	3.17
398	Scriptor	216	0.783	7	7	3.16
399	scribitur	711	2.579	23	15	3.157
400	reperitur	433	1.57	14	14	3.156
401	Latinos	187	0.678	6	6	3.145
402	mentionem	439	1.592	14	11	3.136
403	historiam	817	2.963	26	14	3.133
404	hereses	316	1.146	10	4	3.125
405	exordium	384	1.393	12	12	3.107
406	legendo	160	0.58	5	5	3.107
407	seruus	2666	9.669	83	56	3.102
408	Baptismo	839	3.043	26	17	3.095
409	predestinationis	356	1.291	11	8	3.091
410	ecclesiasticorum	163	0.591	5	4	3.08
411	Testamenti	1995	7.236	61	36	3.076
412	theologia	164	0.595	5	2	3.071
413	memorat	197	0.715	6	6	3.07
414	refert	758	2.749	23	20	3.065
415	egreditur	297	1.077	9	4	3.063
416	Expositio	166	0.602	5	5	3.054
417	continet	838	3.039	25	19	3.04
418	I	4371	15.853	130	53	3.036
419	Questionibus	203	0.736	6	6	3.027
420	titulus	542	1.966	16	14	3.025
421	scriptum	8276	30.016	242	85	3.011
422	Cantica	241	0.874	7	6	3.001
423	bono	2382	8.639	69	18	2.998
424	scriptorum	173	0.627	5	4	2.994
425	Dionysii	451	1.636	13	7	2.991
426	totidem	347	1.259	10	9	2.99
427	posuimus	244	0.885	7	4	2.984
428	legis	5802	21.043	165	75	2.971
429	nominibus	704	2.553	20	11	2.97
430	Leuitico	212	0.769	6	4	2.964
431	precedentibus	394	1.429	11	8	2.944
432	diuersos	323	1.172	9	8	2.942
433	essem	396	1.436	11	9	2.937
434	diuersorum	325	1.179	9	8	2.933
435	testantur	400	1.451	11	10	2.923
436	copia	437	1.585	12	9	2.921
437	Iudaicus	221	0.802	6	5	2.904
438	duos	2676	9.706	71	45	2.871
439	plurali	189	0.686	5	4	2.867
440	Daniel	382	1.386	10	10	2.852
441	prioribus	535	1.94	14	8	2.851
442	demonstrat	1149	4.167	30	23	2.848
443	Amos	271	0.983	7	5	2.832
444	habentur	581	2.107	15	12	2.832
445	Hebreos	582	2.111	15	10	2.829
446	Psalterium	235	0.852	6	6	2.816
447	plerisque	197	0.715	5	4	2.807
448	Agone	197	0.715	5	4	2.807
449	doctor	1222	4.432	31	19	2.806
450	diuisione	277	1.005	7	4	2.801
451	tractatu	240	0.87	6	5	2.785
452	declaratur	362	1.313	9	8	2.777
453	plagas	322	1.168	8	8	2.776
454	Ezechiel	363	1.317	9	5	2.773
455	reperiuntur	242	0.878	6	5	2.773
456	respicere	202	0.733	5	4	2.771
457	libero	528	1.915	13	7	2.763
458	manifestat	652	2.365	16	6	2.758
459	Incarnatione	367	1.331	9	8	2.757
460	Xxxiii	246	0.892	6	2	2.75
461	Xxix	329	1.193	8	7	2.745
462	Marci	289	1.048	7	6	2.739
463	Beda	1157	4.196	28	9	2.738
464	prefatis	248	0.9	6	3	2.738
465	Iuliani	249	0.903	6	3	2.732
466	debito	334	1.211	8	5	2.723
467	Lucam	253	0.918	6	4	2.709
468	idem	9197	33.356	218	50	2.708
469	antiquorum	381	1.382	9	9	2.703
470	constitutione	254	0.921	6	4	2.703
471	titulo	510	1.85	12	9	2.698
472	liber	2348	8.516	55	27	2.691
473	bibliotheca	214	0.776	5	4	2.688
474	catholicorum	471	1.708	11	10	2.687
475	capitulis	473	1.716	11	8	2.681
476	eorumdem	480	1.741	11	10	2.66
477	primi	1411	5.118	32	23	2.645
478	superioribus	753	2.731	17	10	2.638
479	creaturarum	268	0.972	6	5	2.626
480	auctoribus	224	0.812	5	4	2.622
481	uersibus	269	0.976	6	6	2.621
482	testante	269	0.976	6	6	2.621
483	operis	2291	8.309	51	33	2.618
484	istius	1309	4.748	29	20	2.611
485	legatur	363	1.317	8	8	2.603
486	Augustino	321	1.164	7	6	2.588
487	antiquis	552	2.002	12	11	2.584
488	legit	598	2.169	13	8	2.583
489	Felicem	277	1.005	6	4	2.578
490	recipiunt	279	1.012	6	6	2.568
491	termino	234	0.849	5	4	2.559
492	questiones	281	1.019	6	5	2.558
493	multoties	235	0.852	5	3	2.552
494	sanctus	8553	31.021	181	40	2.545
495	gratis	947	3.435	20	6	2.542
496	Osee	285	1.034	6	4	2.537
497	Exstat	335	1.215	7	6	2.526
498	suarum	1151	4.175	24	15	2.523
499	sufficienter	336	1.219	7	7	2.522
500	beati	6144	22.283	128	69	2.522
501	Perfectione	385	1.396	8	6	2.518
502	Xxii	483	1.752	10	9	2.513
503	inueniuntur	632	2.292	13	12	2.504
504	comprobatur	244	0.885	5	5	2.498
505	congregauit	244	0.885	5	5	2.498
506	coniugii	247	0.896	5	3	2.481
507	Ludouicum	247	0.896	5	5	2.481
508	conscripta	248	0.9	5	5	2.475
509	doctoris	397	1.44	8	6	2.474
510	mystica	399	1.447	8	5	2.467
511	sententias	551	1.998	11	11	2.461
512	aliquot	502	1.821	10	8	2.457
513	inuenimus	703	2.55	14	11	2.457
514	dierum	1410	5.114	28	14	2.453
515	scribe	554	2.009	11	7	2.453
516	aperuit	655	2.376	13	9	2.452
517	reperimus	253	0.918	5	5	2.446
518	Matthei	253	0.918	5	4	2.446
519	Gestis	710	2.575	14	12	2.443
520	legum	408	1.48	8	6	2.435
521	argenti	569	2.064	11	8	2.414
522	uidisse	415	1.505	8	8	2.41
523	epistolas	623	2.26	12	7	2.409
524	testimonia	988	3.583	19	13	2.407
525	manifestissime	260	0.943	5	5	2.407
526	Xxxii	260	0.943	5	3	2.407
527	comprehendit	313	1.135	6	6	2.402
528	mysteriorum	316	1.146	6	6	2.388
529	Ecclesiasticum	370	1.342	7	7	2.383
530	Xxu	423	1.534	8	4	2.383
531	Genesi	529	1.919	10	5	2.382
532	lectione	529	1.919	10	9	2.382
533	thronum	373	1.353	7	7	2.371
534	Carmen	320	1.161	6	6	2.37
535	Ade	427	1.549	8	5	2.369
536	istum	856	3.105	16	12	2.366
537	Grecorum	592	2.147	11	11	2.357
538	testatur	1634	5.926	30	25	2.34
539	quatuordecim	273	0.99	5	4	2.336
540	latius	383	1.389	7	7	2.333
541	apertius	440	1.596	8	8	2.326
542	prioris	495	1.795	9	3	2.326
543	quotiescunque	276	1.001	5	5	2.32
544	Iu	3446	12.498	62	36	2.311
545	describit	335	1.215	6	6	2.304
546	Canonicis	448	1.625	8	6	2.3
547	tertium	900	3.264	16	13	2.293
548	secularium	450	1.632	8	7	2.293
549	scribere	678	2.459	12	11	2.287
550	Uocatione	340	1.233	6	3	2.283
551	inuentus	794	2.88	14	13	2.281
552	aduocatus	286	1.037	5	3	2.269
553	Iesu	6492	23.546	113	54	2.263
554	refertur	634	2.299	11	10	2.258
555	nouis	289	1.048	5	4	2.254
556	habetur	1516	5.498	26	21	2.241
557	fine	3037	11.015	52	37	2.239
558	nonnulla	468	1.697	8	6	2.237
559	potes	645	2.339	11	10	2.233
560	octoginta	352	1.277	6	6	2.233
561	ostendimus	297	1.077	5	4	2.215
562	unus	6417	23.274	108	16	2.214
563	cuiusdam	776	2.814	13	11	2.208
564	Agni	598	2.169	10	7	2.205
565	plures	1802	6.536	30	15	2.199
566	codice	545	1.977	9	8	2.187
567	Tolle	303	1.099	5	3	2.186
568	exiit	364	1.32	6	4	2.184
569	sacros	486	1.763	8	7	2.182
570	exhibet	304	1.103	5	5	2.181
571	Mendacio	365	1.324	6	6	2.18
572	Caput	12364	44.842	203	65	2.179
573	eiusdem	6579	23.861	108	62	2.178
574	ingenii	366	1.327	6	4	2.176
575	Sacramentis	614	2.227	10	5	2.167
576	auctoris	371	1.346	6	6	2.157
577	Canonum	1176	4.265	19	15	2.155
578	seriem	375	1.36	6	6	2.141
579	prophete	2564	9.299	41	30	2.14
580	potui	438	1.589	7	7	2.14
581	Tabernaculo	570	2.067	9	2	2.122
582	partim	888	3.221	14	11	2.12
583	Noui	1776	6.441	28	23	2.12
584	appellauit	381	1.382	6	6	2.118
585	lectionem	318	1.153	5	5	2.116
586	uiginti	2038	7.392	32	18	2.114
587	iisdem	384	1.393	6	6	2.107
588	Pastoris	513	1.861	8	7	2.104
589	capita	707	2.564	11	4	2.101
590	ornamenta	322	1.168	5	4	2.098
591	Penitentia	1620	5.876	25	13	2.089
592	euidenter	650	2.358	10	9	2.085
593	auctor	1238	4.49	19	17	2.081
594	testimoniis	524	1.901	8	8	2.074
595	de	136672	495.689	2086	342	2.073
596	principio	1587	5.756	24	18	2.06
597	Iii	4170	15.124	63	36	2.059
598	inuenitur	1459	5.292	22	19	2.056
599	breuiter	1128	4.091	17	14	2.055
600	predicto	664	2.408	10	8	2.054
601	considerandum	399	1.447	6	4	2.052
602	finem	4190	15.197	63	36	2.052
603	sacre	1333	4.835	20	16	2.049
604	Apocalypsi	668	2.423	10	9	2.045
605	doctorum	804	2.916	12	8	2.041
606	Scripture	1617	5.865	24	15	2.033
607	Conditor	473	1.716	7	7	2.029
608	declarat	476	1.726	7	7	2.02
609	demonstratur	477	1.73	7	7	2.017
610	deest	478	1.734	7	7	2.014
611	ostendunt	479	1.737	7	7	2.011
612	paganorum	411	1.491	6	6	2.009
613	Responsio	412	1.494	6	2	2.005
614	nomina	1928	6.993	28	27	2.002
615	sequenti	621	2.252	9	9	1.999
616	imposuit	346	1.255	5	4	1.994
617	Codicibus	346	1.255	5	5	1.994
618	Legi	969	3.514	14	14	1.994
619	episcopali	416	1.509	6	5	1.992
620	uerborum	1250	4.534	18	9	1.989
621	pauca	1321	4.791	19	14	1.988
622	Benedicti	1470	5.332	21	6	1.978
623	pleniter	494	1.792	7	6	1.966
624	aduersum	1417	5.139	20	5	1.96
625	Priorum	355	1.288	5	4	1.957
626	custos	569	2.064	8	2	1.955
627	uite	11118	40.323	156	98	1.952
628	libri	1369	4.965	19	8	1.936
629	auctores	435	1.578	6	4	1.927
630	eisdem	1677	6.082	23	16	1.919
631	diuinarum	585	2.122	8	7	1.915
632	Ii	4832	17.525	66	39	1.913
633	iustorum	1099	3.986	15	7	1.912
634	Epistole	953	3.456	13	12	1.911
635	Origine	440	1.596	6	6	1.911
636	Ecclesiastica	954	3.46	13	9	1.91
637	isto	1476	5.353	20	15	1.902
638	iuuenis	449	1.629	6	6	1.881
639	Carolum	674	2.445	9	7	1.88
640	huius	11730	42.543	156	86	1.875
641	eosdem	752	2.727	10	7	1.874
642	indicat	602	2.183	8	8	1.873
643	monachus	986	3.576	13	7	1.862
644	apostolorum	5022	18.214	66	32	1.857
645	exponit	688	2.495	9	9	1.851
646	exposuit	384	1.393	5	5	1.844
647	officiis	615	2.231	8	8	1.843
648	Xxui	385	1.396	5	4	1.84
649	uocatus	847	3.072	11	8	1.84
650	artis	464	1.683	6	5	1.834
651	sermone	2172	7.878	28	21	1.83
652	hunc	6501	23.578	83	65	1.816
653	utilis	392	1.422	5	5	1.814
654	Samuel	393	1.425	5	3	1.811
655	quem	20657	74.92	262	139	1.806
656	duorum	794	2.88	10	10	1.796
657	Libello	400	1.451	5	5	1.785
658	manifeste	1127	4.088	14	13	1.776
659	capitulum	564	2.046	7	6	1.775
660	Actus	1059	3.841	13	10	1.759
661	Caroli	1468	5.324	18	9	1.757
662	X	2211	8.019	27	16	1.751
663	prefati	738	2.677	9	9	1.75
664	tres	4679	16.97	57	39	1.748
665	ecclesiasticis	1073	3.892	13	11	1.74
666	en	497	1.803	6	5	1.735
667	loqueretur	415	1.505	5	5	1.732
668	istorum	418	1.516	5	4	1.722
669	in	463796	1682.119	5543	485	1.72
670	discere	421	1.527	5	5	1.711
671	adiecit	422	1.531	5	5	1.708
672	nusquam	677	2.455	8	7	1.704
673	Xui	1018	3.692	12	8	1.701
674	postulat	428	1.552	5	4	1.688
675	diuini	1542	5.593	18	15	1.686
676	octo	1632	5.919	19	15	1.683
677	trium	862	3.126	10	9	1.677
678	istos	520	1.886	6	4	1.67
679	doctrina	2780	10.083	32	25	1.666
680	sententiis	525	1.904	6	6	1.656
681	Uii	2452	8.893	28	15	1.655
682	adiutorio	528	1.915	6	5	1.648
683	Regule	532	1.93	6	5	1.637
684	U	3578	12.977	40	23	1.624
685	Xi	1524	5.527	17	14	1.621
686	unum	11256	40.824	125	38	1.614
687	lector	723	2.622	8	7	1.609
688	nouem	996	3.612	11	9	1.607
689	perhibetur	453	1.643	5	4	1.606
690	conscientie	454	1.647	5	5	1.602
691	hos	2454	8.9	27	21	1.601
692	prefatus	640	2.321	7	6	1.592
693	sequentibus	918	3.329	10	8	1.587
694	initio	1655	6.002	18	15	1.584
695	integrum	738	2.677	8	7	1.58
696	quot	1015	3.681	11	11	1.579
697	comitis	558	2.024	6	5	1.568
698	nominatur	663	2.405	7	6	1.542
699	Miraculis	856	3.105	9	6	1.536
700	permaneat	574	2.082	6	4	1.527
701	duodecim	2409	8.737	25	19	1.517
702	Dono	966	3.504	10	5	1.513
703	singuli	786	2.851	8	4	1.489
704	Ui	3736	13.55	38	21	1.488
705	dicto	689	2.499	7	7	1.486
706	studuit	494	1.792	5	5	1.481
707	Isaiam	496	1.799	5	4	1.475
708	offert	502	1.821	5	5	1.457
709	regibus	1113	4.037	11	7	1.446
710	Pauli	1822	6.608	18	14	1.446
711	Patrum	3751	13.604	37	27	1.443
712	Pontificum	914	3.315	9	8	1.441
713	uerba	6519	23.643	64	45	1.437
714	plurimi	510	1.85	5	4	1.435
715	Pluribus	821	2.978	8	8	1.426
716	euangeliste	616	2.234	6	6	1.425
717	finis	1547	5.611	15	12	1.419
718	contra	16153	58.585	155	55	1.404
719	libros	1044	3.786	10	7	1.401
720	diuine	3890	14.109	37	28	1.391
721	terminum	631	2.289	6	6	1.391
722	scribens	631	2.289	6	6	1.391
723	accipiat	948	3.438	9	4	1.388
724	septem	4445	16.121	42	24	1.381
725	sancti	19414	70.412	183	83	1.378
726	Mattheus	746	2.706	7	6	1.371
727	Paradiso	750	2.72	7	3	1.364
728	uno	4827	17.507	45	22	1.362
729	homilia	752	2.727	7	7	1.36
730	eumdem	2795	10.137	26	15	1.359
731	iste	6251	22.672	58	39	1.355
732	Uiii	2494	9.045	23	15	1.346
733	Fide	7524	27.288	69	31	1.338
734	Xx	764	2.771	7	5	1.337
735	Celesti	1316	4.773	12	6	1.33
736	Isaia	664	2.408	6	5	1.317
737	Salomon	1443	5.234	13	11	1.313
738	Plaga	557	2.02	5	5	1.307
739	Redemptor	782	2.836	7	5	1.303
740	quos	13860	50.268	123	82	1.291
741	arbitrio	1015	3.681	9	8	1.29
742	Xuiii	904	3.279	8	7	1.287
743	frequenter	1253	4.544	11	10	1.275
744	singulorum	685	2.484	6	4	1.272
745	breui	572	2.075	5	5	1.269
746	predicti	801	2.905	7	7	1.269
747	aduersus	3779	13.706	33	25	1.268
748	sanctorum	10098	36.624	88	43	1.265
749	uides	692	2.51	6	4	1.257
750	Ioannis	2206	8.001	19	15	1.248
751	imperatorem	1046	3.794	9	8	1.246
752	ostenditur	1397	5.067	12	10	1.244
753	initium	1521	5.516	13	13	1.237
754	Ex	62436	226.446	531	178	1.23
755	arbitror	708	2.568	6	6	1.224
756	Uiris	1423	5.161	12	12	1.217
757	centum	1544	5.6	13	11	1.215
758	fecisse	1190	4.316	10	10	1.212
759	ordines	714	2.59	6	5	1.212
760	natiuitate	596	2.162	5	5	1.21
761	quosdam	1554	5.636	13	12	1.206
762	Hebrei	598	2.169	5	5	1.205
763	diligenter	1675	6.075	14	14	1.204
764	Xu	1323	4.798	11	8	1.197
765	sepius	1208	4.381	10	9	1.191
766	Canticum	726	2.633	6	5	1.188
767	uera	3401	12.335	28	16	1.183
768	presumpserit	609	2.209	5	4	1.179
769	accepit	2807	10.181	23	14	1.176
770	uestimenta	984	3.569	8	8	1.165
771	intelliguntur	741	2.688	6	5	1.159
772	beate	1114	4.04	9	8	1.155
773	scriptis	875	3.174	7	7	1.141
774	testimonio	876	3.177	7	7	1.14
775	Xii	2009	7.286	16	14	1.135
776	arce	630	2.285	5	5	1.13
777	aliqui	757	2.746	6	4	1.128
778	tuo	4801	17.413	38	29	1.126
779	intelligimus	759	2.753	6	6	1.124
780	inter	18369	66.622	145	70	1.122
781	docet	1922	6.971	15	13	1.106
782	auctorem	773	2.804	6	6	1.098
783	papa	2730	9.901	21	18	1.085
784	Scripturarum	1950	7.072	15	14	1.085
785	auri	782	2.836	6	6	1.081
786	Testamentum	1304	4.729	10	9	1.08
787	nempe	785	2.847	6	6	1.075
788	Ioannem	1314	4.766	10	8	1.069
789	alius	2767	10.036	21	13	1.065
790	beatum	1320	4.787	10	8	1.063
791	Percussit	664	2.408	5	4	1.054
792	dextera	1196	4.338	9	4	1.053
793	cultu	665	2.412	5	5	1.052
794	satis	3060	11.098	23	18	1.051
795	homo	11409	41.379	85	30	1.039
796	contulit	808	2.931	6	5	1.034
797	significant	943	3.42	7	7	1.033
798	conditione	676	2.452	5	5	1.028
799	personis	812	2.945	6	3	1.027
800	quoque	16521	59.919	122	70	1.026
801	diuersis	2046	7.421	15	15	1.015
802	archiepiscopum	682	2.474	5	5	1.015
803	Preterea	1228	4.454	9	8	1.015
804	quodam	1912	6.935	14	14	1.014
805	Isaias	1093	3.964	8	4	1.013
806	Laude	1094	3.968	8	8	1.012
807	presentis	1780	6.456	13	8	1.01
808	Christiane	685	2.484	5	5	1.009
809	uersus	1098	3.982	8	8	1.006
810	panes	825	2.992	6	6	1.004
811	intentio	688	2.495	5	3	1.003
812	imagines	964	3.496	7	3	1.002
813	partem	3447	12.502	25	20	1
814	solidos	690	2.503	5	5	0.999
815	numero	3046	11.047	22	16	0.994
816	Hinc	7123	25.834	51	29	0.981
817	auctore	842	3.054	6	6	0.974
818	testis	851	3.087	6	5	0.959
819	clericorum	993	3.602	7	6	0.959
820	teste	710	2.575	5	5	0.957
821	Reuera	711	2.579	5	5	0.955
822	synodi	711	2.579	5	4	0.955
823	magnam	1001	3.631	7	7	0.947
824	precipue	1288	4.671	9	8	0.946
825	habemus	2155	7.816	15	11	0.94
826	duobus	3025	10.971	21	17	0.937
827	prophetia	721	2.615	5	5	0.935
828	primum	6073	22.026	42	31	0.931
829	plurima	1018	3.692	7	7	0.923
830	Quinquaginta	873	3.166	6	6	0.922
831	loquens	728	2.64	5	4	0.921
832	Romanis	729	2.644	5	5	0.919
833	diaconi	730	2.648	5	3	0.917
834	duo	5406	19.607	37	24	0.916
835	sicut	40799	147.972	278	117	0.91
836	ordinem	2503	9.078	17	16	0.905
837	septuaginta	1934	7.014	13	8	0.89
838	quibusdam	2976	10.794	20	18	0.89
839	tribus	3877	14.061	26	22	0.887
840	christianorum	1047	3.797	7	6	0.882
841	sermones	749	2.717	5	4	0.88
842	quorum	7967	28.895	53	39	0.875
843	dicitur	19450	70.542	129	64	0.871
844	sermonis	754	2.735	5	5	0.871
845	aperte	1811	6.568	12	9	0.869
846	Magni	1511	5.48	10	8	0.868
847	dignus	1376	4.991	9	7	0.851
848	desiderat	919	3.333	6	5	0.848
849	dicentem	768	2.785	5	5	0.844
850	predictus	769	2.789	5	5	0.842
851	Uidi	927	3.362	6	6	0.836
852	Ix	1546	5.607	10	10	0.835
853	quadraginta	1702	6.173	11	9	0.833
854	manibus	3106	11.265	20	15	0.828
855	debitum	780	2.829	5	3	0.822
856	uenerabilis	1716	6.224	11	10	0.822
857	euangelista	1406	5.099	9	7	0.82
858	multorum	1411	5.118	9	8	0.814
859	triginta	1573	5.705	10	10	0.81
860	Moysen	1428	5.179	9	9	0.797
861	intus	1906	6.913	12	8	0.796
862	hereticorum	1271	4.61	8	6	0.795
863	cetera	4000	14.507	25	19	0.785
864	Totus	1602	5.81	10	9	0.783
865	principium	1288	4.671	8	7	0.776
866	epistolam	1288	4.671	8	7	0.776
867	tulit	806	2.923	5	5	0.774
868	abbatis	1136	4.12	7	5	0.765
869	idolorum	813	2.949	5	5	0.762
870	femina	814	2.952	5	5	0.76
871	libro	4565	16.557	28	12	0.758
872	auctoritas	1468	5.324	9	8	0.757
873	Sancta	6735	24.427	41	29	0.747
874	pre	2146	7.783	13	7	0.74
875	:	232010	841.466	1404	243	0.739
876	Grece	1158	4.2	7	5	0.737
877	plura	1161	4.211	7	7	0.733
878	motus	1165	4.225	7	2	0.728
879	obtulit	833	3.021	5	5	0.727
880	tenet	1172	4.251	7	6	0.72
881	Probatur	838	3.039	5	5	0.718
882	ita	28529	103.471	170	87	0.716
883	Moyses	2350	8.523	14	12	0.716
884	dicit	25130	91.143	149	51	0.709
885	posuit	2195	7.961	13	12	0.708
886	lapides	1022	3.707	6	5	0.695
887	litterarum	856	3.105	5	5	0.688
888	propriis	1541	5.589	9	7	0.687
889	tum	2227	8.077	13	10	0.687
890	sequitur	6547	23.745	38	21	0.678
891	prout	1383	5.016	8	8	0.673
892	arte	867	3.145	5	5	0.669
893	uariis	1047	3.797	6	6	0.66
894	cuius	15182	55.063	87	65	0.66
895	Trinitatis	1748	6.34	10	9	0.658
896	beato	1575	5.712	9	7	0.656
897	Scriptura	3694	13.398	21	15	0.648
898	Denique	3179	11.53	18	17	0.643
899	multa	5868	21.282	33	26	0.633
900	auctoritatis	1067	3.87	6	6	0.633
901	tria	1611	5.843	9	9	0.623
902	fertur	896	3.25	5	5	0.622
903	prior	1076	3.903	6	4	0.621
904	appellat	897	3.253	5	5	0.62
905	alium	1980	7.181	11	7	0.615
906	multi	3434	12.455	19	15	0.609
907	(	30251	109.716	167	72	0.606
908	inuenire	1087	3.942	6	4	0.606
909	dixi	1995	7.236	11	9	0.604
910	utriusque	1273	4.617	7	7	0.6
911	Primam	910	3.3	5	5	0.599
912	presentem	1105	4.008	6	5	0.582
913	maxime	3869	14.032	21	20	0.582
914	Unde	25621	92.924	139	69	0.581
915	Huic	3506	12.716	19	18	0.579
916	Habent	4249	15.411	23	19	0.578
917	audit	929	3.369	5	4	0.569
918	locis	2984	10.823	16	16	0.564
919	memorie	1308	4.744	7	7	0.561
920	solus	3183	11.544	17	16	0.558
921	decem	3195	11.588	17	17	0.553
922	testimonium	3199	11.602	17	16	0.551
923	dolore	943	3.42	5	5	0.548
924	Ceteri	1516	5.498	8	7	0.541
925	uerbis	5501	19.951	29	25	0.54
926	Cura	1711	6.206	9	8	0.536
927	Disciplina	952	3.453	5	4	0.534
928	imperatoris	2097	7.606	11	6	0.532
929	Ceterum	1144	4.149	6	6	0.532
930	iustitie	3646	13.224	19	15	0.523
931	Similiter	5768	20.92	30	25	0.52
932	haud	963	3.493	5	5	0.518
933	Predicatione	966	3.504	5	3	0.513
934	unius	3099	11.24	16	13	0.509
935	tradidit	1946	7.058	10	7	0.503
936	constituit	1560	5.658	8	8	0.5
937	templi	1758	6.376	9	3	0.497
938	Romanorum	1369	4.965	7	6	0.496
939	ostendit	5482	19.882	28	23	0.494
940	sanctis	4324	15.683	22	15	0.488
941	Habes	1184	4.294	6	5	0.483
942	gesta	1383	5.016	7	6	0.481
943	exempla	1187	4.305	6	6	0.479
944	suorum	3962	14.37	20	11	0.477
945	fere	991	3.594	5	5	0.476
946	temporibus	3574	12.962	18	12	0.474
947	Amen	3393	12.306	17	17	0.466
948	Patet	1198	4.345	6	6	0.466
949	litteras	1398	5.07	7	7	0.465
950	saltem	1600	5.803	8	8	0.463
951	multos	2001	7.257	10	9	0.462
952	sensu	1803	6.539	9	9	0.461
953	hic	18456	66.937	92	62	0.459
954	Laus	1005	3.645	5	4	0.456
955	alios	3821	13.858	19	16	0.455
956	studio	1811	6.568	9	9	0.454
957	uideretur	1012	3.67	5	5	0.446
958	auro	1222	4.432	6	6	0.437
959	psalmus	1429	5.183	7	6	0.434
960	lege	4918	17.837	24	17	0.428
961	Spiritu	7382	26.773	36	14	0.427
962	Saul	1031	3.739	5	5	0.419
963	luce	1859	6.742	9	8	0.417
964	Natura	4347	15.766	21	10	0.414
965	notitiam	1035	3.754	5	5	0.414
966	singulis	2282	8.277	11	9	0.41
967	temporum	1249	4.53	6	6	0.405
968	mortis	3752	13.608	18	14	0.404
969	Hi	4590	16.647	22	13	0.402
970	pene	2923	10.601	14	13	0.401
971	rite	1044	3.786	5	4	0.401
972	maxima	1047	3.797	5	5	0.397
973	suos	6301	22.853	30	26	0.393
974	tot	1684	6.108	8	6	0.389
975	memoriam	1907	6.916	9	8	0.38
976	pape	2755	9.992	13	10	0.38
977	miracula	1062	3.852	5	4	0.376
978	necnon	1487	5.393	7	7	0.376
979	creditur	1063	3.855	5	2	0.375
980	.	894868	3245.554	4209	449	0.375
981	ipsorum	1702	6.173	8	8	0.374
982	Uide	1279	4.639	6	5	0.371
983	Dominica	1279	4.639	6	3	0.371
984	uasa	1497	5.429	7	6	0.367
985	ipsius	9218	33.432	43	41	0.363
986	positum	1073	3.892	5	5	0.362
987	Hactenus	1292	4.686	6	6	0.357
988	nomen	8419	30.535	39	31	0.353
989	quodammodo	1085	3.935	5	4	0.346
990	uoluerit	2172	7.878	10	8	0.344
991	aliorum	2187	7.932	10	8	0.334
992	postmodum	1759	6.38	8	7	0.327
993	uocatur	2641	9.579	12	11	0.325
994	duabus	1108	4.019	5	5	0.315
995	magnum	1997	7.243	9	8	0.313
996	S	7161	25.972	32	28	0.301
997	Corpore	5382	19.52	24	14	0.298
998	presenti	2919	10.587	13	11	0.296
999	quo	34150	123.857	152	95	0.295
1000	Preter	2710	9.829	12	12	0.288
1001	audi	1151	4.175	5	5	0.26
1002	notandum	1612	5.847	7	7	0.26
1003	Seu	6014	21.812	26	23	0.253
1004	proinde	1158	4.2	5	5	0.252
1005	ubi	18833	68.305	81	62	0.246
1006	faceret	1166	4.229	5	5	0.242
1007	superius	3276	11.882	14	12	0.237
1008	horum	2342	8.494	10	10	0.235
1009	scire	1876	6.804	8	8	0.234
1010	cur	3768	13.666	16	14	0.227
1011	Supra	6866	24.902	29	21	0.22
1012	numerus	2131	7.729	9	8	0.22
1013	diximus	3081	11.174	13	12	0.218
1014	millia	2134	7.74	9	7	0.218
1015	catholice	1669	6.053	7	4	0.21
1016	Quidam	6209	22.519	26	24	0.207
1017	domni	1434	5.201	6	6	0.206
1018	solummodo	1434	5.201	6	5	0.206
1019	Bellum	1196	4.338	5	5	0.205
1020	an	4310	15.632	18	12	0.204
1021	loquitur	3834	13.905	16	15	0.202
1022	uiros	1438	5.215	6	6	0.202
1023	Porro	2399	8.701	10	9	0.201
1024	quibus	25792	93.544	107	68	0.194
1025	sacri	1206	4.374	5	4	0.193
1026	medium	1211	4.392	5	5	0.187
1027	secunda	1939	7.033	8	8	0.186
1028	dicens	10689	38.767	44	31	0.183
1029	sententiam	2675	9.702	11	5	0.181
1030	memoria	1462	5.303	6	6	0.178
1031	Certe	2932	10.634	12	10	0.174
1032	gratie	2938	10.656	12	2	0.171
1033	aliquem	1228	4.454	5	5	0.167
1034	episcopus	9920	35.978	40	24	0.153
1035	quippe	7694	27.905	31	21	0.152
1036	diaboli	2237	8.113	9	9	0.15
1037	quecunque	1989	7.214	8	8	0.149
1038	exinde	1244	4.512	5	5	0.148
1039	populus	4983	18.073	20	16	0.146
1040	siue	16962	61.519	68	43	0.145
1041	aliis	7744	28.086	31	26	0.142
1042	suis	18251	66.194	73	48	0.141
1043	undique	1251	4.537	5	4	0.14
1044	utrumque	1761	6.387	7	6	0.132
1045	magister	1270	4.606	5	5	0.118
1046	Dauid	6606	23.959	26	16	0.118
1047	sacris	2040	7.399	8	8	0.113
1048	uix	1790	6.492	7	7	0.109
1049	Ait	17493	63.445	68	40	0.1
1050	nostrorum	2327	8.44	9	6	0.093
1051	alio	3362	12.194	13	11	0.092
1052	sex	2329	8.447	9	6	0.092
1053	habens	2084	7.558	8	8	0.082
1054	dicente	2087	7.569	8	8	0.08
1055	numerum	1830	6.637	7	6	0.077
1056	alterius	2354	8.538	9	8	0.076
1057	nil	1573	5.705	6	5	0.073
1058	Propheta	5273	19.124	20	16	0.065
1059	Fac	1326	4.809	5	4	0.056
1060	Uita	9843	35.699	37	32	0.052
1061	etiam	39496	143.246	148	95	0.047
1062	sensum	2402	8.712	9	9	0.047
1063	Ioannes	4564	16.553	17	11	0.038
1064	oratio	1614	5.854	6	6	0.036
1065	inuenit	1618	5.868	6	6	0.032
1066	populum	4591	16.651	17	13	0.03
1067	scientiam	1621	5.879	6	6	0.029
1068	Hoc	68485	248.385	253	118	0.027
1069	Petrum	1355	4.914	5	4	0.025
1070	prima	3524	12.781	13	10	0.025
1071	litteram	1360	4.933	5	5	0.02
1072	suo	14496	52.575	53	36	0.012
1073	continuo	1374	4.983	5	4	0.005
1074	Euangelium	2772	10.054	10	7	-0.008
1075	nullus	6102	22.131	22	19	-0.009
1076	sunt	72096	261.482	259	116	-0.014
1077	Iuda	1951	7.076	7	6	-0.016
1078	tantum	10340	37.502	37	25	-0.019
1079	missus	1398	5.07	5	5	-0.02
1080	qui	164490	596.581	587	210	-0.023
1081	omnes	23853	86.511	85	62	-0.025
1082	Re	3396	12.317	12	11	-0.038
1083	annum	1701	6.169	6	6	-0.04
1084	constat	2554	9.263	9	9	-0.042
1085	ut	166832	605.075	583	170	-0.054
1086	dicuntur	3173	11.508	11	11	-0.065
1087	presbyter	2311	8.382	8	7	-0.067
1088	prophetam	2601	9.433	9	8	-0.068
1089	iuxta	12151	44.07	42	28	-0.069
1090	usus	1736	6.296	6	6	-0.07
1091	secundum	20850	75.62	72	54	-0.071
1092	antea	1450	5.259	5	5	-0.073
1093	accipere	2325	8.432	8	6	-0.076
1094	alter	2036	7.384	7	7	-0.077
1095	apud	14014	50.827	48	32	-0.083
1096	anime	4966	18.011	17	13	-0.083
1097	;	116352	421.992	398	151	-0.084
1098	Nunquid	2642	9.582	9	8	-0.09
1099	itaque	8518	30.894	29	23	-0.091
1100	igne	2063	7.482	7	7	-0.096
1101	Fiat	3249	11.784	11	11	-0.099
1102	quondam	2078	7.537	7	7	-0.107
1103	Oratione	1485	5.386	5	2	-0.107
1104	Neque	16128	58.494	54	38	-0.115
1105	)	30262	109.756	101	71	-0.12
1106	patres	2405	8.723	8	8	-0.125
1107	totum	4540	16.466	15	14	-0.135
1108	ueluti	1816	6.586	6	5	-0.135
1109	sanctos	1819	6.597	6	6	-0.137
1110	Siquidem	3033	11	10	8	-0.138
1111	sancto	6677	24.217	22	12	-0.138
1112	uidetur	5463	19.814	18	14	-0.138
1113	sub	14326	51.958	47	32	-0.145
1114	multis	4879	17.695	16	16	-0.145
1115	ipse	28742	104.243	94	56	-0.149
1116	postea	4899	17.768	16	14	-0.151
1117	sacerdotes	3065	11.116	10	9	-0.153
1118	aliqua	3067	11.124	10	10	-0.154
1119	tali	1845	6.692	6	6	-0.157
1120	profecto	2155	7.816	7	7	-0.159
1121	hac	9255	33.567	30	24	-0.162
1122	ueritate	2803	10.166	9	6	-0.176
1123	Quomodo	10295	37.338	33	25	-0.178
1124	olim	2184	7.921	7	7	-0.178
1125	tam	10045	36.432	32	26	-0.187
1126	sum	8214	29.791	26	15	-0.196
1127	adeo	1586	5.752	5	5	-0.202
1128	Saluatoris	2546	9.234	8	6	-0.207
1129	episcopi	7018	25.453	22	15	-0.21
1130	illo	8616	31.249	27	24	-0.211
1131	igitur	11511	41.749	36	27	-0.214
1132	canones	1603	5.814	5	5	-0.218
1133	Quapropter	2248	8.153	7	6	-0.22
1134	debere	1928	6.993	6	4	-0.221
1135	e	4178	15.153	13	13	-0.221
1136	medio	3221	11.682	10	10	-0.224
1137	synodo	1933	7.011	6	3	-0.225
1138	culpa	1611	5.843	5	4	-0.225
1139	Nam	23565	85.467	73	45	-0.227
1140	Romane	1941	7.04	6	5	-0.231
1141	penitus	2589	9.39	8	8	-0.231
1142	ipsum	11054	40.091	34	26	-0.238
1143	nimirum	2607	9.455	8	8	-0.241
1144	Quare	3911	14.185	12	10	-0.241
1145	quas	6197	22.476	19	19	-0.242
1146	rerum	4903	17.783	15	12	-0.245
1147	iam	20595	74.695	63	47	-0.246
1148	misit	3285	11.914	10	10	-0.253
1149	parte	5608	20.339	17	15	-0.259
1150	illius	10243	37.15	31	19	-0.261
1151	,	2210261	8016.289	6686	591	-0.262
1152	sit	27786	100.776	84	63	-0.263
1153	quamuis	4631	16.796	14	11	-0.263
1154	locutus	2328	8.443	7	6	-0.27
1155	eas	3004	10.895	9	8	-0.276
1156	uidelicet	10383	37.658	31	22	-0.281
1157	foris	1679	6.09	5	5	-0.284
1158	facile	1679	6.09	5	5	-0.284
1159	quod	133459	484.036	397	142	-0.286
1160	lingua	2354	8.538	7	7	-0.286
1161	est	273513	991.991	810	252	-0.292
1162	Hec	30798	111.7	91	68	-0.296
1163	scientie	1694	6.144	5	4	-0.297
1164	Actibus	1696	6.151	5	5	-0.299
1165	proprie	2375	8.614	7	7	-0.299
1166	opus	5429	19.69	16	16	-0.299
1167	fecit	8877	32.196	26	22	-0.308
1168	totius	3762	13.644	11	8	-0.311
1169	quis	16434	59.604	48	35	-0.312
1170	et	725334	2630.679	2118	402	-0.313
1171	His	21236	77.02	62	46	-0.313
1172	insuper	1715	6.22	5	5	-0.315
1173	habebat	1733	6.285	5	5	-0.33
1174	diuina	6586	23.886	19	16	-0.33
1175	eadem	7673	27.829	22	19	-0.339
1176	fuerat	4559	16.535	13	13	-0.347
1177	pars	2809	10.188	8	8	-0.349
1178	Ioseph	1767	6.409	5	4	-0.358
1179	tandem	2476	8.98	7	5	-0.359
1180	Ciuitatis	2491	9.035	7	5	-0.368
1181	celi	3203	11.617	9	8	-0.368
1182	rem	1783	6.467	5	5	-0.371
1183	anni	2145	7.78	6	4	-0.375
1184	Fidei	9336	33.86	26	19	-0.381
1185	fecerit	1796	6.514	5	5	-0.382
1186	?	41969	152.215	116	60	-0.392
1187	quedam	3982	14.442	11	10	-0.393
1188	nemo	5801	21.039	16	12	-0.395
1189	fuisse	5097	18.486	14	11	-0.401
1190	nequaquam	3283	11.907	9	9	-0.404
1191	Pascha	1826	6.623	5	2	-0.405
1192	poterit	2245	8.142	6	6	-0.44
1193	intelligi	3002	10.888	8	6	-0.445
1194	litteris	2264	8.211	6	5	-0.453
1195	illud	13210	47.911	35	27	-0.453
1196	meo	3784	13.724	10	7	-0.457
1197	uelut	3406	12.353	9	9	-0.457
1198	At	3787	13.735	10	7	-0.458
1199	Francorum	1894	6.869	5	4	-0.458
1200	illorum	4561	16.542	12	8	-0.463
1201	super	23580	85.521	62	42	-0.464
1202	solum	10659	38.659	28	26	-0.465
1203	iterum	6856	24.866	18	16	-0.466
1204	uidere	2288	8.298	6	6	-0.468
1205	loco	10297	37.346	27	20	-0.468
1206	enim	66589	241.508	174	97	-0.473
1207	fratribus	3064	11.113	8	8	-0.474
1208	sepe	3840	13.927	10	6	-0.478
1209	Ordo	1921	6.967	5	4	-0.479
1210	nomine	11537	41.843	30	26	-0.48
1211	habeat	3077	11.16	8	7	-0.48
1212	eius	58490	212.135	152	96	-0.481
1213	faciunt	2717	9.854	7	7	-0.493
1214	noster	5472	19.846	14	11	-0.503
1215	dicta	3129	11.348	8	8	-0.504
1216	si	77083	279.569	196	98	-0.512
1217	hodie	2361	8.563	6	5	-0.513
1218	inde	7880	28.58	20	18	-0.515
1219	ordine	3156	11.446	8	8	-0.517
1220	ira	1975	7.163	5	2	-0.519
1221	Talibus	1984	7.196	5	5	-0.525
1222	eorum	25018	90.737	63	45	-0.526
1223	alibi	2804	10.17	7	7	-0.539
1224	manu	4837	17.543	12	10	-0.548
1225	debeat	2020	7.326	5	4	-0.551
1226	ceteris	4447	16.129	11	10	-0.552
1227	sui	12941	46.935	32	26	-0.553
1228	peccato	3649	13.234	9	8	-0.556
1229	illum	8925	32.37	22	19	-0.557
1230	ab	47676	172.914	117	84	-0.564
1231	isti	2860	10.373	7	6	-0.567
1232	lex	3682	13.354	9	8	-0.569
1233	Marie	2048	7.428	5	5	-0.571
1234	Epistola	4513	16.368	11	8	-0.573
1235	exemplum	2462	8.929	6	4	-0.574
1236	gentium	3716	13.477	9	8	-0.583
1237	ille	15694	56.92	38	32	-0.583
1238	alia	7470	27.093	18	17	-0.59
1239	longe	3330	12.077	8	7	-0.594
1240	diu	2085	7.562	5	5	-0.597
1241	sic	22224	80.603	53	45	-0.605
1242	ad	177121	642.392	422	181	-0.606
1243	quidquid	4654	16.879	11	10	-0.618
1244	cui	11424	41.433	27	25	-0.618
1245	dixit	12295	44.592	29	17	-0.621
1246	esse	42728	154.968	100	77	-0.632
1247	-que	76595	277.799	179	109	-0.634
1248	nunquam	4722	17.126	11	10	-0.639
1249	modum	2159	7.83	5	5	-0.647
1250	intelligere	2159	7.83	5	5	-0.647
1251	Christi	23773	86.221	55	35	-0.649
1252	omnium	11251	40.806	26	24	-0.65
1253	Postquam	3897	14.134	9	9	-0.651
1254	etenim	2603	9.441	6	6	-0.654
1255	bene	8253	29.932	19	15	-0.656
1256	fuit	11793	42.772	27	22	-0.664
1257	factus	4823	17.492	11	10	-0.669
1258	fit	3967	14.388	9	9	-0.677
1259	cuncta	3543	12.85	8	8	-0.684
1260	uero	35931	130.316	81	64	-0.686
1261	coram	4889	17.732	11	10	-0.689
1262	propterea	3112	11.287	7	7	-0.689
1263	posset	2669	9.68	6	6	-0.69
1264	quicunque	2670	9.684	6	6	-0.691
1265	rege	2672	9.691	6	5	-0.692
1266	quidem	13370	48.491	30	27	-0.693
1267	Pater	11157	40.465	25	17	-0.695
1268	que	105304	381.922	235	137	-0.701
1269	rei	2694	9.771	6	6	-0.703
1270	episcopum	3592	13.028	8	8	-0.704
1271	es	6288	22.806	14	12	-0.704
1272	uel	61906	224.524	137	76	-0.713
1273	cum	118100	428.331	261	149	-0.715
1274	eo	25904	93.95	57	46	-0.721
1275	a	90890	329.645	199	128	-0.728
1276	atque	32045	116.223	70	47	-0.731
1277	utique	5038	18.272	11	10	-0.732
1278	habere	8274	30.009	18	16	-0.737
1279	gentes	4142	15.022	9	3	-0.739
1280	Abraham	2764	10.025	6	5	-0.741
1281	Gratia	10609	38.477	23	13	-0.742
1282	aliquis	2776	10.068	6	5	-0.747
1283	scilicet	11574	41.977	25	21	-0.748
1284	Nature	3245	11.769	7	4	-0.75
1285	ergo	29670	107.609	64	45	-0.75
1286	quisque	2318	8.407	5	5	-0.75
1287	autem	64914	235.434	140	78	-0.75
1288	Is	2320	8.414	5	5	-0.751
1289	ore	4202	15.24	9	8	-0.76
1290	licet	7008	25.417	15	15	-0.761
1291	illos	5169	18.747	11	10	-0.769
1292	partes	2365	8.578	5	4	-0.779
1293	potuit	3329	12.074	7	7	-0.786
1294	aliquo	2384	8.646	5	4	-0.79
1295	quando	13356	48.44	28	22	-0.791
1296	celum	3831	13.895	8	7	-0.796
1297	fieri	7663	27.793	16	15	-0.797
1298	Patris	8628	31.293	18	14	-0.798
1299	Apostoli	4794	17.387	10	9	-0.798
1300	Dei	58503	212.182	122	63	-0.798
1301	Post	25587	92.8	53	40	-0.808
1302	locum	6277	22.766	13	9	-0.808
1303	suum	13040	47.294	27	20	-0.809
1304	ipsos	2899	10.514	6	6	-0.809
1305	ac	31966	115.936	66	53	-0.813
1306	habet	9718	35.246	20	18	-0.817
1307	tamen	22532	81.72	46	35	-0.829
1308	usque	24146	87.574	49	39	-0.838
1309	c	3493	12.669	7	7	-0.856
1310	circa	3505	12.712	7	7	-0.861
1311	anno	9054	32.838	18	16	-0.867
1312	Ecce	7576	27.477	15	12	-0.873
1313	omnibus	22258	80.727	44	33	-0.876
1314	facit	5068	18.381	10	8	-0.878
1315	quam	46206	167.582	91	70	-0.881
1316	martyris	2540	9.212	5	5	-0.882
1317	erit	9146	33.171	18	17	-0.882
1318	tempora	2546	9.234	5	3	-0.885
1319	potestatem	3063	11.109	6	6	-0.889
1320	nunc	13926	50.508	27	22	-0.904
1321	Quoniam	16008	58.059	31	24	-0.905
1322	toto	3112	11.287	6	6	-0.912
1323	alii	5192	18.831	10	9	-0.913
1324	potest	13503	48.973	26	25	-0.913
1325	uidit	2598	9.423	5	4	-0.914
1326	pariter	3118	11.309	6	6	-0.914
1327	ipsi	9879	35.83	19	18	-0.915
1328	nostro	5724	20.76	11	8	-0.916
1329	extra	2607	9.455	5	4	-0.919
1330	precepta	2611	9.47	5	5	-0.921
1331	quia	98686	357.92	188	89	-0.929
1332	nostrum	6305	22.867	12	11	-0.93
1333	omnis	10007	36.294	19	19	-0.934
1334	Uirtus	3165	11.479	6	5	-0.936
1335	uir	5824	21.123	11	11	-0.941
1336	nostri	10602	38.452	20	17	-0.943
1337	possit	5310	19.259	10	10	-0.946
1338	frater	3190	11.57	6	5	-0.947
1339	omnem	5876	21.311	11	9	-0.954
1340	multo	2677	9.709	5	5	-0.957
1341	dictum	6978	25.308	13	11	-0.961
1342	Domini	26925	97.653	50	39	-0.966
1343	quantum	6499	23.571	12	11	-0.974
1344	omnia	23642	85.746	43	35	-0.996
1345	significat	4964	18.004	9	7	-1
1346	Sed	101571	368.383	184	119	-1.002
1347	omni	11640	42.217	21	20	-1.007
1348	Magna	4439	16.1	8	7	-1.009
1349	illis	11108	40.287	20	19	-1.01
1350	quid	25030	90.78	45	35	-1.012
1351	Iudei	2788	10.112	5	5	-1.016
1352	sancte	11187	40.574	20	18	-1.021
1353	Israel	8396	30.451	15	13	-1.022
1354	seculi	5061	18.356	9	9	-1.028
1355	statim	2835	10.282	5	5	-1.04
1356	mihi	14184	51.443	25	18	-1.041
1357	ipsis	4543	16.477	8	8	-1.042
1358	deinde	5116	18.555	9	9	-1.044
1359	aut	34719	125.921	61	36	-1.046
1360	dicunt	3419	12.4	6	6	-1.047
1361	nec	41042	148.853	72	54	-1.048
1362	auctoritate	3997	14.497	7	7	-1.05
1363	tui	5140	18.642	9	9	-1.051
1364	filii	10957	39.739	19	15	-1.065
1365	quasi	19683	71.387	34	26	-1.07
1366	Filio	5805	21.054	10	8	-1.074
1367	huiusmodi	3496	12.68	6	6	-1.079
1368	tuis	3526	12.788	6	6	-1.092
1369	regis	6472	23.473	11	8	-1.093
1370	propter	17688	64.152	30	23	-1.097
1371	ibi	10625	38.535	18	17	-1.098
1372	ualde	2980	10.808	5	5	-1.112
1373	sacerdos	2980	10.808	5	5	-1.112
1374	nostris	5969	21.649	10	9	-1.114
1375	Iudeorum	3613	13.104	6	6	-1.127
1376	ante	15065	54.639	25	19	-1.128
1377	per	98723	358.054	163	106	-1.135
1378	tempore	12833	46.543	21	21	-1.148
1379	unusquisque	3064	11.113	5	5	-1.152
1380	dicat	4292	15.566	7	7	-1.153
1381	adhuc	7383	26.777	12	12	-1.158
1382	illi	14775	53.587	24	21	-1.159
1383	ea	16639	60.347	27	25	-1.16
1384	melius	3086	11.193	5	4	-1.163
1385	sermo	3100	11.243	5	5	-1.169
1386	fuerit	11192	40.592	18	15	-1.173
1387	illa	12472	45.234	20	19	-1.177
1388	spiritus	16254	58.951	26	12	-1.181
1389	magis	8781	31.847	14	14	-1.186
1390	ei	16962	61.519	27	24	-1.188
1391	Petrus	3145	11.406	5	5	-1.19
1392	nulla	5661	20.532	9	9	-1.19
1393	tota	3787	13.735	6	6	-1.195
1394	opere	3797	13.771	6	3	-1.199
1395	ista	5699	20.669	9	9	-1.199
1396	ratione	3174	11.512	5	5	-1.203
1397	minus	3836	13.913	6	6	-1.213
1398	Ecclesie	21098	76.519	33	26	-1.213
1399	celestis	3200	11.606	5	5	-1.215
1400	ipso	9616	34.876	15	14	-1.217
1401	qualiter	3848	13.956	6	6	-1.218
1402	tanta	3249	11.784	5	4	-1.237
1403	factum	5854	21.232	9	9	-1.238
1404	Sapientia	3918	14.21	6	6	-1.244
1405	me	30698	111.337	47	37	-1.244
1406	id	56272	204.09	86	50	-1.247
1407	sententia	3288	11.925	5	4	-1.254
1408	!	3970	14.399	6	6	-1.263
1409	recte	5301	19.226	8	6	-1.265
1410	sue	13329	48.342	20	17	-1.273
1411	Iustitia	3349	12.146	5	5	-1.281
1412	Regem	4696	17.032	7	7	-1.283
1413	episcopis	3373	12.233	5	5	-1.291
1414	Iudicium	5420	19.658	8	8	-1.297
1415	Erat	17808	64.587	26	21	-1.313
1416	uitam	8938	32.417	13	13	-1.318
1417	tanquam	5523	20.031	8	7	-1.324
1418	dicere	4835	17.536	7	5	-1.325
1419	nostre	6929	25.131	10	7	-1.329
1420	causa	7700	27.927	11	9	-1.344
1421	pro	43478	157.688	62	45	-1.347
1422	sanctum	6326	22.944	9	7	-1.35
1423	non	212441	770.492	301	157	-1.356
1424	nobis	28243	102.433	40	31	-1.357
1425	debet	4982	18.069	7	6	-1.368
1426	sint	7864	28.522	11	10	-1.375
1427	peccati	3577	12.973	5	5	-1.376
1428	Hanc	9345	33.893	13	13	-1.382
1429	Tibi	13832	50.167	19	16	-1.401
1430	esset	9536	34.586	13	11	-1.412
1431	annos	4404	15.973	6	6	-1.413
1432	fuerint	3718	13.485	5	5	-1.431
1433	tue	5257	19.066	7	7	-1.446
1434	annis	3802	13.789	5	5	-1.464
1435	sensus	3828	13.884	5	4	-1.473
1436	Cunctis	3943	14.301	5	4	-1.516
1437	inquit	11832	42.913	15	14	-1.516
1438	qua	20532	74.467	26	22	-1.518
1439	opera	6363	23.078	8	6	-1.528
1440	Spiritum	6423	23.295	8	6	-1.542
1441	facta	6440	23.357	8	8	-1.546
1442	ne	26706	96.859	33	28	-1.553
1443	una	8906	32.301	11	9	-1.554
1444	morte	4064	14.74	5	5	-1.56
1445	sibi	21952	79.617	27	24	-1.56
1446	domino	17924	65.008	22	18	-1.563
1447	rebus	4893	17.746	6	6	-1.564
1448	se	52290	189.648	64	47	-1.567
1449	Dominus	28645	103.891	35	24	-1.57
1450	dum	18066	65.523	22	19	-1.574
1451	forte	6594	23.916	8	7	-1.58
1452	erant	7471	27.096	9	8	-1.59
1453	quatenus	4173	15.135	5	5	-1.598
1454	ob	5009	18.167	6	6	-1.598
1455	modo	10867	39.413	13	12	-1.6
1456	nisi	22042	79.943	26	24	-1.62
1457	Christum	10187	36.947	12	11	-1.622
1458	nostram	4284	15.537	5	5	-1.636
1459	mox	4291	15.563	5	5	-1.638
1460	populo	5161	18.718	6	6	-1.641
1461	absque	4330	15.704	5	5	-1.651
1462	possunt	4386	15.907	5	5	-1.67
1463	omnino	4403	15.969	5	5	-1.675
1464	aliud	8095	29.359	9	8	-1.706
1465	gratiam	6394	23.19	7	6	-1.728
1466	te	23799	86.315	26	24	-1.731
1467	hominis	6445	23.375	7	7	-1.74
1468	potius	4608	16.713	5	5	-1.741
1469	eum	31346	113.687	34	29	-1.741
1470	uestre	4617	16.745	5	5	-1.744
1471	ecclesia	14781	53.609	16	12	-1.744
1472	uerum	8319	30.172	9	8	-1.745
1473	Deus	32414	117.561	35	27	-1.748
1474	uiri	4657	16.89	5	5	-1.756
1475	manus	5645	20.474	6	6	-1.771
1476	Euangelio	4753	17.238	5	5	-1.786
1477	tunc	14329	51.969	15	14	-1.793
1478	ideo	14608	52.981	15	15	-1.821
1479	Dominum	11718	42.499	12	10	-1.824
1480	episcopo	4956	17.975	5	5	-1.846
1481	nos	28959	105.03	29	23	-1.857
1482	terram	8011	29.055	8	7	-1.861
1483	dedit	5078	18.417	5	5	-1.881
1484	sumus	6102	22.131	6	6	-1.883
1485	mei	5165	18.733	5	4	-1.906
1486	legem	5254	19.056	5	4	-1.93
1487	hominem	6415	23.266	6	6	-1.955
1488	eam	10692	38.778	10	9	-1.955
1489	Tu	9923	35.989	9	9	-2
1490	fratres	5632	20.426	5	5	-2.03
1491	prius	6813	24.71	6	4	-2.042
1492	uobis	16104	58.407	14	14	-2.061
1493	Christus	12693	46.036	11	9	-2.065
1494	nihil	11730	42.543	10	10	-2.089
1495	eis	17666	64.072	15	14	-2.095
1496	eos	21293	77.227	18	16	-2.101
1497	facere	6211	22.526	5	3	-2.172
1498	ipsa	12425	45.064	10	9	-2.172
1499	Uenit	6490	23.538	5	5	-2.235
1500	anima	6506	23.596	5	5	-2.239
1501	tuum	6539	23.716	5	5	-2.246
1502	mundi	7879	28.576	6	5	-2.252
1503	Deo	28999	105.175	22	17	-2.257
1504	corporis	6617	23.999	5	5	-2.263
1505	nostra	9321	33.806	7	6	-2.272
1506	Tempus	6697	24.289	5	5	-2.28
1507	hominum	6709	24.333	5	5	-2.283
1508	tua	9484	34.397	7	7	-2.297
1509	aliquid	7044	25.548	5	5	-2.353
1510	terra	10001	36.272	7	5	-2.373
1511	suam	12923	46.87	9	9	-2.381
1512	fidem	9048	32.816	6	6	-2.451
1513	die	13670	49.579	9	9	-2.462
1514	rex	9240	33.512	6	6	-2.482
1515	Dies	9338	33.868	6	6	-2.497
1516	ego	14898	54.033	9	9	-2.586
1517	apostolus	10154	36.827	6	6	-2.618
1518	Deum	18759	68.036	11	11	-2.629
1519	sua	17389	63.067	10	10	-2.657
1520	ecclesiam	8817	31.978	5	5	-2.677
1521	semper	14445	52.39	8	8	-2.711
1522	sine	17552	63.659	9	8	-2.822
1523	filius	12707	46.086	6	6	-2.941
1524	uos	17265	62.618	8	7	-2.968
1525	Christo	11863	43.025	5	5	-3.105
