No.	lemma	Total no. in this subcorpus	Expected collocate frequency	Observed collocate frequency	In no. of texts	MI3 value
1	in	463796	1682.119	5543	485	26.593
2	,	2210261	8016.289	6686	591	25.152
3	-	356744	1293.858	3292	399	24.717
4	.	894868	3245.554	4209	449	24.454
5	de	136672	495.689	2086	342	24.126
6	scribo1	20693	75.05	692	214	22.074
7	qui2	510903	1852.969	1922	391	21.87
8	et	725333	2630.675	2118	402	21.784
9	:	232010	841.466	1404	243	21.649
10	idem2	43462	157.63	766	165	21.443
11	lego2	9617	34.879	422	175	21.039
12	secundus	7209	26.146	361	159	20.779
13	sum	524045	1900.634	1457	336	20.634
14	primus	14793	53.652	435	177	20.549
15	moralis	382	1.386	123	40	20.357
16	item	9686	35.13	341	57	20.106
17	rex	31400	113.883	492	122	19.996
18	capitulum	3551	12.879	212	58	19.497
19	hic3	167450	607.316	764	237	19.486
20	ex	66613	241.596	544	184	19.346
21	tertius	7799	28.286	266	116	19.344
22	genesis	802	2.909	124	76	19.322
23	quinque	3634	13.18	201	76	19.233
24	beatus	22102	80.161	360	120	19.151
25	caput	17026	61.751	308	92	18.852
26	historia	2949	10.696	170	82	18.809
27	sanctus1	70547	255.864	486	141	18.775
28	--	164067	595.047	630	214	18.681
29	quartus	4056	14.711	182	86	18.645
30	dialogus	153	0.555	60	38	18.57
31	numerus	8610	31.227	223	71	18.438
32	incipio	3936	14.275	169	76	18.367
33	ut	168062	609.536	587	171	18.34
34	decimus	1884	6.833	130	39	18.295
35	quattuor	5642	20.463	179	71	18.097
36	dico3	128642	466.566	477	142	17.828
37	unus	37779	137.019	308	74	17.702
38	enchiridion	74	0.268	38	18	17.641
39	diuinus1	20429	74.093	244	122	17.581
40	1	3478	12.614	130	53	17.41
41	quintus	2584	9.372	113	52	17.232
42	;	116352	421.992	398	151	17.189
43	hypomnesticon	37	0.134	27	3	17.162
44	ecclesiasticus1	5501	19.951	143	77	17.161
45	sicut	41928	152.067	281	119	17.155
46	lex	23038	83.555	226	98	17.076
47	euangelium	10708	38.836	174	77	17.049
48	ambrosius	976	3.54	78	32	17.033
49	exodium	598	2.169	65	39	16.95
50	prefatio	628	2.278	66	39	16.946
51	is2	288636	1046.84	505	214	16.909
52	ad	177121	642.392	422	181	16.836
53	septimus1	2325	8.432	96	50	16.679
54	prologus	259	0.939	46	26	16.661
55	trinitas	4195	15.215	116	38	16.647
56	explicit	202	0.733	42	25	16.626
57	liber1	12354	44.806	162	39	16.534
58	leuiticus	390	1.415	51	25	16.517
59	uita	30381	110.187	210	131	16.359
60	uicesimus	821	2.978	63	23	16.358
61	deleo	1477	5.357	76	47	16.322
62	retractatio	136	0.493	34	14	16.282
63	apocryphicus	162	0.588	35	15	16.155
64	predestinatio	2248	8.153	84	26	16.15
65	sapientia	8726	31.648	131	78	16.116
66	aperio	4103	14.881	101	46	16.079
67	iudex	5361	19.444	110	51	16.063
68	contineo	4468	16.205	102	70	15.999
69	contra2	15581	56.51	154	54	15.98
70	suus	117610	426.554	302	133	15.979
71	uolumen	1144	4.149	64	36	15.947
72	a	138248	501.405	315	182	15.928
73	propheta	14538	52.727	145	69	15.819
74	finis	10813	39.217	131	69	15.807
75	deuteronomium	394	1.429	43	26	15.764
76	sexto	655	2.376	50	27	15.683
77	conscribo	1267	4.595	62	48	15.662
78	duo	16653	60.398	145	78	15.623
79	ita	28529	103.471	170	87	15.535
80	inter	18369	66.622	145	70	15.482
81	lego1	1284	4.657	59	43	15.429
82	(	30251	109.716	167	72	15.373
83	ciuitas	12845	46.587	124	50	15.321
84	perseuerantia	551	1.998	43	8	15.28
85	ipse2	84491	306.436	230	131	15.277
86	edo2	1164	4.222	55	42	15.266
87	omnis	114016	413.519	250	139	15.206
88	ille2	110466	400.644	247	136	15.199
89	antiquitas	326	1.182	35	24	15.146
90	narro	3019	10.95	73	34	15.117
91	non	212441	770.492	301	157	15.111
92	habeo	59550	215.979	196	111	15.089
93	questio1	1633	5.923	59	26	15.082
94	fulgenter	85	0.308	22	14	15.076
95	lectio	2600	9.43	68	36	15.025
96	expositio	1004	3.641	49	37	14.98
97	prefatus1	3657	13.263	75	34	14.957
98	iste2	20938	75.939	133	81	14.919
99	quoque	16521	59.919	122	70	14.887
100	prosper	1612	5.847	56	16	14.874
101	uetus	4403	15.969	78	49	14.859
102	moralia	87	0.316	21	10	14.841
103	testamentum	4862	17.634	80	44	14.826
104	unde	25621	92.924	139	69	14.819
105	si	77083	279.569	196	98	14.717
106	tres	11031	40.008	102	61	14.695
107	correptio	703	2.55	40	8	14.615
108	nomen	25313	91.807	131	87	14.58
109	seruus2	9225	33.458	92	60	14.506
110	inscribo	321	1.164	30	24	14.501
111	etiam	39518	143.326	148	95	14.465
112	prior	4247	15.403	70	27	14.443
113	sententia	8224	29.827	87	49	14.43
114	areopagites	117	0.424	21	6	14.414
115	enim	66589	241.508	174	97	14.413
116	quod	53580	194.327	159	91	14.336
117	que	76595	277.799	179	109	14.334
118	inuenio	15419	55.922	103	76	14.254
119	2	4069	14.758	66	39	14.25
120	commentarium	286	1.037	27	17	14.212
121	compono	2568	9.314	56	40	14.203
122	quia	98686	357.92	188	89	14.18
123	sanctus2	10126	36.726	88	43	14.18
124	actus	3384	12.273	61	36	14.175
125	4	3774	13.688	63	37	14.157
126	generatio	2678	9.713	56	29	14.142
127	musaicus	122	0.443	20	11	14.142
128	quidam	24360	88.35	116	78	14.109
129	alius	47026	170.556	143	89	14.066
130	appello1	6044	21.921	72	33	14.056
131	sed	101708	368.88	184	119	14.044
132	uerbum	27300	99.013	118	71	14.018
133	3	4170	15.124	63	36	14.013
134	expono	3296	11.954	58	39	13.995
135	pastoralis	528	1.915	31	16	13.925
136	pleniter	1576	5.716	44	30	13.863
137	commemoro	1690	6.129	45	26	13.86
138	epistola	8199	29.737	75	44	13.792
139	deus	140088	508.078	193	99	13.788
140	memoro	3082	11.178	54	24	13.782
141	beda	1356	4.918	41	20	13.775
142	apocalypsis	859	3.116	35	26	13.748
143	reperio	3975	14.417	58	41	13.724
144	scriptor	910	3.3	35	23	13.665
145	exordium	953	3.456	35	26	13.599
146	per	98723	358.054	163	106	13.562
147	nauis	1850	6.71	43	27	13.533
148	cum2	48101	174.455	127	83	13.519
149	autem	64914	235.434	140	78	13.509
150	uel	61906	224.524	137	76	13.483
151	nonus	2221	8.055	45	25	13.466
152	facio	73916	268.082	144	104	13.443
153	testor	2767	10.036	48	40	13.428
154	superus	2965	10.754	49	28	13.417
155	atque	64010	232.155	136	89	13.403
156	propheticus	1117	4.051	35	24	13.37
157	describo	2081	7.548	43	37	13.363
158	psalmus	6551	23.76	63	37	13.361
159	sermo	9216	33.425	70	41	13.325
160	?	41969	152.215	116	60	13.324
161	fides	30182	109.466	103	51	13.285
162	siue	22976	83.331	94	62	13.283
163	octauo	691	2.506	29	21	13.248
164	cum1	70084	254.184	135	95	13.241
165	nec	57170	207.347	126	78	13.236
166	sacer	11163	40.487	73	56	13.23
167	doctor	5048	18.308	56	32	13.228
168	)	30262	109.756	101	71	13.196
169	multus	21416	77.673	90	63	13.196
170	authenticus	145	0.526	17	15	13.19
171	auctor	4106	14.892	51	38	13.121
172	demonstro	4132	14.986	51	37	13.112
173	tricesimus	620	2.249	27	9	13.096
174	scriptura	9540	34.6	67	43	13.086
175	prophetia	1744	6.325	38	22	13.083
176	gesta	1158	4.2	33	23	13.063
177	sextus	2095	7.598	40	27	13.04
178	tractatus	659	2.39	27	23	13.008
179	homo	47745	173.164	112	48	12.986
180	lasciuus2	12	0.044	7	6	12.944
181	ubi	18833	68.305	81	62	12.926
182	signo	2460	8.922	41	21	12.915
183	bonus	26208	95.053	90	36	12.905
184	refero	6201	22.49	55	42	12.853
185	etymologia	154	0.559	16	13	12.84
186	locus	27046	98.092	89	60	12.811
187	opus1	24361	88.354	85	57	12.763
188	accipio	20568	74.597	80	40	12.745
189	testimonium	6030	21.87	53	38	12.733
190	excerptio	166	0.602	16	14	12.732
191	mentio	635	2.303	25	21	12.728
192	hermes	55	0.2	11	9	12.704
193	sequor	15585	56.525	72	48	12.689
194	hic1	15083	54.704	71	48	12.676
195	apostolus	27482	99.673	86	46	12.64
196	religio	3054	11.076	41	22	12.603
197	dominus	89984	326.359	126	82	12.582
198	ostendo	14357	52.071	68	39	12.56
199	pono	17333	62.864	72	44	12.536
200	titulus	1835	6.655	34	25	12.528
201	duodecimus	433	1.57	21	13	12.526
202	appendix	129	0.468	14	3	12.518
203	memini	1496	5.426	31	24	12.423
204	principium	3225	11.697	40	27	12.418
205	possum	56956	206.571	104	81	12.411
206	acta2	37	0.134	9	3	12.407
207	regnum	16889	61.254	69	39	12.389
208	quis	41464	150.384	93	59	12.385
209	uideo	45783	166.048	96	64	12.379
210	undecimus	552	2.002	22	14	12.377
211	explanatio	217	0.787	16	11	12.346
212	pater	42897	155.581	93	61	12.336
213	hinc	7125	25.841	51	29	12.326
214	plures	2957	10.725	38	22	12.321
215	noster	59504	215.812	103	72	12.306
216	diuinus2	40	0.145	9	8	12.295
217	episcopus	33792	122.559	85	52	12.291
218	5	3578	12.977	40	23	12.268
219	georgicus	7	0.025	5	4	12.265
220	aio	18645	67.623	69	41	12.246
221	epigramma	42	0.152	9	3	12.225
222	penitentialis	200	0.725	15	5	12.184
223	sacramentum	5790	21	46	31	12.178
224	septem	4445	16.121	42	24	12.166
225	nam	23565	85.467	73	45	12.152
226	missalis	62	0.225	10	8	12.119
227	uiginti	2038	7.392	32	18	12.114
228	lapsi	257	0.932	16	6	12.101
229	capitularis1	318	1.153	17	8	12.057
230	quam	41978	152.248	86	67	12.029
231	nouus	9489	34.415	52	38	11.996
232	homilia	934	3.388	24	17	11.995
233	uero1	35931	130.316	81	64	11.994
234	falso2	68	0.247	10	4	11.985
235	secundum1	20166	73.139	66	50	11.941
236	sigale	94	0.341	11	8	11.931
237	mortuus	6656	24.14	45	30	11.882
238	antiquus	4057	14.714	38	31	11.865
239	antapodosis	16	0.058	6	2	11.862
240	titulo	129	0.468	12	8	11.851
241	initium	3538	12.832	36	27	11.828
242	miraculum	1579	5.727	27	17	11.747
243	soluo	4073	14.772	37	29	11.744
244	disputo	997	3.616	23	12	11.716
245	iam	20595	74.695	63	47	11.709
246	computus	110	0.399	11	5	11.704
247	ceterus	13284	48.179	54	40	11.674
248	pars	17433	63.227	59	46	11.665
249	copia	1190	4.316	24	20	11.645
250	precedens	704	2.553	20	13	11.613
251	spiritus	31474	114.152	70	29	11.553
252	egredior	3145	11.406	32	9	11.488
253	canonicus2	913	3.311	21	14	11.45
254	primum	5850	21.217	39	30	11.449
255	ueteres	678	2.459	19	16	11.446
256	super	23579	85.518	62	42	11.444
257	tuus	47270	171.441	78	57	11.435
258	institutio	949	3.442	21	15	11.394
259	disputatio	600	2.176	18	12	11.388
260	se	80262	291.098	92	65	11.385
261	christus	59315	215.127	83	53	11.376
262	aduersus2	3751	13.604	33	25	11.367
263	christianus1	5821	21.112	38	33	11.344
264	ego	60664	220.019	82	58	11.291
265	pontificalis	546	1.98	17	6	11.277
266	canticus	546	1.98	17	11	11.277
267	diuersus	6111	22.164	38	33	11.274
268	7	2452	8.893	28	15	11.269
269	10	2211	8.019	27	16	11.261
270	ergo1	29670	107.609	64	45	11.25
271	codex	2028	7.355	26	21	11.223
272	gentilis	2574	9.336	28	23	11.199
273	hilariter	259	0.939	13	6	11.192
274	sequens	1845	6.692	25	20	11.189
275	gratis	946	3.431	20	6	11.187
276	adulterinus	119	0.432	10	5	11.178
277	octauus	592	2.147	17	12	11.16
278	hebraicus	973	3.529	20	11	11.147
279	historicus2	42	0.152	7	4	11.137
280	exaro	336	1.219	14	13	11.137
281	hierarchia	418	1.516	15	6	11.12
282	excerpo	167	0.606	11	9	11.102
283	uis	7470	27.093	39	20	11.096
284	apud	14047	50.946	48	32	11.084
285	papa	6029	21.866	36	28	11.059
286	totus	19267	69.879	53	44	11.057
287	canon	4285	15.541	32	24	11.042
288	inuoluo	652	2.365	17	7	11.021
289	capitulare	182	0.66	11	5	10.978
290	additio	100	0.363	9	4	10.973
291	magnus	24102	87.414	56	46	10.972
292	sub	14326	51.958	47	32	10.964
293	uiuo	12684	46.003	45	33	10.952
294	distinguo	963	3.493	19	17	10.939
295	chronicus	141	0.511	10	8	10.933
296	sic	22224	80.603	53	45	10.851
297	edictum	613	2.223	16	15	10.847
298	exsto	744	2.698	17	14	10.83
299	baptismum	3341	12.117	28	18	10.823
300	aut	34719	125.921	61	36	10.816
301	duodecim	2409	8.737	25	19	10.804
302	manuscriptum	80	0.29	8	6	10.785
303	heresis	1462	5.303	21	12	10.77
304	predictus	5771	20.931	33	26	10.746
305	coniugalis1	214	0.776	11	2	10.744
306	doctrina	7028	25.49	35	28	10.716
307	aliquis	23119	83.849	52	42	10.712
308	faustus	220	0.798	11	8	10.704
309	declaro	1798	6.521	22	17	10.673
310	apologeticus	58	0.21	7	6	10.671
311	euangelista	2646	9.597	25	19	10.669
312	signaculum	465	1.687	14	13	10.668
313	tantum	9319	33.799	38	25	10.665
314	singulus	7284	26.418	35	21	10.664
315	tempus	29849	108.258	56	43	10.664
316	loquor	15720	57.014	45	38	10.642
317	nos	57619	208.976	69	48	10.618
318	lector	1435	5.205	20	17	10.586
319	breuiter	1231	4.465	19	16	10.585
320	pro	43480	157.696	62	45	10.562
321	aperte	2530	9.176	24	18	10.557
322	ordo	10155	36.831	38	29	10.541
323	post2	23168	84.027	50	37	10.539
324	iuxta1	11099	40.254	39	26	10.525
325	uersus2	2043	7.41	22	19	10.489
326	intellego	19060	69.128	46	33	10.459
327	conferuefacio	143	0.519	9	5	10.457
328	manifestus	4330	15.704	28	23	10.449
329	recipio	7846	28.456	34	28	10.432
330	prouerbium	552	2.002	14	12	10.421
331	fio	22271	80.774	48	41	10.419
332	ascribo	825	2.992	16	14	10.419
333	res	22399	81.238	48	43	10.411
334	8	2494	9.045	23	15	10.394
335	usque	24197	87.759	49	39	10.389
336	satis	3302	11.976	25	19	10.35
337	catholicus	5746	20.84	30	19	10.339
338	colligo2	3327	12.067	25	22	10.339
339	similiter	5771	20.931	30	25	10.333
340	insero1	1473	5.342	19	17	10.326
341	philosophus2	726	2.633	15	13	10.324
342	philos	27	0.098	5	4	10.318
343	presens	10088	36.588	36	19	10.316
344	index	218	0.791	10	9	10.305
345	populus1	22668	82.214	47	31	10.302
346	series	627	2.274	14	13	10.237
347	tamen	22532	81.72	46	35	10.218
348	iste1	2466	8.944	22	15	10.217
349	ecclesia	50122	181.785	60	43	10.215
350	teneo	10923	39.616	36	29	10.202
351	octo1	1632	5.919	19	15	10.178
352	mitto	15279	55.415	40	33	10.174
353	gratia2	23297	84.495	46	20	10.17
354	profero	4745	17.209	27	23	10.16
355	plurimus	4294	15.574	26	24	10.14
356	paucus	3823	13.866	25	17	10.138
357	manifesto2	2626	9.524	22	10	10.127
358	igitur	11511	41.749	36	27	10.126
359	nullus	24241	87.919	46	38	10.113
360	annus	23523	85.314	45	32	10.061
361	quippe	7694	27.905	31	21	10.06
362	littera	7696	27.912	31	28	10.06
363	premium2	90	0.326	7	7	10.037
364	prolixitas	192	0.696	9	5	10.032
365	quicumque	9527	34.553	33	22	10.022
366	dies	35444	128.55	51	33	10.011
367	explecto	1331	4.827	17	17	9.991
368	uolo2	23240	84.288	44	35	9.981
369	officium	6002	21.768	28	22	9.978
370	auctus1	141	0.511	8	8	9.968
371	diligenter	2553	9.259	21	19	9.966
372	illustris1	35	0.127	5	5	9.944
373	synodus1	5574	20.216	27	11	9.927
374	doceo	10200	36.994	33	28	9.924
375	quantitas	786	2.851	14	10	9.911
376	quomodo	10295	37.338	33	25	9.911
377	manus2	17027	61.754	39	30	9.908
378	benedictus	2312	8.385	20	6	9.898
379	hic2	9598	34.811	32	27	9.879
380	gista	152	0.551	8	3	9.859
381	nonnulli	2400	8.704	20	18	9.844
382	11	1487	5.393	17	14	9.831
383	tu	47761	173.222	54	45	9.828
384	uir	19443	70.517	40	38	9.826
385	natura	10944	39.692	33	17	9.822
386	tam	10045	36.432	32	26	9.813
387	signum	14316	51.922	36	32	9.812
388	explano	412	1.494	11	9	9.799
389	editus1	159	0.577	8	7	9.794
390	finio	2137	7.751	19	17	9.789
391	agnellus	546	1.98	12	2	9.769
392	uerus	13589	49.285	35	21	9.765
393	catalogus	319	1.157	10	7	9.755
394	confessio	3889	14.105	23	15	9.753
395	imperator	8703	31.565	30	20	9.74
396	impono	2579	9.354	20	10	9.74
397	partim	888	3.221	14	11	9.735
398	didymus	71	0.258	6	6	9.712
399	monumentum	1118	4.055	15	11	9.701
400	pleuio	72	0.261	6	5	9.692
401	filius	50031	181.455	53	41	9.68
402	fastus1	43	0.156	5	4	9.647
403	bibliotheca	458	1.661	11	9	9.646
404	totidem	347	1.259	10	9	9.634
405	uidelicet	10383	37.658	31	22	9.628
406	itaque	8518	30.894	29	23	9.625
407	sepe	5477	19.864	25	18	9.619
408	do	28094	101.893	43	35	9.608
409	carmen	1216	4.41	15	14	9.58
410	sumo	4460	16.176	23	19	9.555
411	condo	1272	4.613	15	14	9.515
412	aduersus3	2204	7.994	18	4	9.511
413	integer	2659	9.644	19	17	9.474
414	uetustus	283	1.026	9	7	9.472
415	flosculus	49	0.178	5	5	9.458
416	commentum	201	0.729	8	5	9.456
417	coniugium	1348	4.889	15	7	9.431
418	monachus	5525	20.038	24	16	9.43
419	pentateuchum	50	0.181	5	4	9.429
420	elegans	139	0.504	7	5	9.41
421	trado	8965	32.515	28	22	9.399
422	nuptie	1391	5.045	15	4	9.386
423	uaro2	52	0.189	5	5	9.372
424	retracto	304	1.103	9	6	9.369
425	reparatio	214	0.776	8	2	9.366
426	maxime	3871	14.04	21	20	9.366
427	opusculum	728	2.64	12	8	9.354
428	pretitulo	53	0.192	5	5	9.345
429	agnos	943	3.42	13	9	9.327
430	sacerdotalis	1507	5.466	15	11	9.27
431	memoria	4810	17.445	22	21	9.254
432	philosophicus	98	0.355	6	4	9.247
433	tripartitus	98	0.355	6	5	9.247
434	auctoritas	8934	32.402	27	25	9.247
435	penitentia	8009	29.048	26	14	9.241
436	interpres	619	2.245	11	10	9.212
437	pelagium	59	0.214	5	2	9.19
438	ecclesiastes2	103	0.374	6	5	9.175
439	solum1	10488	38.038	28	26	9.173
440	22	483	1.752	10	9	9.157
441	ero	26515	96.166	38	30	9.156
442	liber2	4479	16.245	21	12	9.155
443	supra2	3902	14.152	20	14	9.143
444	12	2009	7.286	16	14	9.135
445	fero	7669	27.814	25	19	9.134
446	quidem	13370	48.491	30	27	9.121
447	quasi	19683	71.387	34	26	9.105
448	aliquot	502	1.821	10	8	9.101
449	sedeo	5409	19.618	22	15	9.084
450	solus1	8953	32.471	26	24	9.08
451	audio	20164	73.132	34	28	9.07
452	bellum	3563	12.923	19	15	9.052
453	quoniam	16008	58.059	31	24	9.003
454	arrianus	538	1.951	10	5	9.001
455	astipulor	68	0.247	5	4	8.985
456	prefixus	279	1.012	8	7	8.983
457	denique	3179	11.53	18	17	8.982
458	euidenter	948	3.438	12	10	8.973
459	decerpo	123	0.446	6	6	8.919
460	paulus	8919	32.348	25	20	8.916
461	iudeus	14110	51.175	29	24	8.897
462	significo	10220	37.066	26	21	8.889
463	euangelicus	1607	5.828	14	12	8.879
464	16	1018	3.692	12	8	8.87
465	disco	4055	14.707	19	19	8.865
466	quando	13356	48.44	28	22	8.824
467	dissero2	448	1.625	9	7	8.809
468	clausula	78	0.283	5	5	8.787
469	iustitia	11209	40.653	26	19	8.756
470	eruditus1	644	2.336	10	9	8.742
471	corpus	25509	92.517	34	24	8.731
472	decem	3204	11.62	17	17	8.724
473	debeo	23501	85.235	33	25	8.72
474	assero1	2209	8.012	15	15	8.719
475	propter	17688	64.152	30	23	8.717
476	apertus	1441	5.226	13	11	8.716
477	amen	3393	12.306	17	17	8.641
478	miracula	1918	6.956	14	9	8.624
479	29	358	1.298	8	7	8.623
480	proprius1	13802	50.058	27	24	8.619
481	centum	1544	5.6	13	11	8.616
482	nunc	13926	50.508	27	22	8.606
483	sufficienter	369	1.338	8	8	8.58
484	responsio	969	3.514	11	4	8.565
485	terminus	2478	8.987	15	11	8.553
486	an	4310	15.632	18	12	8.543
487	ne2	26592	96.445	33	28	8.542
488	scilicet	11586	42.021	25	21	8.539
489	plerique	748	2.713	10	9	8.526
490	peritus	383	1.389	8	8	8.526
491	diuisio	1294	4.693	12	7	8.524
492	nouem	997	3.616	11	9	8.524
493	nomino	3089	11.203	16	15	8.514
494	tum	16556	60.046	28	23	8.514
495	anima	20451	74.173	30	24	8.508
496	quot	1014	3.678	11	11	8.5
497	uocatus	768	2.785	10	7	8.488
498	affero	2110	7.653	14	8	8.486
499	supradictus	1329	4.82	12	11	8.486
500	folium	564	2.046	9	8	8.477
501	comprehendo	2619	9.499	15	14	8.473
502	laudo	4595	16.665	18	16	8.451
503	aris	100	0.363	5	5	8.429
504	plaga1	1777	6.445	13	13	8.413
505	mysticus	2232	8.095	14	11	8.405
506	precipuus	2237	8.113	14	13	8.402
507	adnoto	420	1.523	8	8	8.393
508	manicheius	282	1.023	7	6	8.39
509	talis	14475	52.499	26	24	8.387
510	25	423	1.534	8	4	8.383
511	probo	4948	17.946	18	18	8.344
512	argentum	1871	6.786	13	9	8.339
513	uterque	7941	28.801	21	17	8.329
514	ars	2369	8.592	14	13	8.319
515	celestis	9264	33.599	22	16	8.308
516	christiana	300	1.088	7	5	8.3
517	noto	2965	10.754	15	14	8.294
518	septuaginta	1934	7.014	13	8	8.291
519	frequenter	1528	5.542	12	11	8.285
520	sancta	2441	8.853	14	12	8.276
521	sensus	7122	25.83	20	19	8.275
522	canticum	1965	7.127	13	10	8.268
523	termino	660	2.394	9	5	8.251
524	desum	2510	9.103	14	12	8.236
525	scottus	314	1.139	7	3	8.235
526	cur	3774	13.688	16	14	8.225
527	constitutio	1241	4.501	11	9	8.208
528	illuster	681	2.47	9	9	8.205
529	perhibeo	1634	5.926	12	8	8.188
530	egregius	1265	4.588	11	11	8.18
531	pre1	2138	7.754	13	7	8.146
532	iustus	15277	55.407	25	15	8.14
533	inde	7879	28.576	20	18	8.129
534	15	1323	4.798	11	8	8.116
535	canonica1	512	1.857	8	6	8.107
536	mors	17655	64.032	26	22	8.101
537	mendacium	1737	6.3	12	10	8.1
538	pontifex	6896	25.011	19	18	8.099
539	iubeo	9352	33.918	21	19	8.093
540	premitto	1752	6.354	12	12	8.087
541	textus	353	1.28	7	5	8.066
542	laus	6034	21.884	18	16	8.058
543	respondeo	7111	25.791	19	12	8.055
544	clemens	1039	3.768	10	9	8.052
545	hamus	357	1.295	7	5	8.049
546	hymnus	1043	3.783	10	8	8.046
547	oratio	8345	30.266	20	15	8.046
548	pene	2894	10.496	14	13	8.03
549	mysterium	5257	19.066	17	14	8.009
550	posterus	1849	6.706	12	9	8.009
551	psalterium	548	1.988	8	8	8.009
552	exhibeo	3621	13.133	15	11	8.006
553	uoco	13140	47.657	23	17	7.996
554	intus1	1906	6.913	12	8	7.966
555	laqueus	1113	4.037	10	10	7.953
556	octoginta	384	1.393	7	7	7.944
557	alter	10468	37.966	21	20	7.93
558	33	246	0.892	6	2	7.919
559	mille	3852	13.971	15	12	7.916
560	nemo	6740	24.445	18	12	7.898
561	concilium	4771	17.304	16	13	7.887
562	ante2	12432	45.089	22	16	7.884
563	iterum	6856	24.866	18	16	7.874
564	postea	4899	17.768	16	14	7.849
565	comburo	614	2.227	8	6	7.845
566	edissero	150	0.544	5	5	7.844
567	sacerdos	12795	46.406	22	21	7.842
568	bene	8253	29.932	19	15	7.84
569	assumo	4097	14.859	15	11	7.827
570	certe	3334	12.092	14	12	7.826
571	studium	4111	14.91	15	13	7.822
572	congrego	3349	12.146	14	14	7.82
573	pagina	1627	5.901	11	10	7.817
574	omitto	893	3.239	9	8	7.814
575	uenerabilis	4191	15.2	15	14	7.795
576	martyr	7254	26.309	18	17	7.792
577	defero	2734	9.916	13	10	7.792
578	exeo	4226	15.327	15	12	7.783
579	indo	275	0.997	6	5	7.759
580	regula1	4311	15.635	15	12	7.754
581	nisi	22453	81.434	26	24	7.754
582	quadraginta	1702	6.173	11	9	7.752
583	latinus	937	3.398	9	9	7.745
584	scientia	5333	19.342	16	15	7.726
585	ueritas	13939	50.555	22	16	7.719
586	uestimentum	2281	8.273	12	11	7.707
587	origo	1323	4.798	10	10	7.703
588	nusquam	679	2.463	8	7	7.7
589	tabernaculum	2916	10.576	13	6	7.699
590	editio	686	2.488	8	7	7.685
591	debitum	1358	4.925	10	6	7.666
592	examplum	6710	24.336	17	13	7.657
593	dextera	3030	10.989	13	6	7.643
594	theologia	298	1.081	6	3	7.643
595	inchoo	1018	3.692	9	8	7.625
596	pando1	479	1.737	7	6	7.625
597	meus	41617	150.939	31	22	7.625
598	studeo	3844	13.942	14	13	7.621
599	inquio	15058	54.613	22	17	7.607
600	scriptum	1427	5.176	10	10	7.594
601	legens	492	1.784	7	7	7.587
602	collatio	313	1.135	6	5	7.572
603	paganus	1472	5.339	10	9	7.549
604	quisque	7232	26.229	17	16	7.549
605	superius	3237	11.74	13	12	7.548
606	thesaurus	1965	7.127	11	8	7.545
607	reliquus	5021	18.21	15	12	7.534
608	sedecim	187	0.678	5	3	7.526
609	offero	7405	26.857	17	16	7.515
610	prenoto	189	0.686	5	5	7.511
611	elogium	190	0.689	5	5	7.503
612	dico1	14166	51.378	21	17	7.494
613	numero1	789	2.862	8	8	7.483
614	comprobo	1126	4.084	9	9	7.48
615	uelut2	5228	18.961	15	13	7.476
616	uirginitas	798	2.894	8	5	7.467
617	preter	2710	9.829	12	12	7.458
618	triginta	1575	5.712	10	10	7.452
619	recenseo	341	1.237	6	5	7.448
620	indico1	2105	7.635	11	11	7.446
621	recedo	3535	12.821	13	12	7.421
622	expando2	351	1.273	6	3	7.407
623	tronus	1193	4.327	9	9	7.396
624	consto	3616	13.115	13	13	7.388
625	dimitto	5627	20.408	15	13	7.37
626	concludo	1222	4.432	9	7	7.362
627	preterea	1228	4.454	9	8	7.355
628	quamuis	4631	16.796	14	11	7.352
629	scio	13520	49.035	20	19	7.35
630	peccatum	26411	95.789	25	23	7.35
631	multiplex	1235	4.479	9	9	7.347
632	dum	18066	65.523	22	19	7.344
633	templum	6987	25.341	16	9	7.337
634	incarnatio	2283	8.28	11	10	7.329
635	philosophus1	217	0.787	5	5	7.311
636	uas2	2311	8.382	11	10	7.311
637	abbas	7157	25.957	16	14	7.302
638	9	1756	6.369	10	10	7.295
639	18	904	3.279	8	7	7.287
640	hereticus2	3927	14.243	13	11	7.269
641	donum	4909	17.804	14	9	7.268
642	secularis1	2410	8.741	11	10	7.251
643	marca2	1320	4.787	9	8	7.251
644	ibi	10625	38.535	18	17	7.242
645	exsisto	6201	22.49	15	13	7.229
646	transfero	2451	8.889	11	10	7.226
647	latus1	1346	4.882	9	9	7.222
648	tracto	1848	6.702	10	6	7.221
649	desidero	3198	11.599	12	11	7.219
650	claudo	1350	4.896	9	8	7.218
651	narratio	638	2.314	7	7	7.212
652	flagito	402	1.458	6	5	7.211
653	cognosco	10858	39.38	18	16	7.21
654	nosco	9229	33.472	17	16	7.197
655	gens	13090	47.476	19	12	7.175
656	interpretor	5357	19.429	14	12	7.142
657	octauum2	1007	3.652	8	8	7.131
658	libellus	1438	5.215	9	9	7.127
659	scruto	677	2.455	7	7	7.126
660	quero	8096	29.363	16	13	7.124
661	uarius1	2638	9.568	11	11	7.12
662	repetitio	249	0.903	5	4	7.113
663	felix	2663	9.658	11	9	7.107
664	conficio	1462	5.303	9	8	7.103
665	historicus1	253	0.918	5	5	7.09
666	copiosus	696	2.524	7	5	7.086
667	tabula	1046	3.794	8	7	7.076
668	relego1	443	1.607	6	6	7.071
669	frater	19042	69.063	21	17	7.067
670	propono	2062	7.479	10	7	7.063
671	censeo	1504	5.455	9	7	7.062
672	uulgo2	258	0.936	5	4	7.062
673	penuria	258	0.936	5	4	7.062
674	32	260	0.943	5	3	7.05
675	multoties	261	0.947	5	3	7.045
676	breuitas	454	1.647	6	6	7.035
677	subsequor	1534	5.564	9	8	7.034
678	decerno	3657	13.263	12	9	7.026
679	constituo	8682	31.488	16	15	7.023
680	inuentio	266	0.965	5	5	7.018
681	notitia	1560	5.658	9	8	7.01
682	auris	3705	13.438	12	12	7.007
683	celum	17298	62.737	20	15	6.995
684	disciplina	2928	10.619	11	10	6.97
685	exprimo	2201	7.983	10	8	6.969
686	iudicium	15105	54.784	19	19	6.968
687	quattuordecim	277	1.005	5	4	6.959
688	20	764	2.771	7	5	6.952
689	ecce	7576	27.477	15	12	6.941
690	legalis	771	2.796	7	6	6.939
691	complecto	487	1.766	6	4	6.934
692	ultimus	1647	5.973	9	6	6.931
693	quare	3911	14.185	12	10	6.929
694	spiritalis	7657	27.771	15	12	6.925
695	arbitrium	2270	8.233	10	9	6.924
696	en	491	1.781	6	5	6.922
697	uos	35822	129.921	25	21	6.91
698	custos	1686	6.115	9	3	6.897
699	obscurus	803	2.912	7	7	6.88
700	quotienscumque	293	1.063	5	5	6.878
701	edoceo	804	2.916	7	6	6.878
702	emendo	1716	6.224	9	8	6.872
703	licet	5198	18.852	13	13	6.865
704	condio	1216	4.41	8	8	6.859
705	utor	3164	11.475	11	10	6.858
706	agon	514	1.864	6	5	6.856
707	edo1	6571	23.832	14	12	6.847
708	porro	2399	8.701	10	9	6.845
709	relinquo	6672	24.198	14	14	6.825
710	insignis	836	3.032	7	6	6.822
711	cura	4219	15.302	12	10	6.819
712	dispositio	1251	4.537	8	4	6.818
713	cunctus	10019	36.337	16	13	6.817
714	anterior	306	1.11	5	5	6.815
715	translatio	840	3.047	7	6	6.815
716	prudenter	530	1.922	6	5	6.812
717	subiungo	2534	9.19	10	9	6.766
718	quisquis1	7132	25.867	14	13	6.729
719	prout	1383	5.016	8	8	6.673
720	adicio	1383	5.016	8	6	6.673
721	plus2	927	3.362	7	7	6.673
722	ualeo	9178	33.287	15	13	6.664
723	quantus	4715	17.101	12	12	6.659
724	credo2	21895	79.41	20	16	6.655
725	pastor	3648	13.231	11	10	6.652
726	contemptor	343	1.244	5	2	6.651
727	stilus	593	2.151	6	6	6.65
728	adiutorium	1440	5.223	8	7	6.615
729	prescientia	969	3.514	7	5	6.609
730	nepos	973	3.529	7	5	6.603
731	figurate	355	1.288	5	3	6.601
732	creber	619	2.245	6	5	6.588
733	usus	3832	13.898	11	10	6.581
734	redeo	5029	18.239	12	11	6.566
735	solido	365	1.324	5	3	6.561
736	pluralis	369	1.338	5	4	6.545
737	decalogus	377	1.367	5	4	6.514
738	siquidem	3033	11	10	8	6.506
739	partio1	380	1.378	5	5	6.503
740	presbyter	8350	30.284	14	13	6.502
741	lingua	5301	19.226	12	12	6.49
742	26	385	1.396	5	4	6.484
743	angelus	8495	30.81	14	8	6.477
744	tantus	12693	46.036	16	14	6.475
745	saltem	1600	5.803	8	8	6.463
746	peto	6871	24.92	13	12	6.462
747	medion	3146	11.41	10	10	6.454
748	sex	2330	8.451	9	6	6.431
749	magis	8839	32.058	14	14	6.419
750	approbo	1107	4.015	7	7	6.417
751	leo	4300	15.596	11	8	6.415
752	confero	4308	15.625	11	10	6.413
753	subdiaconus	405	1.469	5	3	6.411
754	perfectio	2371	8.599	9	7	6.406
755	nihil	13404	48.614	16	15	6.397
756	discutio	1125	4.08	7	6	6.393
757	tot	1684	6.108	8	6	6.389
758	ratio	9036	32.772	14	12	6.388
759	episcopatus	1692	6.137	8	7	6.383
760	sensum	2419	8.773	9	9	6.377
761	persona	7304	26.491	13	10	6.374
762	magnitudo	1705	6.184	8	7	6.372
763	grece	1158	4.2	7	5	6.352
764	collectio	423	1.534	5	5	6.348
765	reuoluo	427	1.549	5	5	6.335
766	differentia	1173	4.254	7	7	6.333
767	relego2	428	1.552	5	5	6.331
768	documentum	740	2.684	6	6	6.331
769	indicium	1176	4.265	7	7	6.329
770	mirabilis	1182	4.287	7	6	6.322
771	misa	3456	12.534	10	9	6.318
772	postmodo	1777	6.445	8	7	6.312
773	presumo	4746	17.213	11	9	6.273
774	compleo	2602	9.437	9	9	6.271
775	postulo	2606	9.452	9	6	6.269
776	ethereus	449	1.629	5	1	6.262
777	nempe	785	2.847	6	6	6.245
778	precedo	2652	9.618	9	8	6.244
779	archiepiscopus	3644	13.216	10	10	6.242
780	paradisus	1879	6.815	8	4	6.231
781	coram2	4891	17.739	11	10	6.229
782	synodalis1	460	1.668	5	3	6.227
783	numquam	4938	17.909	11	10	6.216
784	labor2	4996	18.12	11	11	6.199
785	mallus1	8278	30.023	13	10	6.193
786	numquid	2751	9.978	9	8	6.191
787	utique	5038	18.272	11	10	6.187
788	ignis	8316	30.161	13	13	6.187
789	at	3787	13.735	10	7	6.186
790	pereo	5041	18.283	11	8	6.186
791	longe	3815	13.836	10	9	6.175
792	dignus	8471	30.723	13	11	6.16
793	pertineo	6671	24.195	12	11	6.158
794	plenus	5158	18.707	11	11	6.153
795	moueo	3885	14.09	10	5	6.149
796	considero	2835	10.282	9	7	6.148
797	reddo	8605	31.209	13	10	6.137
798	ornamentum	854	3.097	6	5	6.124
799	pateo	2889	10.478	9	9	6.12
800	typus	863	3.13	6	6	6.109
801	ingenium	1372	4.976	7	5	6.107
802	lux	6916	25.083	12	11	6.106
803	cano	1386	5.027	7	7	6.092
804	quinquaginta	873	3.166	6	6	6.092
805	supra1	2964	10.75	9	9	6.084
806	aptus	1413	5.125	7	7	6.065
807	uester	24118	87.472	18	15	6.059
808	presto2	3023	10.964	9	9	6.055
809	similis	5541	20.096	11	7	6.049
810	denarius2	900	3.264	6	4	6.048
811	consolatio	1431	5.19	7	6	6.046
812	occurro	2152	7.805	8	7	6.036
813	persus	526	1.908	5	5	6.034
814	procedo	4218	15.298	10	5	6.031
815	uirtus	20802	75.446	17	16	6.025
816	orthodoxus	915	3.319	6	5	6.024
817	saluator	5664	20.543	11	8	6.018
818	materia1	1460	5.295	7	5	6.017
819	quantum	5680	20.601	11	10	6.014
820	studiosus1	922	3.344	6	6	6.013
821	adhuc	7383	26.777	12	12	6.012
822	abscondo	2190	7.943	8	8	6.01
823	eruditio	536	1.944	5	5	6.007
824	cito2	539	1.955	5	4	5.999
825	ideo	14608	52.981	15	15	5.993
826	pulcher	1486	5.39	7	7	5.992
827	necnon	1487	5.393	7	7	5.991
828	uocatio	938	3.402	6	3	5.989
829	uestis	2231	8.092	8	7	5.984
830	retineo	2244	8.139	8	8	5.975
831	excedo	947	3.435	6	6	5.975
832	monstro	2257	8.186	8	7	5.967
833	diabolus	7654	27.76	12	11	5.96
834	nequaquam	3283	11.907	9	9	5.936
835	breuis1	1545	5.604	7	7	5.936
836	confirmo	4512	16.364	10	10	5.933
837	instrumentum	566	2.053	5	5	5.928
838	recondo	566	2.053	5	5	5.928
839	predico1	7881	28.583	12	11	5.918
840	cultus2	2356	8.545	8	8	5.905
841	natiuitas	2360	8.559	8	8	5.902
842	conditor	1584	5.745	7	7	5.9
843	appareo	6162	22.349	11	11	5.896
844	transmitto	1001	3.631	6	6	5.895
845	testa	1003	3.638	6	5	5.892
846	deuoro	1004	3.641	6	5	5.89
847	ieiunium	2383	8.643	8	7	5.889
848	augeo	1598	5.796	7	6	5.887
849	ago	19103	69.284	16	15	5.886
850	floreo	1019	3.696	6	6	5.869
851	diuido	3443	12.487	9	8	5.867
852	utilis	1632	5.919	7	7	5.857
853	facile	2448	8.879	8	8	5.85
854	dogma	1640	5.948	7	6	5.85
855	permaneo	4808	17.438	10	8	5.842
856	modo2	10590	38.408	13	12	5.838
857	humanus1	10590	38.408	13	11	5.838
858	patriarcha	2486	9.016	8	7	5.827
859	eloquium	2486	9.016	8	8	5.827
860	conscientia	2496	9.053	8	8	5.822
861	hostis	6567	23.818	11	10	5.804
862	curo	3637	13.191	9	8	5.788
863	magister2	3647	13.227	9	9	5.784
864	aurum	2563	9.296	8	8	5.783
865	commendo	3669	13.307	9	9	5.776
866	penite	2590	9.394	8	8	5.768
867	nimirum	2607	9.455	8	8	5.759
868	arbitror	1750	6.347	7	7	5.756
869	uisio	2627	9.528	8	6	5.748
870	capio1	5156	18.7	10	9	5.741
871	tango	2645	9.593	8	8	5.738
872	ceterum	1120	4.062	6	6	5.733
873	episcopalis	1126	4.084	6	5	5.725
874	uix	1790	6.492	7	7	5.723
875	hora	11585	42.017	13	12	5.708
876	pronuntio	1150	4.171	6	6	5.695
877	condicio	1847	6.699	7	7	5.678
878	casa	14857	53.884	14	12	5.67
879	terra	26620	96.547	17	12	5.669
880	diaconus	3974	14.413	9	7	5.66
881	tollo	2793	10.13	8	5	5.659
882	reseruo	1179	4.276	6	6	5.659
883	colloco	1182	4.287	6	4	5.655
884	mundus2	15073	54.668	14	13	5.649
885	seruo	7349	26.654	11	10	5.642
886	custodio2	4080	14.798	9	8	5.622
887	perspicio	704	2.553	5	4	5.613
888	postquam	4115	14.925	9	9	5.61
889	solidus2	706	2.561	5	5	5.609
890	aduocatus	710	2.575	5	3	5.601
891	reuera	711	2.579	5	5	5.599
892	recito	711	2.579	5	5	5.599
893	sufficio	2918	10.583	8	8	5.596
894	figura	2940	10.663	8	7	5.585
895	charta	720	2.611	5	4	5.581
896	decretum	2986	10.83	8	3	5.563
897	oraculum	731	2.651	5	5	5.559
898	rectus	7826	28.384	11	9	5.551
899	redemptor	2043	7.41	7	5	5.533
900	huiusmodi	4354	15.791	9	9	5.529
901	quondam	2085	7.562	7	7	5.503
902	edificatio	764	2.771	5	1	5.495
903	lucus1	1321	4.791	6	4	5.495
904	coniungo	2118	7.682	7	7	5.481
905	hactenus	1334	4.838	6	6	5.48
906	seculum	10696	38.793	12	12	5.477
907	porrigo1	778	2.822	5	5	5.469
908	augustus1	3199	11.602	8	8	5.464
909	profecto	2155	7.816	7	7	5.456
910	uenerandus	1363	4.943	6	5	5.449
911	sacro	789	2.862	5	5	5.449
912	olim	2184	7.921	7	7	5.436
913	ianuarius	796	2.887	5	4	5.436
914	soleo	4683	16.985	9	9	5.424
915	falsus	3326	12.063	8	7	5.407
916	argumentum	1407	5.103	6	6	5.404
917	quapropter	2248	8.153	7	6	5.395
918	industria	821	2.978	5	5	5.392
919	paruus	6579	23.861	10	10	5.389
920	uenio	11378	41.266	12	9	5.388
921	efficio	3399	12.328	8	8	5.376
922	solummodo	1434	5.201	6	5	5.376
923	computo	842	3.054	5	5	5.355
924	lateo	1456	5.281	6	6	5.354
925	unusquisque	6766	24.539	10	10	5.349
926	congruus	1478	5.361	6	6	5.333
927	arca	2348	8.516	7	7	5.332
928	dictum	3527	12.792	8	8	5.323
929	error	5140	18.642	9	9	5.289
930	uirgo	7058	25.598	10	10	5.288
931	nobilis	2434	8.828	7	7	5.28
932	ubicumque	895	3.246	5	5	5.267
933	tandem	2476	8.98	7	5	5.255
934	modus	5285	19.168	9	9	5.249
935	eternus	16006	58.051	13	13	5.242
936	deinde	5323	19.306	9	9	5.239
937	repeto	1585	5.749	6	6	5.232
938	dubito	2518	9.132	7	7	5.231
939	orno	1621	5.879	6	6	5.199
940	uanitas	959	3.478	5	4	5.167
941	gero	5597	20.3	9	9	5.166
942	excipio	1684	6.108	6	6	5.144
943	paruulus2	990	3.591	5	5	5.122
944	fere	991	3.594	5	5	5.12
945	permitto	4066	14.747	8	8	5.118
946	consedeo	1723	6.249	6	5	5.111
947	haud	998	3.62	5	5	5.11
948	expedio	1001	3.631	5	5	5.106
949	creatura	4120	14.943	8	7	5.099
950	insinuo	1739	6.307	6	6	5.098
951	consummo	1759	6.38	6	6	5.081
952	alibi	2804	10.17	7	7	5.076
953	queo	1026	3.721	5	4	5.07
954	impleo	6026	21.855	9	9	5.06
955	uocabulum	1799	6.525	6	6	5.049
956	rite	1043	3.783	5	4	5.046
957	medicus2	1043	3.783	5	5	5.046
958	predicatio	4273	15.498	8	6	5.046
959	congruo	1071	3.884	5	5	5.008
960	ueneo	18864	68.417	13	10	5.005
961	columna	1084	3.932	5	4	4.991
962	clarus	2977	10.797	7	7	4.989
963	quodammodo	1085	3.935	5	4	4.989
964	comes	4465	16.194	8	6	4.983
965	exilium	1097	3.979	5	4	4.974
966	difficilis	1097	3.979	5	5	4.974
967	decurro	1098	3.982	5	5	4.972
968	miro	1905	6.909	6	6	4.966
969	extremus	1915	6.945	6	6	4.959
970	spiro	1127	4.088	5	5	4.935
971	mulier	6577	23.854	9	8	4.934
972	propterea	3112	11.287	7	7	4.926
973	cupio	3148	11.417	7	7	4.909
974	canonicus1	1154	4.185	5	4	4.9
975	proinde	1159	4.204	5	5	4.894
976	differo	2004	7.268	6	6	4.893
977	hereo	1183	4.291	5	5	4.865
978	principatus	1194	4.331	5	2	4.851
979	medium	1199	4.349	5	5	4.845
980	puto	7002	25.395	9	9	4.843
981	propheto	1207	4.378	5	5	4.836
982	percutio	3314	12.019	7	5	4.835
983	passio	7106	25.772	9	8	4.822
984	mereo1	3403	12.342	7	7	4.797
985	exinde	1244	4.512	5	5	4.792
986	consensus	2152	7.805	6	6	4.79
987	unitas	3431	12.444	7	6	4.785
988	undique	1251	4.537	5	4	4.784
989	circa2	3449	12.509	7	7	4.777
990	eligo	7355	26.676	9	8	4.772
991	100	3493	12.669	7	7	4.759
992	clericus2	5231	18.972	8	7	4.754
993	uerum1	7601	27.568	9	8	4.725
994	conuenio	5358	19.433	8	8	4.72
995	nitor1	1313	4.762	5	5	4.714
996	urbs	7688	27.883	9	9	4.708
997	tego	1320	4.787	5	5	4.707
998	panis	5422	19.665	8	8	4.702
999	imago	5453	19.777	8	4	4.694
1000	animus	7777	28.206	9	9	4.692
1001	sto	5540	20.093	8	8	4.671
1002	continuo1	1367	4.958	5	4	4.656
1003	hodie	2363	8.57	6	5	4.656
1004	tamquam	5612	20.354	8	7	4.653
1005	uox	10981	39.827	10	9	4.65
1006	pius	8035	29.142	9	9	4.645
1007	transeo	5664	20.543	8	7	4.639
1008	querio	3799	13.778	7	7	4.638
1009	designo	3799	13.778	7	7	4.638
1010	fors	5763	20.902	8	7	4.614
1011	dominicus1	5771	20.931	8	5	4.612
1012	securus	1425	5.168	5	5	4.596
1013	puer	3939	14.286	7	7	4.586
1014	nuncupo	1437	5.212	5	4	4.584
1015	filia	3952	14.333	7	4	4.581
1016	struo	2489	9.027	6	6	4.581
1017	accedo	3956	14.348	7	6	4.579
1018	indigeo	1443	5.234	5	5	4.578
1019	antea	1450	5.259	5	5	4.571
1020	reprehendo	1473	5.342	5	5	4.548
1021	lapis	4057	14.714	7	5	4.543
1022	moneo	2562	9.292	6	5	4.539
1023	uxor	6105	22.142	8	8	4.531
1024	separo	2582	9.365	6	4	4.528
1025	perpetuus	4114	14.921	7	7	4.523
1026	adhereo	1505	5.458	5	5	4.517
1027	etenim	2603	9.441	6	6	4.516
1028	sono	1514	5.491	5	5	4.509
1029	adiungo	1545	5.604	5	5	4.479
1030	descendo	4258	15.443	7	6	4.473
1031	liceo	4265	15.469	7	7	4.471
1032	adeo1	1586	5.752	5	5	4.442
1033	rogo	4419	16.027	7	7	4.42
1034	diu	2832	10.271	6	6	4.394
1035	testis	2836	10.286	6	6	4.392
1036	prauus	2846	10.322	6	6	4.387
1037	peruenio	6747	24.47	8	7	4.387
1038	adhibeo	1665	6.039	5	5	4.372
1039	addo	4603	16.694	7	6	4.361
1040	celebro	4605	16.702	7	7	4.36
1041	foris1	1679	6.09	5	5	4.359
1042	contendo	1681	6.097	5	5	4.358
1043	potestas	9926	36	9	8	4.34
1044	ueraciter	1702	6.173	5	5	4.34
1045	ipse1	9945	36.069	9	9	4.337
1046	insuper1	1715	6.22	5	5	4.329
1047	rector	1719	6.235	5	5	4.325
1048	pondus	1722	6.245	5	4	4.323
1049	idolum	2982	10.815	6	6	4.32
1050	monasterium	10117	36.693	9	8	4.312
1051	subicio	3002	10.888	6	6	4.31
1052	femen	1741	6.314	5	5	4.307
1053	nolo	10171	36.889	9	7	4.305
1054	consentio	3040	11.026	6	4	4.292
1055	suscipio	10308	37.386	9	9	4.285
1056	notus	1790	6.492	5	5	4.267
1057	pariter	3123	11.327	6	6	4.253
1058	ualde	3126	11.338	6	6	4.252
1059	uniuersalis	1824	6.615	5	4	4.24
1060	aufero	5062	18.359	7	7	4.224
1061	appeto	1859	6.742	5	5	4.213
1062	doleo	1861	6.75	5	4	4.211
1063	intellectus	3313	12.016	6	5	4.168
1064	contrarius	3386	12.281	6	6	4.137
1065	crimen	3459	12.545	6	6	4.106
1066	precapio	3522	12.774	6	5	4.08
1067	sapiens	3554	12.89	6	6	4.067
1068	aduentus	3564	12.926	6	6	4.063
1069	publicus1	3571	12.952	6	6	4.06
1070	necessarius1	3575	12.966	6	6	4.058
1071	taceo	2071	7.511	5	4	4.057
1072	bonum	2097	7.606	5	5	4.039
1073	colo2	2118	7.682	5	4	4.024
1074	abeo	2123	7.7	5	4	4.021
1075	prohibeo	3670	13.311	6	6	4.02
1076	minus	3836	13.913	6	6	3.957
1077	qualiter	3848	13.956	6	6	3.952
1078	mensis	6191	22.454	7	6	3.933
1079	caueo	2277	8.258	5	5	3.92
1080	perduco	2286	8.291	5	5	3.914
1081	mora1	3957	14.352	6	6	3.912
1082	extra2	2294	8.32	5	4	3.909
1083	!	3970	14.399	6	6	3.907
1084	species	4029	14.613	6	6	3.886
1085	qualis	4107	14.896	6	6	3.858
1086	deuotio	2396	8.69	5	5	3.846
1087	demon	2421	8.781	5	5	3.831
1088	precipio	4246	15.4	6	5	3.81
1089	mons	6752	24.489	7	7	3.808
1090	conseruo	2483	9.006	5	4	3.795
1091	consequor	2491	9.035	5	5	3.79
1092	preceptum	7062	25.613	7	7	3.743
1093	intentio	2591	9.397	5	3	3.734
1094	impius	4519	16.39	6	6	3.72
1095	discipulus	4540	16.466	6	6	3.713
1096	respicio	2660	9.647	5	4	3.696
1097	longus	2662	9.655	5	5	3.695
1098	melius	2662	9.655	5	4	3.695
1099	pascha	2667	9.673	5	2	3.692
1100	predestino	2670	9.684	5	4	3.69
1101	benedico	4618	16.749	6	6	3.689
1102	mirus	2751	9.978	5	5	3.647
1103	regius	2771	10.05	5	4	3.637
1104	remaneo	2821	10.231	5	4	3.611
1105	duco	7756	28.13	7	7	3.608
1106	statim	2835	10.282	5	5	3.604
1107	culpa	2844	10.315	5	4	3.599
1108	ullus	4970	18.026	6	6	3.583
1109	ob	5009	18.167	6	6	3.572
1110	gradus	2977	10.797	5	5	3.533
1111	sine	17513	63.517	9	8	3.521
1112	amicus2	3053	11.073	5	5	3.497
1113	sol	5333	19.342	6	6	3.481
1114	admoneo	3156	11.446	5	4	3.449
1115	statuo	3172	11.504	5	5	3.442
1116	oporteo	5575	20.22	6	6	3.417
1117	apostolicus	9163	33.233	7	7	3.368
1118	domus	13754	49.884	8	8	3.36
1119	agnosco	3424	12.418	5	4	3.331
1120	oculus	9410	34.129	7	7	3.329
1121	honor	9422	34.172	7	7	3.327
1122	existimo	3501	12.698	5	5	3.299
1123	semper	14444	52.386	8	8	3.289
1124	dolor	3540	12.839	5	5	3.283
1125	placeo	6145	22.287	6	6	3.277
1126	ira	3684	13.361	5	2	3.226
1127	princeps	10481	38.013	7	7	3.174
1128	quisquam	3862	14.007	5	5	3.158
1129	proficio	3874	14.05	5	5	3.153
1130	tribuo	3915	14.199	5	5	3.138
1131	prius	6813	24.71	6	4	3.128
1132	nascor	7022	25.468	6	6	3.084
1133	communis	4075	14.779	5	4	3.08
1134	forma	4151	15.055	5	5	3.054
1135	mox	4291	15.563	5	5	3.006
1136	neco	4303	15.606	5	5	3.002
1137	regno	4305	15.614	5	4	3.001
1138	absque	4330	15.704	5	5	2.993
1139	quatenus	4354	15.791	5	5	2.985
1140	certus	4360	15.813	5	5	2.983
1141	omnino	4403	15.969	5	5	2.969
1142	cado	4445	16.121	5	5	2.955
1143	malus1	7711	27.967	6	6	2.949
1144	fidelis	12503	45.347	7	7	2.919
1145	potius	4633	16.803	5	5	2.895
1146	uniuersi	4770	17.3	5	5	2.853
1147	dux1	4842	17.561	5	5	2.831
1148	concedo	5214	18.91	5	5	2.725
1149	mens	14696	53.3	7	7	2.686
1150	sedes	9426	34.187	6	5	2.66
1151	iudico	9448	34.267	6	6	2.656
1152	pena	5506	19.969	5	5	2.646
1153	ordino	5530	20.057	5	5	2.64
1154	dedo	5825	21.126	5	5	2.565
1155	oro	5945	21.562	5	5	2.535
1156	ius1	6001	21.765	5	5	2.522
1157	cepio	6008	21.79	5	5	2.52
1158	crux	6277	22.766	5	5	2.457
1159	summus	6483	23.513	5	5	2.41
1160	uoluntas	11264	40.853	6	5	2.403
1161	pecco	6588	23.894	5	4	2.387
1162	cor	20900	75.801	7	7	2.178
1163	morior	8639	31.332	5	5	1.996
1164	domina	8868	32.163	5	5	1.958
1165	diligo	9322	33.81	5	5	1.886
1166	futurus	9511	34.495	5	5	1.857
1167	aqua	10006	36.29	5	5	1.784
1168	caritas	10145	36.794	5	3	1.764
1169	caro2	18153	65.838	6	6	1.714
1170	gloria	11706	42.456	5	5	1.558
