No.	lemma	Total no. in this subcorpus	Expected collocate frequency	Observed collocate frequency	In no. of texts	Log-likelihood value
1	in	463796	1682.119	5543	485	5740.71
2	de	136672	495.689	2086	342	2868.14
3	-	356744	1293.858	3292	399	2219.078
4	scribo1	20693	75.05	692	214	1864.376
5	lego2	9617	34.879	422	175	1347.831
6	secundus	7209	26.146	361	159	1243.053
7	idem2	43462	157.63	766	165	1218.869
8	primus	14793	53.652	435	177	1069.99
9	item	9686	35.13	341	57	949.401
10	moralis	382	1.386	123	40	904.378
11	capitulum	3551	12.879	212	58	801.337
12	quinque	3634	13.18	201	76	730.045
13	tertius	7799	28.286	266	116	724.97
14	genesis	802	2.909	124	76	708.009
15	rex	31400	113.883	492	122	690.19
16	historia	2949	10.696	170	82	630.961
17	quartus	4056	14.711	182	86	588.445
18	incipio	3936	14.275	169	76	532.384
19	decimus	1884	6.833	130	39	528.036
20	beatus	22102	80.161	360	120	526.446
21	caput	17026	61.751	308	92	501.824
22	numerus	8610	31.227	223	71	498.056
23	dialogus	153	0.555	60	38	470.123
24	quattuor	5642	20.463	179	71	464.204
25	1	3478	12.614	130	53	375.942
26	quintus	2584	9.372	113	52	359.785
27	ambrosius	976	3.54	78	32	339.459
28	enchiridion	74	0.268	38	18	324.819
29	prefatio	628	2.278	66	39	323.708
30	exodium	598	2.169	65	39	323.285
31	ecclesiasticus1	5501	19.951	143	77	320.183
32	:	232010	841.466	1404	243	318.161
33	septimus1	2325	8.432	96	50	295.317
34	ex	66613	241.596	544	184	280.928
35	prologus	259	0.939	46	26	276.263
36	.	894868	3245.554	4209	449	275.52
37	leuiticus	390	1.415	51	25	273.152
38	trinitas	4195	15.215	116	38	272.286
39	uicesimus	821	2.978	63	23	269.074
40	explicit	202	0.733	42	25	266.697
41	deleo	1477	5.357	76	47	265.385
42	hypomnesticon	37	0.134	27	3	260.346
43	euangelium	10708	38.836	174	77	253.535
44	diuinus1	20429	74.093	244	122	243.621
45	predestinatio	2248	8.153	84	26	242.826
46	uolumen	1144	4.149	64	36	233.753
47	retractatio	136	0.493	34	14	229.913
48	apocryphicus	162	0.588	35	15	225.219
49	aperio	4103	14.881	101	46	216.527
50	deuteronomium	394	1.429	43	26	214.211
51	sexto	655	2.376	50	27	213.022
52	conscribo	1267	4.595	62	48	210.549
53	contineo	4468	16.205	102	70	205.465
54	iudex	5361	19.444	110	51	201.794
55	lego1	1284	4.657	59	43	193.32
56	perseuerantia	551	1.998	43	8	185.082
57	liber1	12354	44.806	162	39	183.339
58	edo2	1164	4.222	55	42	183.115
59	sapientia	8726	31.648	131	78	174.747
60	antiquitas	326	1.182	35	24	173.176
61	questio1	1633	5.923	59	26	166.888
62	expositio	1004	3.641	49	37	166.145
63	lex	23038	83.555	226	98	166.023
64	sanctus1	70547	255.864	486	141	164.802
65	unus	37779	137.019	308	74	158.161
66	prosper	1612	5.847	56	16	154.375
67	narro	3019	10.95	73	34	154.226
68	lectio	2600	9.43	68	36	152.926
69	fulgenter	85	0.308	22	14	150.505
70	correptio	703	2.55	40	8	147.39
71	moralia	87	0.316	21	10	140.341
72	inscribo	321	1.164	30	24	139.971
73	prefatus1	3657	13.263	75	34	137.502
74	finis	10813	39.217	131	69	133.327
75	areopagites	117	0.424	21	6	126.598
76	commentarium	286	1.037	27	17	126.522
77	uetus	4403	15.969	78	49	124.297
78	testamentum	4862	17.634	80	44	118.08
79	musaicus	122	0.443	20	11	116.662
80	pastoralis	528	1.915	31	16	116.105
81	contra2	15581	56.51	154	54	114.543
82	propheta	14538	52.727	145	69	109.524
83	compono	2568	9.314	56	40	108.426
84	apocalypsis	859	3.116	35	26	106.775
85	generatio	2678	9.713	56	29	104.477
86	pleniter	1576	5.716	44	30	103.995
87	prior	4247	15.403	70	27	103.503
88	scriptor	910	3.3	35	23	103.027
89	beda	1356	4.918	41	20	102.721
90	commemoro	1690	6.129	45	26	102.604
91	exordium	953	3.456	35	26	100.044
92	actus	3384	12.273	61	36	98.907
93	2	4069	14.758	66	39	95.923
94	4	3774	13.688	63	37	94.414
95	expono	3296	11.954	58	39	91.792
96	octauo	691	2.506	29	21	90.069
97	propheticus	1117	4.051	35	24	89.928
98	ciuitas	12845	46.587	124	50	88.507
99	nauis	1850	6.71	43	27	87.914
100	sicut	41928	152.067	281	119	87.845
101	authenticus	145	0.526	17	15	87.189
102	tricesimus	620	2.249	27	9	85.729
103	duo	16653	60.398	145	78	85.301
104	memoro	3082	11.178	54	24	85.085
105	3	4170	15.124	63	36	84.616
106	tractatus	659	2.39	27	23	82.646
107	nonus	2221	8.055	45	25	81.58
108	describo	2081	7.548	43	37	79.36
109	gesta	1158	4.2	33	23	79.191
110	etymologia	154	0.559	16	13	78.092
111	excerptio	166	0.602	16	14	75.645
112	testor	2767	10.036	48	40	74.863
113	reperio	3975	14.417	58	41	74.819
114	mentio	635	2.303	25	21	74.668
115	prophetia	1744	6.325	38	22	73.516
116	superus	2965	10.754	49	28	72.649
117	sententia	8224	29.827	87	49	72.363
118	uita	30381	110.187	210	131	71.708
119	appello1	6044	21.921	72	33	71.543
120	duodecimus	433	1.57	21	13	70.948
121	appendix	129	0.468	14	3	69.575
122	seruus2	9225	33.458	92	60	69.453
123	inter	18369	66.622	145	70	69.197
124	hermes	55	0.2	11	9	68.901
125	sextus	2095	7.598	40	27	68.593
126	tres	11031	40.008	102	61	67.341
127	explanatio	217	0.787	16	11	67.061
128	undecimus	552	2.002	22	14	66.209
129	penitentialis	200	0.725	15	5	63.374
130	lasciuus2	12	0.044	7	6	62.415
131	lapsi	257	0.932	16	6	61.745
132	signo	2460	8.922	41	21	61.333
133	capitularis1	318	1.153	17	8	60.596
134	acta2	37	0.134	9	3	60.298
135	diuinus2	40	0.145	9	8	58.719
136	missalis	62	0.225	10	8	57.98
137	epigramma	42	0.152	9	3	57.748
138	memini	1496	5.426	31	24	57.357
139	titulus	1835	6.655	34	25	56.636
140	sigale	94	0.341	11	8	56.375
141	falso2	68	0.247	10	4	56.023
142	titulo	129	0.468	12	8	55.87
143	auctor	4106	14.892	51	38	53.684
144	demonstro	4132	14.986	51	37	53.225
145	homilia	934	3.388	24	17	53.223
146	computus	110	0.399	11	5	52.827
147	sanctus2	10126	36.726	88	43	51.548
148	doctor	5048	18.308	56	32	50.135
149	quoque	16521	59.919	122	70	49.615
150	epistola	8199	29.737	75	44	48.519
151	precedens	704	2.553	20	13	47.882
152	georgicus	7	0.025	5	4	47.828
153	religio	3054	11.076	41	22	47.778
154	disputo	997	3.616	23	12	46.724
155	antapodosis	16	0.058	6	2	46.342
156	ueteres	678	2.459	19	16	45.028
157	uiginti	2038	7.392	32	18	44.877
158	disputatio	600	2.176	18	12	44.84
159	hilariter	259	0.939	13	6	44.767
160	psalmus	6551	23.76	63	37	44.645
161	adulterinus	119	0.432	10	5	44.515
162	excerpo	167	0.606	11	9	43.66
163	pontificalis	546	1.98	17	6	43.481
164	canticus	546	1.98	17	11	43.481
165	copia	1190	4.316	24	20	43.321
166	exaro	336	1.219	14	13	43.292
167	canonicus2	913	3.311	21	14	42.555
168	hierarchia	418	1.516	15	6	42.235
169	principium	3225	11.697	40	27	42.021
170	plures	2957	10.725	38	22	41.856
171	capitulare	182	0.66	11	5	41.814
172	miraculum	1579	5.727	27	17	41.485
173	additio	100	0.363	9	4	41.303
174	institutio	949	3.442	21	15	41.173
175	chronicus	141	0.511	10	8	41.144
176	historicus2	42	0.152	7	4	41.082
177	octauus	592	2.147	17	12	41.024
178	manuscriptum	80	0.29	8	6	38.424
179	coniugalis1	214	0.776	11	2	38.382
180	inuoluo	652	2.365	17	7	38.132
181	hic3	167450	607.316	764	237	37.819
182	faustus	220	0.798	11	8	37.8
183	gratis	946	3.431	20	6	37.674
184	hebraicus	973	3.529	20	11	36.733
185	apologeticus	58	0.21	7	6	36.318
186	5	3578	12.977	40	23	36.226
187	ita	28529	103.471	170	87	35.971
188	edictum	613	2.223	16	15	35.917
189	iste2	20938	75.939	133	81	35.15
190	signaculum	465	1.687	14	13	34.965
191	conferuefacio	143	0.519	9	5	34.923
192	exsto	744	2.698	17	14	34.256
193	distinguo	963	3.493	19	17	33.604
194	refero	6201	22.49	55	42	33.534
195	index	218	0.791	10	9	32.727
196	inuenio	15419	55.922	103	76	31.837
197	testimonium	6030	21.87	53	38	31.744
198	prouerbium	552	2.002	14	12	30.727
199	sermo	9216	33.425	70	41	30.501
200	philos	27	0.098	5	4	30.482
201	premium2	90	0.326	7	7	30.08
202	prolixitas	192	0.696	9	5	29.822
203	sequens	1845	6.692	25	20	29.472
204	auctus1	141	0.511	8	8	29.431
205	septem	4445	16.121	42	24	28.835
206	codex	2028	7.355	26	21	28.547
207	gista	152	0.551	8	3	28.275
208	initium	3538	12.832	36	27	28.098
209	ascribo	825	2.992	16	14	27.844
210	10	2211	8.019	27	16	27.764
211	illustris1	35	0.127	5	5	27.707
212	philosophus2	726	2.633	15	13	27.678
213	series	627	2.274	14	13	27.662
214	editus1	159	0.577	8	7	27.586
215	didymus	71	0.258	6	6	26.777
216	pleuio	72	0.261	6	5	26.61
217	heresis	1462	5.303	21	12	26.585
218	7	2452	8.893	28	15	26.169
219	breuiter	1231	4.465	19	16	26.138
220	(	30251	109.716	167	72	25.898
221	catalogus	319	1.157	10	7	25.698
222	antiquus	4057	14.714	38	31	25.677
223	fastus1	43	0.156	5	4	25.555
224	explano	412	1.494	11	9	25.129
225	egredior	3145	11.406	32	9	24.974
226	lector	1435	5.205	20	17	24.414
227	gentilis	2574	9.336	28	23	24.321
228	flosculus	49	0.178	5	5	24.219
229	totidem	347	1.259	10	9	24.194
230	elegans	139	0.504	7	5	24.151
231	commentum	201	0.729	8	5	24.054
232	pentateuchum	50	0.181	5	4	24.015
233	scriptura	9540	34.6	67	43	23.877
234	soluo	4073	14.772	37	29	23.618
235	uaro2	52	0.189	5	5	23.614
236	pretitulo	53	0.192	5	5	23.423
237	agnellus	546	1.98	12	2	23.387
238	uetustus	283	1.026	9	7	23.362
239	reparatio	214	0.776	8	2	23.127
240	bibliotheca	458	1.661	11	9	23.105
241	philosophicus	98	0.355	6	4	22.959
242	tripartitus	98	0.355	6	5	22.959
243	declaro	1798	6.521	22	17	22.684
244	quantitas	786	2.851	14	10	22.424
245	ecclesiastes2	103	0.374	6	5	22.378
246	pelagium	59	0.214	5	2	22.341
247	sacramentum	5790	21	46	31	22.257
248	retracto	304	1.103	9	6	22.206
249	sacer	11163	40.487	73	56	21.148
250	insero1	1473	5.342	19	17	21.028
251	astipulor	68	0.247	5	4	20.929
252	decerpo	123	0.446	6	6	20.336
253	duodecim	2409	8.737	25	19	20.153
254	unde	25621	92.924	139	69	19.909
255	aduersus2	3751	13.604	33	25	19.799
256	partim	888	3.221	14	11	19.72
257	clausula	78	0.283	5	5	19.579
258	prefixus	279	1.012	8	7	19.283
259	hinc	7125	25.841	51	29	19.125
260	uersus2	2043	7.41	22	19	18.81
261	explecto	1331	4.827	17	17	18.572
262	22	483	1.752	10	9	18.486
263	octo1	1632	5.919	19	15	18.264
264	aliquot	502	1.821	10	8	17.844
265	opusculum	728	2.64	12	8	17.739
266	interpres	619	2.245	11	10	17.578
267	monumentum	1118	4.055	15	11	17.464
268	aris	100	0.363	5	5	17.181
269	euangelista	2646	9.597	25	19	17.16
270	arrianus	538	1.951	10	5	16.708
271	aperte	2530	9.176	24	18	16.593
272	dissero2	448	1.625	9	7	16.186
273	11	1487	5.393	17	14	15.914
274	29	358	1.298	8	7	15.817
275	agnos	943	3.42	13	9	15.657
276	carmen	1216	4.41	15	14	15.638
277	sufficienter	369	1.338	8	8	15.407
278	baptismum	3341	12.117	28	18	15.218
279	manicheius	282	1.023	7	6	15.101
280	8	2494	9.045	23	15	15.101
281	peritus	383	1.389	8	8	14.907
282	nomen	25313	91.807	131	87	14.839
283	condo	1272	4.613	15	14	14.686
284	mortuus	6656	24.14	45	30	14.402
285	christiana	300	1.088	7	5	14.355
286	eruditus1	644	2.336	10	9	13.85
287	scottus	314	1.139	7	3	13.812
288	adnoto	420	1.523	8	8	13.685
289	25	423	1.534	8	4	13.592
290	iste1	2466	8.944	22	15	13.563
291	coniugium	1348	4.889	15	7	13.488
292	edissero	150	0.544	5	5	13.405
293	canon	4285	15.541	32	24	13.373
294	euidenter	948	3.438	12	10	12.954
295	nuptie	1391	5.045	15	4	12.853
296	folium	564	2.046	9	8	12.847
297	33	246	0.892	6	2	12.762
298	textus	353	1.28	7	5	12.438
299	hamus	357	1.295	7	5	12.308
300	primum	5850	21.217	39	30	11.976
301	manifesto2	2626	9.524	22	10	11.947
302	16	1018	3.692	12	8	11.742
303	finio	2137	7.751	19	17	11.636
304	indo	275	0.997	6	5	11.619
305	benedictus	2312	8.385	20	6	11.601
306	plerique	748	2.713	10	9	11.589
307	octoginta	384	1.393	7	7	11.474
308	sedecim	187	0.678	5	3	11.435
309	prenoto	189	0.686	5	5	11.341
310	elogium	190	0.689	5	5	11.295
311	sacerdotalis	1507	5.466	15	11	11.28
312	uocatus	768	2.785	10	7	11.204
313	canonica1	512	1.857	8	6	11.157
314	diligenter	2553	9.259	21	19	10.968
315	christianus1	5821	21.112	38	33	10.946
316	theologia	298	1.081	6	3	10.813
317	satis	3302	11.976	25	19	10.805
318	nonnulli	2400	8.704	20	18	10.74
319	termino	660	2.394	9	5	10.693
320	colligo2	3327	12.067	25	22	10.608
321	collatio	313	1.135	6	5	10.326
322	psalterium	548	1.988	8	8	10.323
323	illuster	681	2.47	9	9	10.278
324	responsio	969	3.514	11	4	10.19
325	philosophus1	217	0.787	5	5	10.147
326	nouem	997	3.616	11	9	9.763
327	quot	1014	3.678	11	11	9.513
328	recenseo	341	1.237	6	5	9.492
329	diuersus	6111	22.164	38	33	9.346
330	aduersus3	2204	7.994	18	4	9.257
331	expando2	351	1.273	6	3	9.215
332	impono	2579	9.354	20	10	9.152
333	pando1	479	1.737	7	6	9.043
334	repetitio	249	0.903	5	4	8.988
335	comburo	614	2.227	8	6	8.97
336	historicus1	253	0.918	5	5	8.856
337	legens	492	1.784	7	7	8.76
338	penuria	258	0.936	5	4	8.695
339	uulgo2	258	0.936	5	4	8.695
340	32	260	0.943	5	3	8.631
341	multoties	261	0.947	5	3	8.6
342	inuentio	266	0.965	5	5	8.445
343	euangelicus	1607	5.828	14	12	8.236
344	apertus	1441	5.226	13	11	8.188
345	quattuordecim	277	1.005	5	4	8.116
346	diuisio	1294	4.693	12	7	7.96
347	flagito	402	1.458	6	5	7.944
348	quidam	24360	88.35	116	78	7.912
349	manifestus	4330	15.704	28	23	7.829
350	nusquam	679	2.463	8	7	7.823
351	nouus	9489	34.415	52	38	7.793
352	12	2009	7.286	16	14	7.783
353	editio	686	2.488	8	7	7.708
354	papa	6029	21.866	36	28	7.666
355	quotienscumque	293	1.063	5	5	7.665
356	supradictus	1329	4.82	12	11	7.571
357	anterior	306	1.11	5	5	7.322
358	paucus	3823	13.866	25	17	7.239
359	centum	1544	5.6	13	11	7.133
360	clemens	1039	3.768	10	9	7.094
361	integer	2659	9.644	19	17	7.091
362	relego1	443	1.607	6	6	7.068
363	hymnus	1043	3.783	10	8	7.046
364	omitto	893	3.239	9	8	6.912
365	breuitas	454	1.647	6	6	6.852
366	constitutio	1241	4.501	11	9	6.696
367	egregius	1265	4.588	11	11	6.447
368	contemptor	343	1.244	5	2	6.441
369	latinus	937	3.398	9	9	6.361
370	laqueus	1113	4.037	10	10	6.249
371	complecto	487	1.766	6	4	6.244
372	numero1	789	2.862	8	8	6.206
373	figurate	355	1.288	5	3	6.182
374	en	491	1.781	6	5	6.175
375	narratio	638	2.314	7	7	6.16
376	uirginitas	798	2.894	8	5	6.089
377	solido	365	1.324	5	3	5.974
378	predictus	5771	20.931	33	26	5.938
379	pluralis	369	1.338	5	4	5.894
380	15	1323	4.798	11	8	5.878
381	plurimus	4294	15.574	26	24	5.825
382	agon	514	1.864	6	5	5.789
383	decalogus	377	1.367	5	4	5.736
384	partio1	380	1.378	5	5	5.678
385	frequenter	1528	5.542	12	11	5.654
386	scruto	677	2.455	7	7	5.608
387	26	385	1.396	5	4	5.583
388	prudenter	530	1.922	6	5	5.536
389	miracula	1918	6.956	14	9	5.523
390	inchoo	1018	3.692	9	8	5.451
391	copiosus	696	2.524	7	5	5.357
392	subdiaconus	405	1.469	5	3	5.218
393	plaga1	1777	6.445	13	13	5.158
394	collectio	423	1.534	5	5	4.911
395	assero1	2209	8.012	15	15	4.861
396	18	904	3.279	8	7	4.854
397	reuoluo	427	1.549	5	5	4.846
398	relego2	428	1.552	5	5	4.83
399	perhibeo	1634	5.926	12	8	4.808
400	profero	4745	17.209	27	23	4.761
401	confessio	3889	14.105	23	15	4.724
402	stilus	593	2.151	6	6	4.638
403	uis	7470	27.093	39	20	4.622
404	20	764	2.771	7	5	4.54
405	ethereus	449	1.629	5	1	4.5
406	argentum	1871	6.786	13	9	4.496
407	legalis	771	2.796	7	6	4.462
408	ostendo	14357	52.071	68	39	4.462
409	hic1	15083	54.704	71	48	4.455
410	comprobo	1126	4.084	9	9	4.413
411	synodalis1	460	1.668	5	3	4.337
412	creber	619	2.245	6	5	4.31
413	origo	1323	4.798	10	10	4.304
414	affero	2110	7.653	14	8	4.237
415	obscurus	803	2.912	7	7	4.123
416	edoceo	804	2.916	7	6	4.113
417	septuaginta	1934	7.014	13	8	4.09
418	mendacium	1737	6.3	12	10	4.084
419	debitum	1358	4.925	10	6	4.034
420	premitto	1752	6.354	12	12	3.986
421	sequor	15585	56.525	72	48	3.915
422	canticum	1965	7.127	13	10	3.9
423	octauum2	1007	3.652	8	8	3.869
424	tronus	1193	4.327	9	9	3.855
425	insignis	836	3.032	7	6	3.797
426	translatio	840	3.047	7	6	3.758
427	concludo	1222	4.432	9	7	3.632
428	preterea	1228	4.454	9	8	3.587
429	catholicus	5746	20.84	30	19	3.555
430	mysticus	2232	8.095	14	11	3.545
431	tabula	1046	3.794	8	7	3.542
432	scriptum	1427	5.176	10	10	3.541
433	multiplex	1235	4.479	9	9	3.535
434	pagina	1627	5.901	11	10	3.52
435	precipuus	2237	8.113	14	13	3.518
436	similiter	5771	20.931	30	25	3.476
437	persus	526	1.908	5	5	3.469
438	uerbum	27300	99.013	118	71	3.446
439	posterus	1849	6.706	12	9	3.393
440	terminus	2478	8.987	15	11	3.357
441	eruditio	536	1.944	5	5	3.353
442	cito2	539	1.955	5	4	3.318
443	paganus	1472	5.339	10	9	3.245
444	doctrina	7028	25.49	35	28	3.189
445	denique	3179	11.53	18	17	3.109
446	intus1	1906	6.913	12	8	3.076
447	quadraginta	1702	6.173	11	9	3.07
448	documentum	740	2.684	6	6	3.037
449	instrumentum	566	2.053	5	5	3.023
450	recondo	566	2.053	5	5	3.023
451	plus2	927	3.362	7	7	3.006
452	maxime	3871	14.04	21	20	3.003
453	pre1	2138	7.754	13	7	2.956
454	marca2	1320	4.787	9	8	2.951
455	ars	2369	8.592	14	13	2.867
456	latus1	1346	4.882	9	9	2.787
457	claudo	1350	4.896	9	8	2.763
458	comprehendo	2619	9.499	15	14	2.716
459	prescientia	969	3.514	7	5	2.688
460	nepos	973	3.529	7	5	2.659
461	nempe	785	2.847	6	6	2.653
462	triginta	1575	5.712	10	10	2.636
463	qui2	510903	1852.969	1922	391	2.616
464	sumo	4460	16.176	23	19	2.554
465	sancta	2441	8.853	14	12	2.55
466	singulus	7284	26.418	35	21	2.538
467	bellum	3563	12.923	19	15	2.504
468	condio	1216	4.41	8	8	2.359
469	desum	2510	9.103	14	12	2.268
470	libellus	1438	5.215	9	9	2.262
471	ubi	18833	68.305	81	62	2.236
472	decem	3204	11.62	17	17	2.186
473	dispositio	1251	4.537	8	4	2.158
474	supra2	3902	14.152	20	14	2.148
475	ornamentum	854	3.097	6	5	2.139
476	conficio	1462	5.303	9	8	2.137
477	typus	863	3.13	6	6	2.078
478	synodus1	5574	20.216	27	11	2.066
479	--	164067	595.047	630	214	2.038
480	quinquaginta	873	3.166	6	6	2.012
481	censeo	1504	5.455	9	7	1.931
482	multus	21416	77.673	90	63	1.87
483	denarius2	900	3.264	6	4	1.842
484	perspicio	704	2.553	5	4	1.836
485	solidus2	706	2.561	5	5	1.822
486	approbo	1107	4.015	7	7	1.821
487	nomino	3089	11.203	16	15	1.819
488	thesaurus	1965	7.127	11	8	1.81
489	aduocatus	710	2.575	5	3	1.794
490	subsequor	1534	5.564	9	8	1.793
491	reuera	711	2.579	5	5	1.787
492	recito	711	2.579	5	5	1.787
493	9	1756	6.369	10	10	1.769
494	orthodoxus	915	3.319	6	5	1.752
495	charta	720	2.611	5	4	1.727
496	discutio	1125	4.08	7	6	1.725
497	studiosus1	922	3.344	6	6	1.711
498	notitia	1560	5.658	9	8	1.678
499	oraculum	731	2.651	5	5	1.654
500	officium	6002	21.768	28	22	1.642
501	uocatio	938	3.402	6	3	1.62
502	amen	3393	12.306	17	17	1.605
503	excedo	947	3.435	6	6	1.571
504	grece	1158	4.2	7	5	1.559
505	prout	1383	5.016	8	8	1.508
506	adicio	1383	5.016	8	6	1.508
507	noto	2965	10.754	15	14	1.498
508	differentia	1173	4.254	7	7	1.487
509	uestimentum	2281	8.273	12	11	1.478
510	indicium	1176	4.265	7	7	1.473
511	edificatio	764	2.771	5	1	1.451
512	mirabilis	1182	4.287	7	6	1.445
513	tracto	1848	6.702	10	6	1.413
514	porrigo1	778	2.822	5	5	1.371
515	ultimus	1647	5.973	9	6	1.331
516	siue	22976	83.331	94	62	1.318
517	sacro	789	2.862	5	5	1.31
518	indico1	2105	7.635	11	11	1.309
519	transmitto	1001	3.631	6	6	1.295
520	testa	1003	3.638	6	5	1.286
521	deuoro	1004	3.641	6	5	1.281
522	liber2	4479	16.245	21	12	1.279
523	adiutorium	1440	5.223	8	7	1.274
524	pono	17333	62.864	72	44	1.274
525	ianuarius	796	2.887	5	4	1.272
526	sepe	5477	19.864	25	18	1.231
527	floreo	1019	3.696	6	6	1.212
528	custos	1686	6.115	9	3	1.192
529	disco	4055	14.707	19	19	1.151
530	industria	821	2.978	5	5	1.143
531	memoria	4810	17.445	22	21	1.102
532	emendo	1716	6.224	9	8	1.091
533	pene	2894	10.496	14	13	1.062
534	computo	842	3.054	5	5	1.043
535	recipio	7846	28.456	34	28	1.02
536	regnum	16889	61.254	69	39	0.945
537	defero	2734	9.916	13	10	0.877
538	ubicumque	895	3.246	5	5	0.816
539	incarnatio	2283	8.28	11	10	0.812
540	ceterum	1120	4.062	6	6	0.808
541	episcopalis	1126	4.084	6	5	0.788
542	propono	2062	7.479	10	7	0.771
543	uas2	2311	8.382	11	10	0.747
544	saltem	1600	5.803	8	8	0.746
545	monachus	5525	20.038	24	16	0.739
546	ingenium	1372	4.976	7	5	0.733
547	pronuntio	1150	4.171	6	6	0.708
548	cano	1386	5.027	7	7	0.692
549	ceterus	13284	48.179	54	40	0.68
550	reseruo	1179	4.276	6	6	0.619
551	aptus	1413	5.125	7	7	0.618
552	colloco	1182	4.287	6	4	0.611
553	uanitas	959	3.478	5	4	0.588
554	consolatio	1431	5.19	7	6	0.571
555	secularis1	2410	8.741	11	10	0.542
556	tot	1684	6.108	8	6	0.536
557	tabernaculum	2916	10.576	13	6	0.52
558	episcopatus	1692	6.137	8	7	0.518
559	tantum	9319	33.799	38	25	0.504
560	materia1	1460	5.295	7	5	0.5
561	paruulus2	990	3.591	5	5	0.494
562	fere	991	3.594	5	5	0.492
563	magnitudo	1705	6.184	8	7	0.49
564	exprimo	2201	7.983	10	8	0.473
565	haud	998	3.62	5	5	0.472
566	transfero	2451	8.889	11	10	0.467
567	expedio	1001	3.631	5	5	0.464
568	preter	2710	9.829	12	12	0.45
569	pulcher	1486	5.39	7	7	0.441
570	necnon	1487	5.393	7	7	0.439
571	queo	1026	3.721	5	4	0.398
572	accipio	20568	74.597	80	40	0.384
573	cur	3774	13.688	16	14	0.372
574	rite	1043	3.783	5	4	0.357
575	medicus2	1043	3.783	5	5	0.357
576	arbitrium	2270	8.233	10	9	0.356
577	postmodo	1777	6.445	8	7	0.35
578	dextera	3030	10.989	13	6	0.349
579	an	4310	15.632	18	12	0.343
580	quippe	7694	27.905	31	21	0.333
581	littera	7696	27.912	31	28	0.331
582	breuis1	1545	5.604	7	7	0.324
583	congruo	1071	3.884	5	5	0.295
584	certe	3334	12.092	14	12	0.288
585	lucus1	1321	4.791	6	4	0.283
586	sedeo	5409	19.618	22	15	0.279
587	congrego	3349	12.146	14	14	0.271
588	columna	1084	3.932	5	4	0.268
589	quodammodo	1085	3.935	5	4	0.266
590	hactenus	1334	4.838	6	6	0.26
591	conditor	1584	5.745	7	7	0.257
592	exhibeo	3621	13.133	15	11	0.255
593	exilium	1097	3.979	5	4	0.243
594	difficilis	1097	3.979	5	5	0.243
595	decurro	1098	3.982	5	5	0.241
596	augeo	1598	5.796	7	6	0.235
597	dico3	128642	466.566	477	142	0.234
598	uenerandus	1363	4.943	6	5	0.212
599	uarius1	2638	9.568	11	11	0.205
600	paradisus	1879	6.815	8	4	0.196
601	spiro	1127	4.088	5	5	0.191
602	utilis	1632	5.919	7	7	0.187
603	porro	2399	8.701	10	9	0.186
604	felix	2663	9.658	11	9	0.179
605	dogma	1640	5.948	7	6	0.177
606	etiam	39518	143.326	148	95	0.152
607	argumentum	1407	5.103	6	6	0.15
608	canonicus1	1154	4.185	5	4	0.15
609	proinde	1159	4.204	5	5	0.143
610	superius	3237	11.74	13	12	0.131
611	solummodo	1434	5.201	6	5	0.117
612	hereo	1183	4.291	5	5	0.112
613	laudo	4595	16.665	18	16	0.105
614	principatus	1194	4.331	5	2	0.099
615	lateo	1456	5.281	6	6	0.094
616	medium	1199	4.349	5	5	0.093
617	propheto	1207	4.378	5	5	0.085
618	mille	3852	13.971	15	12	0.074
619	congruus	1478	5.361	6	6	0.074
620	subiungo	2534	9.19	10	9	0.07
621	arbitror	1750	6.347	7	7	0.065
622	exinde	1244	4.512	5	5	0.051
623	undique	1251	4.537	5	4	0.046
624	uix	1790	6.492	7	7	0.039
625	ordo	10155	36.831	38	29	0.037
626	sex	2330	8.451	9	6	0.035
627	aio	18645	67.623	69	41	0.028
628	perfectio	2371	8.599	9	7	0.018
629	desidero	3198	11.599	12	11	0.014
630	disciplina	2928	10.619	11	10	0.014
631	condicio	1847	6.699	7	7	0.013
632	nitor1	1313	4.762	5	5	0.012
633	repeto	1585	5.749	6	6	0.011
634	tego	1320	4.787	5	5	0.009
635	sensum	2419	8.773	9	9	0.006
636	occurro	2152	7.805	8	7	0.005
637	recedo	3535	12.821	13	12	0.002
638	orno	1621	5.879	6	6	0.002
639	assumo	4097	14.859	15	11	0.001
640	studium	4111	14.91	15	13	0.001
641	abscondo	2190	7.943	8	8	0
642	continuo1	1367	4.958	5	4	0
643	studeo	3844	13.942	14	13	0
644	probo	4948	17.946	18	18	0
645	consto	3616	13.115	13	13	-0.001
646	uestis	2231	8.092	8	7	-0.001
647	excipio	1684	6.108	6	6	-0.002
648	retineo	2244	8.139	8	8	-0.002
649	uenerabilis	4191	15.2	15	14	-0.003
650	monstro	2257	8.186	8	7	-0.004
651	securus	1425	5.168	5	5	-0.006
652	exeo	4226	15.327	15	12	-0.007
653	nuncupo	1437	5.212	5	4	-0.009
654	presens	10088	36.588	36	19	-0.01
655	consedeo	1723	6.249	6	5	-0.01
656	indigeo	1443	5.234	5	5	-0.011
657	antea	1450	5.259	5	5	-0.013
658	insinuo	1739	6.307	6	6	-0.015
659	utor	3164	11.475	11	10	-0.02
660	compleo	2602	9.437	9	9	-0.021
661	postulo	2606	9.452	9	6	-0.022
662	uiuo	12684	46.003	45	33	-0.022
663	reprehendo	1473	5.342	5	5	-0.023
664	consummo	1759	6.38	6	6	-0.023
665	redemptor	2043	7.41	7	5	-0.023
666	regula1	4311	15.635	15	12	-0.026
667	cultus2	2356	8.545	8	8	-0.036
668	natiuitas	2360	8.559	8	8	-0.038
669	iuxta1	11099	40.254	39	26	-0.04
670	adhereo	1505	5.458	5	5	-0.04
671	precedo	2652	9.618	9	8	-0.041
672	quondam	2085	7.562	7	7	-0.043
673	uocabulum	1799	6.525	6	6	-0.044
674	sono	1514	5.491	5	5	-0.045
675	ieiunium	2383	8.643	8	7	-0.049
676	coniungo	2118	7.682	7	7	-0.063
677	adiungo	1545	5.604	5	5	-0.068
678	quicumque	9527	34.553	33	22	-0.071
679	imperator	8703	31.565	30	20	-0.079
680	profecto	2155	7.816	7	7	-0.089
681	facile	2448	8.879	8	8	-0.09
682	siquidem	3033	11	10	8	-0.094
683	numquid	2751	9.978	9	8	-0.099
684	concilium	4771	17.304	16	13	-0.101
685	adeo1	1586	5.752	5	5	-0.103
686	olim	2184	7.921	7	7	-0.112
687	hereticus2	3927	14.243	13	11	-0.112
688	itaque	8518	30.894	29	23	-0.119
689	eloquium	2486	9.016	8	8	-0.12
690	patriarcha	2486	9.016	8	7	-0.12
691	decerno	3657	13.263	12	9	-0.125
692	miro	1905	6.909	6	6	-0.126
693	conscientia	2496	9.053	8	8	-0.128
694	opus1	24361	88.354	85	57	-0.13
695	extremus	1915	6.945	6	6	-0.135
696	auris	3705	13.438	12	12	-0.16
697	considero	2835	10.282	9	7	-0.168
698	quapropter	2248	8.153	7	6	-0.172
699	apud	14047	50.946	48	32	-0.175
700	medion	3146	11.41	10	10	-0.183
701	postea	4899	17.768	16	14	-0.183
702	aurum	2563	9.296	8	8	-0.19
703	adhibeo	1665	6.039	5	5	-0.191
704	foris1	1679	6.09	5	5	-0.208
705	contendo	1681	6.097	5	5	-0.211
706	penite	2590	9.394	8	8	-0.219
707	pateo	2889	10.478	9	9	-0.22
708	mysterium	5257	19.066	17	14	-0.233
709	hic2	9598	34.811	32	27	-0.234
710	differo	2004	7.268	6	6	-0.236
711	nimirum	2607	9.455	8	8	-0.237
712	ueraciter	1702	6.173	5	5	-0.239
713	insuper1	1715	6.22	5	5	-0.258
714	uisio	2627	9.528	8	6	-0.26
715	rector	1719	6.235	5	5	-0.263
716	pondus	1722	6.245	5	4	-0.268
717	bonus	26208	95.053	90	36	-0.275
718	tango	2645	9.593	8	8	-0.282
719	arca	2348	8.516	7	7	-0.288
720	pars	17433	63.227	59	46	-0.29
721	femen	1741	6.314	5	5	-0.296
722	fero	7669	27.814	25	19	-0.296
723	supra1	2964	10.75	9	9	-0.303
724	penitentia	8009	29.048	26	14	-0.333
725	teneo	10923	39.616	36	29	-0.342
726	quare	3911	14.185	12	10	-0.356
727	notus	1790	6.492	5	5	-0.374
728	presto2	3023	10.964	9	9	-0.376
729	fides	30182	109.466	103	51	-0.392
730	pastor	3648	13.231	11	10	-0.401
731	nobilis	2434	8.828	7	7	-0.409
732	uniuersalis	1824	6.615	5	4	-0.433
733	doceo	10200	36.994	33	28	-0.449
734	consensus	2152	7.805	6	6	-0.456
735	tandem	2476	8.98	7	5	-0.474
736	tollo	2793	10.13	8	5	-0.485
737	sub	14326	51.958	47	32	-0.491
738	quamuis	4631	16.796	14	11	-0.495
739	appeto	1859	6.742	5	5	-0.497
740	doleo	1861	6.75	5	4	-0.5
741	quomodo	10295	37.338	33	25	-0.527
742	dubito	2518	9.132	7	7	-0.544
743	misa	3456	12.534	10	9	-0.553
744	tam	10045	36.432	32	26	-0.565
745	reliquus	5021	18.21	15	12	-0.605
746	scientia	5333	19.342	16	15	-0.616
747	usus	3832	13.898	11	10	-0.654
748	trado	8965	32.515	28	22	-0.661
749	sufficio	2918	10.583	8	8	-0.692
750	)	30262	109.756	101	71	-0.721
751	secundum1	20166	73.139	66	50	-0.724
752	figura	2940	10.663	8	7	-0.731
753	laus	6034	21.884	18	16	-0.737
754	cura	4219	15.302	12	10	-0.773
755	nequaquam	3283	11.907	9	9	-0.778
756	decretum	2986	10.83	8	3	-0.817
757	igitur	11511	41.749	36	27	-0.834
758	ut	168062	609.536	587	171	-0.854
759	archiepiscopus	3644	13.216	10	10	-0.858
760	hodie	2363	8.57	6	5	-0.865
761	locus	27046	98.092	89	60	-0.874
762	donum	4909	17.804	14	9	-0.881
763	uelut2	5228	18.961	15	13	-0.895
764	taceo	2071	7.511	5	4	-0.956
765	auctoritas	8934	32.402	27	25	-0.959
766	bonum	2097	7.606	5	5	-1.02
767	colo2	2118	7.682	5	4	-1.073
768	diuido	3443	12.487	9	8	-1.084
769	abeo	2123	7.7	5	4	-1.086
770	alibi	2804	10.17	7	7	-1.114
771	at	3787	13.735	10	7	-1.127
772	struo	2489	9.027	6	6	-1.156
773	longe	3815	13.836	10	9	-1.183
774	natura	10944	39.692	33	17	-1.202
775	uidelicet	10383	37.658	31	22	-1.258
776	augustus1	3199	11.602	8	8	-1.261
777	moueo	3885	14.09	10	5	-1.327
778	moneo	2562	9.292	6	5	-1.34
779	solus1	8953	32.471	26	24	-1.39
780	separo	2582	9.365	6	4	-1.392
781	;	116352	421.992	398	151	-1.403
782	sensus	7122	25.83	20	19	-1.433
783	etenim	2603	9.441	6	6	-1.447
784	caueo	2277	8.258	5	5	-1.504
785	curo	3637	13.191	9	8	-1.505
786	leo	4300	15.596	11	8	-1.516
787	magister2	3647	13.227	9	9	-1.529
788	perduco	2286	8.291	5	5	-1.53
789	clarus	2977	10.797	7	7	-1.532
790	confero	4308	15.625	11	10	-1.533
791	extra2	2294	8.32	5	4	-1.553
792	falsus	3326	12.063	8	7	-1.56
793	commendo	3669	13.307	9	9	-1.58
794	pontifex	6896	25.011	19	18	-1.582
795	dimitto	5627	20.408	15	13	-1.585
796	interpretor	5357	19.429	14	12	-1.688
797	quantus	4715	17.101	12	12	-1.706
798	efficio	3399	12.328	8	8	-1.743
799	paulus	8919	32.348	25	20	-1.819
800	deuotio	2396	8.69	5	5	-1.858
801	nemo	6740	24.445	18	12	-1.879
802	propterea	3112	11.287	7	7	-1.892
803	habeo	59550	215.979	196	111	-1.92
804	nam	23565	85.467	73	45	-1.923
805	demon	2421	8.781	5	5	-1.936
806	iam	20595	74.695	63	47	-1.943
807	respondeo	7111	25.791	19	12	-1.977
808	apostolus	27482	99.673	86	46	-1.977
809	cupio	3148	11.417	7	7	-1.992
810	licet	5198	18.852	13	13	-2.048
811	dictum	3527	12.792	8	8	-2.081
812	diu	2832	10.271	6	6	-2.098
813	procedo	4218	15.298	10	5	-2.1
814	iterum	6856	24.866	18	16	-2.107
815	testis	2836	10.286	6	6	-2.11
816	conseruo	2483	9.006	5	4	-2.134
817	prauus	2846	10.322	6	6	-2.141
818	consequor	2491	9.035	5	5	-2.16
819	uterque	7941	28.801	21	17	-2.343
820	diaconus	3974	14.413	9	7	-2.358
821	redeo	5029	18.239	12	11	-2.439
822	percutio	3314	12.019	7	5	-2.478
823	examplum	6710	24.336	17	13	-2.484
824	intentio	2591	9.397	5	3	-2.492
825	idolum	2982	10.815	6	6	-2.568
826	presumo	4746	17.213	11	9	-2.584
827	subicio	3002	10.888	6	6	-2.633
828	custodio2	4080	14.798	9	8	-2.654
829	respicio	2660	9.647	5	4	-2.731
830	melius	2662	9.655	5	4	-2.738
831	longus	2662	9.655	5	5	-2.738
832	loquor	15720	57.014	45	38	-2.742
833	mereo1	3403	12.342	7	7	-2.754
834	postquam	4115	14.925	9	9	-2.754
835	pascha	2667	9.673	5	2	-2.755
836	consentio	3040	11.026	6	4	-2.758
837	predestino	2670	9.684	5	4	-2.766
838	exsisto	6201	22.49	15	13	-2.839
839	unitas	3431	12.444	7	6	-2.842
840	confirmo	4512	16.364	10	10	-2.888
841	inde	7879	28.576	20	18	-2.889
842	circa2	3449	12.509	7	7	-2.9
843	solum1	10488	38.038	28	26	-2.93
844	martyr	7254	26.309	18	17	-2.965
845	coram2	4891	17.739	11	10	-2.975
846	pariter	3123	11.327	6	6	-3.038
847	100	3493	12.669	7	7	-3.042
848	ualde	3126	11.338	6	6	-3.048
849	mirus	2751	9.978	5	5	-3.055
850	numquam	4938	17.909	11	10	-3.106
851	regius	2771	10.05	5	4	-3.128
852	lingua	5301	19.226	12	12	-3.15
853	labor2	4996	18.12	11	11	-3.27
854	remaneo	2821	10.231	5	4	-3.313
855	statim	2835	10.282	5	5	-3.365
856	utique	5038	18.272	11	10	-3.391
857	culpa	2844	10.315	5	4	-3.399
858	pereo	5041	18.283	11	8	-3.4
859	huiusmodi	4354	15.791	9	9	-3.474
860	significo	10220	37.066	26	21	-3.707
861	intellectus	3313	12.016	6	5	-3.709
862	permitto	4066	14.747	8	8	-3.72
863	quisque	7232	26.229	17	16	-3.727
864	plenus	5158	18.707	11	11	-3.745
865	permaneo	4808	17.438	10	8	-3.767
866	creatura	4120	14.943	8	7	-3.901
867	gradus	2977	10.797	5	5	-3.908
868	oratio	8345	30.266	20	15	-3.974
869	contrarius	3386	12.281	6	6	-3.978
870	templum	6987	25.341	16	9	-3.981
871	designo	3799	13.778	7	7	-4.089
872	querio	3799	13.778	7	7	-4.089
873	offero	7405	26.857	17	16	-4.18
874	amicus2	3053	11.073	5	5	-4.208
875	crimen	3459	12.545	6	6	-4.253
876	predicatio	4273	15.498	8	6	-4.429
877	abbas	7157	25.957	16	14	-4.446
878	totus	19267	69.879	53	44	-4.47
879	precapio	3522	12.774	6	5	-4.494
880	soleo	4683	16.985	9	9	-4.552
881	celestis	9264	33.599	22	16	-4.583
882	puer	3939	14.286	7	7	-4.599
883	bene	8253	29.932	19	15	-4.61
884	sapiens	3554	12.89	6	6	-4.618
885	admoneo	3156	11.446	5	4	-4.624
886	uerus	13589	49.285	35	21	-4.629
887	filia	3952	14.333	7	4	-4.648
888	aduentus	3564	12.926	6	6	-4.656
889	accedo	3956	14.348	7	6	-4.662
890	publicus1	3571	12.952	6	6	-4.684
891	statuo	3172	11.504	5	5	-4.69
892	necessarius1	3575	12.966	6	6	-4.699
893	alius	47026	170.556	143	89	-4.74
894	mitto	15279	55.415	40	33	-4.771
895	edo1	6571	23.832	14	12	-4.785
896	capio1	5156	18.7	10	9	-4.897
897	similis	5541	20.096	11	7	-4.951
898	lapis	4057	14.714	7	5	-5.043
899	prohibeo	3670	13.311	6	6	-5.075
900	relinquo	6672	24.198	14	14	-5.091
901	comes	4465	16.194	8	6	-5.121
902	perpetuus	4114	14.921	7	7	-5.262
903	saluator	5664	20.543	11	8	-5.361
904	quantum	5680	20.601	11	10	-5.415
905	signum	14316	51.922	36	32	-5.497
906	iubeo	9352	33.918	21	19	-5.721
907	minus	3836	13.913	6	6	-5.75
908	agnosco	3424	12.418	5	4	-5.756
909	qualiter	3848	13.956	6	6	-5.8
910	descendo	4258	15.443	7	6	-5.826
911	liceo	4265	15.469	7	7	-5.854
912	iustitia	11209	40.653	26	19	-6.086
913	existimo	3501	12.698	5	5	-6.093
914	error	5140	18.642	9	9	-6.196
915	mora1	3957	14.352	6	6	-6.256
916	dolor	3540	12.839	5	5	-6.266
917	!	3970	14.399	6	6	-6.312
918	rogo	4419	16.027	7	7	-6.477
919	species	4029	14.613	6	6	-6.563
920	quisquis1	7132	25.867	14	13	-6.566
921	modus	5285	19.168	9	9	-6.749
922	ecce	7576	27.477	15	12	-6.818
923	quod	53580	194.327	159	91	-6.891
924	deinde	5323	19.306	9	9	-6.896
925	qualis	4107	14.896	6	6	-6.9
926	ira	3684	13.361	5	2	-6.913
927	peto	6871	24.92	13	12	-6.944
928	spiritalis	7657	27.771	15	12	-7.087
929	appareo	6162	22.349	11	11	-7.125
930	super	23579	85.518	62	42	-7.189
931	addo	4603	16.694	7	6	-7.242
932	celebro	4605	16.702	7	7	-7.251
933	quero	8096	29.363	16	13	-7.322
934	precipio	4246	15.4	6	5	-7.51
935	pertineo	6671	24.195	12	11	-7.584
936	quisquam	3862	14.007	5	5	-7.735
937	proficio	3874	14.05	5	5	-7.791
938	gero	5597	20.3	9	9	-7.983
939	tribuo	3915	14.199	5	5	-7.984
940	scilicet	11586	42.021	25	21	-8.106
941	clericus2	5231	18.972	8	7	-8.152
942	quidem	13370	48.491	30	27	-8.201
943	lux	6916	25.083	12	11	-8.499
944	persona	7304	26.491	13	10	-8.501
945	hostis	6567	23.818	11	10	-8.667
946	conuenio	5358	19.433	8	8	-8.691
947	communis	4075	14.779	5	4	-8.746
948	impius	4519	16.39	6	6	-8.746
949	intellego	19060	69.128	46	33	-8.818
950	discipulus	4540	16.466	6	6	-8.843
951	panis	5422	19.665	8	8	-8.966
952	alter	10468	37.966	21	20	-9.092
953	imago	5453	19.777	8	4	-9.1
954	forma	4151	15.055	5	5	-9.113
955	benedico	4618	16.749	6	6	-9.205
956	aufero	5062	18.359	7	7	-9.246
957	constituo	8682	31.488	16	15	-9.343
958	?	41969	152.215	116	60	-9.444
959	sto	5540	20.093	8	8	-9.479
960	manus2	17027	61.754	39	30	-9.697
961	impleo	6026	21.855	9	9	-9.771
962	tamquam	5612	20.354	8	7	-9.796
963	mox	4291	15.563	5	5	-9.799
964	neco	4303	15.606	5	5	-9.858
965	regno	4305	15.614	5	4	-9.868
966	nosco	9229	33.472	17	16	-9.943
967	absque	4330	15.704	5	5	-9.992
968	transeo	5664	20.543	8	7	-10.026
969	quatenus	4354	15.791	5	5	-10.111
970	certus	4360	15.813	5	5	-10.141
971	quando	13356	48.44	28	22	-10.222
972	adhuc	7383	26.777	12	12	-10.323
973	omnino	4403	15.969	5	5	-10.355
974	paruus	6579	23.861	10	10	-10.361
975	fors	5763	20.902	8	7	-10.468
976	dominicus1	5771	20.931	8	5	-10.504
977	cado	4445	16.121	5	5	-10.565
978	sic	22224	80.603	53	45	-10.811
979	ullus	4970	18.026	6	6	-10.882
980	presbyter	8350	30.284	14	13	-11
981	ob	5009	18.167	6	6	-11.071
982	unusquisque	6766	24.539	10	10	-11.159
983	diabolus	7654	27.76	12	11	-11.427
984	iudeus	14110	51.175	29	24	-11.45
985	potius	4633	16.803	5	5	-11.517
986	angelus	8495	30.81	14	8	-11.571
987	seruo	7349	26.654	11	10	-11.873
988	uxor	6105	22.142	8	8	-12.031
989	mulier	6577	23.854	9	8	-12.199
990	uniuersi	4770	17.3	5	5	-12.221
991	mallus1	8278	30.023	13	10	-12.323
992	predico1	7881	28.583	12	11	-12.375
993	uirgo	7058	25.598	10	10	-12.436
994	ignis	8316	30.161	13	13	-12.48
995	dux1	4842	17.561	5	5	-12.595
996	sol	5333	19.342	6	6	-12.674
997	ualeo	9178	33.287	15	13	-12.702
998	proprius1	13802	50.058	27	24	-12.825
999	magis	8839	32.058	14	14	-12.959
1000	episcopus	33792	122.559	85	52	-12.969
1001	magnus	24102	87.414	56	46	-13.009
1002	dignus	8471	30.723	13	11	-13.126
1003	nunc	13926	50.508	27	22	-13.243
1004	reddo	8605	31.209	13	10	-13.692
1005	ibi	10625	38.535	18	17	-13.713
1006	ratio	9036	32.772	14	12	-13.774
1007	oporteo	5575	20.22	6	6	-13.9
1008	rectus	7826	28.384	11	9	-13.956
1009	aliquis	23119	83.849	52	42	-14.067
1010	puto	7002	25.395	9	9	-14.16
1011	cum2	48101	174.455	127	83	-14.348
1012	cunctus	10019	36.337	16	13	-14.474
1013	concedo	5214	18.91	5	5	-14.558
1014	cognosco	10858	39.38	18	16	-14.625
1015	mensis	6191	22.454	7	6	-14.632
1016	passio	7106	25.772	9	8	-14.651
1017	ante2	12432	45.089	22	16	-14.654
1018	peruenio	6747	24.47	8	7	-15.096
1019	quoniam	16008	58.059	31	24	-15.27
1020	fio	22271	80.774	48	41	-15.647
1021	uir	19443	70.517	40	38	-15.737
1022	eligo	7355	26.676	9	8	-15.84
1023	uoco	13140	47.657	23	17	-15.856
1024	sacerdos	12795	46.406	22	21	-16.025
1025	res	22399	81.238	48	43	-16.027
1026	pena	5506	19.969	5	5	-16.135
1027	post2	23168	84.027	50	37	-16.208
1028	ordino	5530	20.057	5	5	-16.266
1029	talis	14475	52.499	26	24	-16.516
1030	placeo	6145	22.287	6	6	-16.874
1031	uerum1	7601	27.568	9	8	-17.036
1032	urbs	7688	27.883	9	9	-17.463
1033	mons	6752	24.489	7	7	-17.494
1034	dedo	5825	21.126	5	5	-17.89
1035	animus	7777	28.206	9	9	-17.903
1036	populus1	22668	82.214	47	31	-17.937
1037	oro	5945	21.562	5	5	-18.558
1038	tamen	22532	81.72	46	35	-18.646
1039	ius1	6001	21.765	5	5	-18.872
1040	cepio	6008	21.79	5	5	-18.911
1041	preceptum	7062	25.613	7	7	-19.119
1042	pius	8035	29.142	9	9	-19.191
1043	spiritus	31474	114.152	70	29	-19.927
1044	crux	6277	22.766	5	5	-20.428
1045	usque	24197	87.759	49	39	-20.489
1046	prius	6813	24.71	6	4	-20.49
1047	ueritas	13939	50.555	22	16	-20.571
1048	ergo1	29670	107.609	64	45	-20.796
1049	ipse2	84491	306.436	230	131	-21.033
1050	enim	66589	241.508	174	97	-21.056
1051	iustus	15277	55.407	25	15	-21.096
1052	gratia2	23297	84.495	46	20	-21.133
1053	tum	16556	60.046	28	23	-21.446
1054	summus	6483	23.513	5	5	-21.602
1055	nascor	7022	25.468	6	6	-21.647
1056	uero1	35931	130.316	81	64	-21.7
1057	pecco	6588	23.894	5	4	-22.205
1058	gens	13090	47.476	19	12	-22.225
1059	scio	13520	49.035	20	19	-22.272
1060	modo2	10590	38.408	13	12	-22.72
1061	humanus1	10590	38.408	13	11	-22.72
1062	propter	17688	64.152	30	23	-22.782
1063	duco	7756	28.13	7	7	-22.851
1064	annus	23523	85.314	45	32	-23.149
1065	dico1	14166	51.378	21	17	-23.257
1066	uolo2	23240	84.288	44	35	-23.464
1067	nullus	24241	87.919	46	38	-24.339
1068	quasi	19683	71.387	34	26	-24.425
1069	homo	47745	173.164	112	48	-24.852
1070	inquio	15058	54.613	22	17	-25.305
1071	quis	41464	150.384	93	59	-25.502
1072	seculum	10696	38.793	12	12	-25.503
1073	malus1	7711	27.967	6	6	-25.532
1074	audio	20164	73.132	34	28	-26.279
1075	tantus	12693	46.036	16	14	-26.336
1076	hora	11585	42.017	13	12	-27.617
1077	si	77083	279.569	196	98	-28.111
1078	uenio	11378	41.266	12	9	-28.976
1079	potestas	9926	36	9	8	-29.13
1080	ipse1	9945	36.069	9	9	-29.234
1081	mors	17655	64.032	26	22	-29.299
1082	pater	42897	155.581	93	61	-29.597
1083	nihil	13404	48.614	16	15	-29.76
1084	monasterium	10117	36.693	9	8	-30.176
1085	nolo	10171	36.889	9	7	-30.472
1086	apostolicus	9163	33.233	7	7	-30.743
1087	tempus	29849	108.258	56	43	-30.818
1088	suscipio	10308	37.386	9	9	-31.227
1089	iudicium	15105	54.784	19	19	-31.429
1090	uox	10981	39.827	10	9	-32.107
1091	oculus	9410	34.129	7	7	-32.167
1092	honor	9422	34.172	7	7	-32.236
1093	anima	20451	74.173	30	24	-34.156
1094	morior	8639	31.332	5	5	-34.403
1095	quam	41978	152.248	86	67	-34.42
1096	uideo	45783	166.048	96	64	-35.068
1097	sedes	9426	34.187	6	5	-35.588
1098	iudico	9448	34.267	6	6	-35.72
1099	domina	8868	32.163	5	5	-35.805
1100	nec	57170	207.347	126	78	-37.376
1101	ideo	14608	52.981	15	15	-38.224
1102	princeps	10481	38.013	7	7	-38.443
1103	diligo	9322	33.81	5	5	-38.606
1104	dum	18066	65.523	22	19	-39.157
1105	futurus	9511	34.495	5	5	-39.78
1106	celum	17298	62.737	20	15	-39.876
1107	uel	61906	224.524	137	76	-39.92
1108	que	76595	277.799	179	109	-40.513
1109	suus	117610	426.554	302	133	-40.883
1110	aut	34719	125.921	61	36	-41.597
1111	debeo	23501	85.235	33	25	-41.995
1112	casa	14857	53.884	14	12	-42.159
1113	aqua	10006	36.29	5	5	-42.871
1114	mundus2	15073	54.668	14	13	-43.325
1115	caritas	10145	36.794	5	3	-43.743
1116	do	28094	101.893	43	35	-43.762
1117	autem	64914	235.434	140	78	-45.591
1118	ero	26515	96.166	38	30	-45.941
1119	frater	19042	69.063	21	17	-46.277
1120	uoluntas	11264	40.853	6	5	-46.812
1121	atque	64010	232.155	136	89	-47.128
1122	corpus	25509	92.517	34	24	-49.145
1123	fidelis	12503	45.347	7	7	-50.673
1124	eternus	16006	58.051	13	13	-51.352
1125	nisi	22453	81.434	26	24	-51.678
1126	gloria	11706	42.456	5	5	-53.661
1127	domus	13754	49.884	8	8	-54.635
1128	ne2	26592	96.445	33	28	-56.314
1129	semper	14444	52.386	8	8	-58.869
1130	ago	19103	69.284	16	15	-59.855
1131	dies	35444	128.55	51	33	-61.054
1132	possum	56956	206.571	104	81	-62.729
1133	credo2	21895	79.41	20	16	-63.874
1134	tuus	47270	171.441	78	57	-64.331
1135	mens	14696	53.3	7	7	-64.355
1136	uirtus	20802	75.446	17	16	-66.436
1137	ueneo	18864	68.417	13	10	-67.861
1138	cum1	70084	254.184	135	95	-67.913
1139	ille2	110466	400.644	247	136	-68.883
1140	facio	73916	268.082	144	104	-69.596
1141	noster	59504	215.812	103	72	-73.638
1142	sine	17513	63.517	9	8	-74.071
1143	peccatum	26411	95.789	25	23	-74.672
1144	pro	43480	157.696	62	45	-75.969
1145	omnis	114016	413.519	250	139	-76.016
1146	a	138248	501.405	315	182	-80.685
1147	uester	24118	87.472	18	15	-82.297
1148	ad	177121	642.392	422	181	-87.078
1149	caro2	18153	65.838	6	6	-91.177
1150	quia	98686	357.92	188	89	-98.431
1151	terra	26620	96.547	17	12	-100.366
1152	cor	20900	75.801	7	7	-104.543
1153	christus	59315	215.127	83	53	-106.689
1154	ecclesia	50122	181.785	60	43	-111.05
1155	et	725333	2630.675	2118	402	-111.165
1156	tu	47761	173.222	54	45	-113.052
1157	sed	101708	368.88	184	119	-114.605
1158	ego	60664	220.019	82	58	-114.745
1159	sum	524045	1900.634	1457	336	-115.809
1160	filius	50031	181.455	53	41	-127.009
1161	nos	57619	208.976	69	48	-127.639
1162	uos	35822	129.921	25	21	-127.897
1163	per	98723	358.054	163	106	-134.471
1164	meus	41617	150.939	31	22	-142.28
1165	dominus	89984	326.359	126	82	-161.878
1166	se	80262	291.098	92	65	-187.286
1167	deus	140088	508.078	193	99	-258.592
1168	,	2210261	8016.289	6686	591	-261.59
1169	is2	288636	1046.84	505	214	-352.46
1170	non	212441	770.492	301	157	-377.203
