No.	lemma	Total no. in this subcorpus	Expected collocate frequency	Observed collocate frequency	In no. of texts	T-score value
1	in	463796	1682.119	5543	485	51.858
2	-	356744	1293.858	3292	399	34.825
3	de	136672	495.689	2086	342	34.82
4	scribo1	20693	75.05	692	214	23.453
5	idem2	43462	157.63	766	165	21.981
6	lego2	9617	34.879	422	175	18.845
7	primus	14793	53.652	435	177	18.284
8	secundus	7209	26.146	361	159	17.624
9	rex	31400	113.883	492	122	17.047
10	item	9686	35.13	341	57	16.564
11	:	232010	841.466	1404	243	15.013
12	.	894868	3245.554	4209	449	14.85
13	beatus	22102	80.161	360	120	14.749
14	tertius	7799	28.286	266	116	14.575
15	caput	17026	61.751	308	92	14.031
16	capitulum	3551	12.879	212	58	13.676
17	quinque	3634	13.18	201	76	13.248
18	ex	66613	241.596	544	184	12.965
19	numerus	8610	31.227	223	71	12.842
20	quartus	4056	14.711	182	86	12.4
21	historia	2949	10.696	170	82	12.218
22	incipio	3936	14.275	169	76	11.902
23	quattuor	5642	20.463	179	71	11.85
24	moralis	382	1.386	123	40	10.966
25	diuinus1	20429	74.093	244	122	10.877
26	genesis	802	2.909	124	76	10.874
27	decimus	1884	6.833	130	39	10.802
28	sanctus1	70547	255.864	486	141	10.439
29	1	3478	12.614	130	53	10.295
30	ecclesiasticus1	5501	19.951	143	77	10.29
31	euangelium	10708	38.836	174	77	10.247
32	quintus	2584	9.372	113	52	9.749
33	unus	37779	137.019	308	74	9.743
34	lex	23038	83.555	226	98	9.475
35	trinitas	4195	15.215	116	38	9.358
36	liber1	12354	44.806	162	39	9.208
37	septimus1	2325	8.432	96	50	8.937
38	sapientia	8726	31.648	131	78	8.68
39	iudex	5361	19.444	110	51	8.634
40	aperio	4103	14.881	101	46	8.569
41	contineo	4468	16.205	102	70	8.495
42	ambrosius	976	3.54	78	32	8.431
43	predestinatio	2248	8.153	84	26	8.276
44	deleo	1477	5.357	76	47	8.103
45	finis	10813	39.217	131	69	8.019
46	contra2	15581	56.51	154	54	7.856
47	prefatio	628	2.278	66	39	7.844
48	exodium	598	2.169	65	39	7.793
49	sicut	41928	152.067	281	119	7.692
50	dialogus	153	0.555	60	38	7.674
51	propheta	14538	52.727	145	69	7.663
52	uicesimus	821	2.978	63	23	7.562
53	uolumen	1144	4.149	64	36	7.481
54	conscribo	1267	4.595	62	48	7.29
55	narro	3019	10.95	73	34	7.262
56	prefatus1	3657	13.263	75	34	7.129
57	lectio	2600	9.43	68	36	7.103
58	lego1	1284	4.657	59	43	7.075
59	duo	16653	60.398	145	78	7.026
60	uetus	4403	15.969	78	49	7.024
61	testamentum	4862	17.634	80	44	6.973
62	ciuitas	12845	46.587	124	50	6.952
63	leuiticus	390	1.415	51	25	6.943
64	questio1	1633	5.923	59	26	6.91
65	uita	30381	110.187	210	131	6.888
66	edo2	1164	4.222	55	42	6.847
67	sexto	655	2.376	50	27	6.735
68	prosper	1612	5.847	56	16	6.702
69	prologus	259	0.939	46	26	6.644
70	prior	4247	15.403	70	27	6.526
71	inter	18369	66.622	145	70	6.509
72	expositio	1004	3.641	49	37	6.48
73	explicit	202	0.733	42	25	6.368
74	deuteronomium	394	1.429	43	26	6.34
75	2	4069	14.758	66	39	6.307
76	perseuerantia	551	1.998	43	8	6.253
77	actus	3384	12.273	61	36	6.239
78	compono	2568	9.314	56	40	6.239
79	4	3774	13.688	63	37	6.213
80	generatio	2678	9.713	56	29	6.185
81	tres	11031	40.008	102	61	6.138
82	sententia	8224	29.827	87	49	6.13
83	enchiridion	74	0.268	38	18	6.121
84	seruus2	9225	33.458	92	60	6.103
85	expono	3296	11.954	58	39	6.046
86	3	4170	15.124	63	36	6.032
87	correptio	703	2.55	40	8	5.921
88	appello1	6044	21.921	72	33	5.902
89	memoro	3082	11.178	54	24	5.827
90	apocryphicus	162	0.588	35	15	5.817
91	commemoro	1690	6.129	45	26	5.794
92	pleniter	1576	5.716	44	30	5.772
93	retractatio	136	0.493	34	14	5.746
94	reperio	3975	14.417	58	41	5.723
95	antiquitas	326	1.182	35	24	5.716
96	hic3	167450	607.316	764	237	5.669
97	beda	1356	4.918	41	20	5.635
98	quoque	16521	59.919	122	70	5.621
99	nauis	1850	6.71	43	27	5.534
100	nonus	2221	8.055	45	25	5.507
101	testor	2767	10.036	48	40	5.48
102	sanctus2	10126	36.726	88	43	5.466
103	superus	2965	10.754	49	28	5.464
104	describo	2081	7.548	43	37	5.406
105	apocalypsis	859	3.116	35	26	5.389
106	scriptor	910	3.3	35	23	5.358
107	exordium	953	3.456	35	26	5.332
108	inscribo	321	1.164	30	24	5.265
109	propheticus	1117	4.051	35	24	5.231
110	epistola	8199	29.737	75	44	5.227
111	pastoralis	528	1.915	31	16	5.224
112	hypomnesticon	37	0.134	27	3	5.17
113	prophetia	1744	6.325	38	22	5.138
114	sextus	2095	7.598	40	27	5.123
115	ita	28529	103.471	170	87	5.103
116	auctor	4106	14.892	51	38	5.056
117	demonstro	4132	14.986	51	37	5.043
118	doctor	5048	18.308	56	32	5.037
119	gesta	1158	4.2	33	23	5.013
120	signo	2460	8.922	41	21	5.01
121	commentarium	286	1.037	27	17	4.997
122	iste2	20938	75.939	133	81	4.948
123	psalmus	6551	23.76	63	37	4.944
124	octauo	691	2.506	29	21	4.92
125	tricesimus	620	2.249	27	9	4.763
126	tractatus	659	2.39	27	23	4.736
127	titulus	1835	6.655	34	25	4.69
128	religio	3054	11.076	41	22	4.673
129	inuenio	15419	55.922	103	76	4.639
130	fulgenter	85	0.308	22	14	4.625
131	memini	1496	5.426	31	24	4.593
132	mentio	635	2.303	25	21	4.539
133	moralia	87	0.316	21	10	4.514
134	areopagites	117	0.424	21	6	4.49
135	principium	3225	11.697	40	27	4.475
136	(	30251	109.716	167	72	4.433
137	plures	2957	10.725	38	22	4.425
138	refero	6201	22.49	55	42	4.384
139	musaicus	122	0.443	20	11	4.373
140	sermo	9216	33.425	70	41	4.372
141	uiginti	2038	7.392	32	18	4.35
142	testimonium	6030	21.87	53	38	4.276
143	5	3578	12.977	40	23	4.273
144	undecimus	552	2.002	22	14	4.264
145	duodecimus	433	1.57	21	13	4.24
146	homilia	934	3.388	24	17	4.208
147	miraculum	1579	5.727	27	17	4.094
148	disputo	997	3.616	23	12	4.042
149	copia	1190	4.316	24	20	4.018
150	authenticus	145	0.526	17	15	3.996
151	septem	4445	16.121	42	24	3.993
152	scriptura	9540	34.6	67	43	3.958
153	unde	25621	92.924	139	69	3.908
154	precedens	704	2.553	20	13	3.901
155	initium	3538	12.832	36	27	3.861
156	etymologia	154	0.559	16	13	3.86
157	canonicus2	913	3.311	21	14	3.86
158	excerptio	166	0.602	16	14	3.849
159	capitularis1	318	1.153	17	8	3.843
160	institutio	949	3.442	21	15	3.831
161	sacer	11163	40.487	73	56	3.805
162	explanatio	217	0.787	16	11	3.803
163	ueteres	678	2.459	19	16	3.795
164	antiquus	4057	14.714	38	31	3.777
165	lapsi	257	0.932	16	6	3.767
166	disputatio	600	2.176	18	12	3.73
167	gratis	946	3.431	20	6	3.705
168	sacramentum	5790	21	46	31	3.686
169	penitentialis	200	0.725	15	5	3.686
170	hebraicus	973	3.529	20	11	3.683
171	sequens	1845	6.692	25	20	3.662
172	codex	2028	7.355	26	21	3.657
173	soluo	4073	14.772	37	29	3.654
174	10	2211	8.019	27	16	3.653
175	canticus	546	1.98	17	11	3.643
176	pontificalis	546	1.98	17	6	3.643
177	egredior	3145	11.406	32	9	3.64
178	appendix	129	0.468	14	3	3.617
179	7	2452	8.893	28	15	3.611
180	octauus	592	2.147	17	12	3.602
181	distinguo	963	3.493	19	17	3.558
182	inuoluo	652	2.365	17	7	3.55
183	gentilis	2574	9.336	28	23	3.527
184	hinc	7125	25.841	51	29	3.523
185	hierarchia	418	1.516	15	6	3.482
186	exsto	744	2.698	17	14	3.469
187	edictum	613	2.223	16	15	3.444
188	heresis	1462	5.303	21	12	3.425
189	nomen	25313	91.807	131	87	3.424
190	exaro	336	1.219	14	13	3.416
191	aduersus2	3751	13.604	33	25	3.376
192	hilariter	259	0.939	13	6	3.345
193	breuiter	1231	4.465	19	16	3.335
194	titulo	129	0.468	12	8	3.329
195	lector	1435	5.205	20	17	3.308
196	declaro	1798	6.521	22	17	3.3
197	signaculum	465	1.687	14	13	3.291
198	hermes	55	0.2	11	9	3.256
199	duodecim	2409	8.737	25	19	3.253
200	ascribo	825	2.992	16	14	3.252
201	sigale	94	0.341	11	8	3.214
202	prouerbium	552	2.002	14	12	3.207
203	computus	110	0.399	11	5	3.196
204	philosophus2	726	2.633	15	13	3.193
205	excerpo	167	0.606	11	9	3.134
206	series	627	2.274	14	13	3.134
207	insero1	1473	5.342	19	17	3.133
208	capitulare	182	0.66	11	5	3.118
209	uersus2	2043	7.41	22	19	3.111
210	mortuus	6656	24.14	45	30	3.11
211	missalis	62	0.225	10	8	3.091
212	falso2	68	0.247	10	4	3.084
213	coniugalis1	214	0.776	11	2	3.083
214	euangelista	2646	9.597	25	19	3.081
215	faustus	220	0.798	11	8	3.076
216	aperte	2530	9.176	24	18	3.026
217	adulterinus	119	0.432	10	5	3.026
218	baptismum	3341	12.117	28	18	3.002
219	octo1	1632	5.919	19	15	3.001
220	chronicus	141	0.511	10	8	3.001
221	quantitas	786	2.851	14	10	2.98
222	acta2	37	0.134	9	3	2.955
223	explecto	1331	4.827	17	17	2.952
224	diuinus2	40	0.145	9	8	2.952
225	epigramma	42	0.152	9	3	2.949
226	index	218	0.791	10	9	2.912
227	8	2494	9.045	23	15	2.91
228	canon	4285	15.541	32	24	2.91
229	agnellus	546	1.98	12	2	2.892
230	partim	888	3.221	14	11	2.881
231	additio	100	0.363	9	4	2.879
232	explano	412	1.494	11	9	2.866
233	primum	5850	21.217	39	30	2.848
234	conferuefacio	143	0.519	9	5	2.827
235	monumentum	1118	4.055	15	11	2.826
236	bibliotheca	458	1.661	11	9	2.816
237	11	1487	5.393	17	14	2.815
238	catalogus	319	1.157	10	7	2.796
239	iste1	2466	8.944	22	15	2.784
240	prolixitas	192	0.696	9	5	2.768
241	totidem	347	1.259	10	9	2.764
242	christianus1	5821	21.112	38	33	2.74
243	carmen	1216	4.41	15	14	2.734
244	manuscriptum	80	0.29	8	6	2.726
245	opusculum	728	2.64	12	8	2.702
246	condo	1272	4.613	15	14	2.682
247	manifesto2	2626	9.524	22	10	2.66
248	uetustus	283	1.026	9	7	2.658
249	agnos	943	3.42	13	9	2.657
250	auctus1	141	0.511	8	8	2.648
251	interpres	619	2.245	11	10	2.64
252	gista	152	0.551	8	3	2.634
253	retracto	304	1.103	9	6	2.632
254	lasciuus2	12	0.044	7	6	2.629
255	editus1	159	0.577	8	7	2.625
256	coniugium	1348	4.889	15	7	2.611
257	22	483	1.752	10	9	2.608
258	satis	3302	11.976	25	19	2.605
259	benedictus	2312	8.385	20	6	2.597
260	historicus2	42	0.152	7	4	2.588
261	colligo2	3327	12.067	25	22	2.587
262	aliquot	502	1.821	10	8	2.587
263	finio	2137	7.751	19	17	2.581
264	commentum	201	0.729	8	5	2.571
265	nuptie	1391	5.045	15	4	2.57
266	diuersus	6111	22.164	38	33	2.569
267	quidam	24360	88.35	116	78	2.567
268	apologeticus	58	0.21	7	6	2.566
269	diligenter	2553	9.259	21	19	2.562
270	reparatio	214	0.776	8	2	2.554
271	arrianus	538	1.951	10	5	2.545
272	nonnulli	2400	8.704	20	18	2.526
273	premium2	90	0.326	7	7	2.522
274	euidenter	948	3.438	12	10	2.472
275	prefixus	279	1.012	8	7	2.471
276	sacerdotalis	1507	5.466	15	11	2.462
277	dissero2	448	1.625	9	7	2.458
278	elegans	139	0.504	7	5	2.455
279	nouus	9489	34.415	52	38	2.439
280	antapodosis	16	0.058	6	2	2.426
281	eruditus1	644	2.336	10	9	2.424
282	16	1018	3.692	12	8	2.398
283	impono	2579	9.354	20	10	2.381
284	29	358	1.298	8	7	2.369
285	aduersus3	2204	7.994	18	4	2.359
286	papa	6029	21.866	36	28	2.356
287	sufficienter	369	1.338	8	8	2.355
288	didymus	71	0.258	6	6	2.344
289	pleuio	72	0.261	6	5	2.343
290	peritus	383	1.389	8	8	2.337
291	manifestus	4330	15.704	28	23	2.324
292	folium	564	2.046	9	8	2.318
293	tripartitus	98	0.355	6	5	2.304
294	philosophicus	98	0.355	6	4	2.304
295	plerique	748	2.713	10	9	2.304
296	ecclesiastes2	103	0.374	6	5	2.297
297	adnoto	420	1.523	8	8	2.29
298	25	423	1.534	8	4	2.286
299	uocatus	768	2.785	10	7	2.281
300	decerpo	123	0.446	6	6	2.267
301	manicheius	282	1.023	7	6	2.259
302	responsio	969	3.514	11	4	2.257
303	christiana	300	1.088	7	5	2.234
304	paucus	3823	13.866	25	17	2.227
305	nouem	997	3.616	11	9	2.226
306	georgicus	7	0.025	5	4	2.225
307	scottus	314	1.139	7	3	2.215
308	quot	1014	3.678	11	11	2.208
309	termino	660	2.394	9	5	2.202
310	philos	27	0.098	5	4	2.192
311	euangelicus	1607	5.828	14	12	2.184
312	illustris1	35	0.127	5	5	2.179
313	12	2009	7.286	16	14	2.178
314	illuster	681	2.47	9	9	2.177
315	canonica1	512	1.857	8	6	2.172
316	fastus1	43	0.156	5	4	2.166
317	textus	353	1.28	7	5	2.162
318	flosculus	49	0.178	5	5	2.157
319	hamus	357	1.295	7	5	2.156
320	apertus	1441	5.226	13	11	2.156
321	pentateuchum	50	0.181	5	4	2.155
322	uaro2	52	0.189	5	5	2.152
323	pretitulo	53	0.192	5	5	2.15
324	integer	2659	9.644	19	17	2.146
325	pelagium	59	0.214	5	2	2.14
326	astipulor	68	0.247	5	4	2.126
327	psalterium	548	1.988	8	8	2.126
328	octoginta	384	1.393	7	7	2.119
329	clausula	78	0.283	5	5	2.11
330	diuisio	1294	4.693	12	7	2.109
331	predictus	5771	20.931	33	26	2.101
332	33	246	0.892	6	2	2.085
333	aris	100	0.363	5	5	2.074
334	supradictus	1329	4.82	12	11	2.073
335	centum	1544	5.6	13	11	2.052
336	plurimus	4294	15.574	26	24	2.045
337	indo	275	0.997	6	5	2.042
338	comburo	614	2.227	8	6	2.041
339	theologia	298	1.081	6	3	2.008
340	edissero	150	0.544	5	5	1.993
341	pando1	479	1.737	7	6	1.989
342	collatio	313	1.135	6	5	1.986
343	legens	492	1.784	7	7	1.971
344	clemens	1039	3.768	10	9	1.971
345	hymnus	1043	3.783	10	8	1.966
346	constitutio	1241	4.501	11	9	1.96
347	nusquam	679	2.463	8	7	1.958
348	editio	686	2.488	8	7	1.949
349	recenseo	341	1.237	6	5	1.945
350	hic1	15083	54.704	71	48	1.934
351	egregius	1265	4.588	11	11	1.933
352	sedecim	187	0.678	5	3	1.933
353	ostendo	14357	52.071	68	39	1.932
354	expando2	351	1.273	6	3	1.93
355	prenoto	189	0.686	5	5	1.93
356	elogium	190	0.689	5	5	1.928
357	omitto	893	3.239	9	8	1.92
358	uis	7470	27.093	39	20	1.907
359	laqueus	1113	4.037	10	10	1.886
360	profero	4745	17.209	27	23	1.884
361	philosophus1	217	0.787	5	5	1.884
362	miracula	1918	6.956	14	9	1.883
363	15	1323	4.798	11	8	1.87
364	latinus	937	3.398	9	9	1.867
365	frequenter	1528	5.542	12	11	1.864
366	confessio	3889	14.105	23	15	1.855
367	flagito	402	1.458	6	5	1.854
368	repetitio	249	0.903	5	4	1.832
369	historicus1	253	0.918	5	5	1.826
370	sequor	15585	56.525	72	48	1.824
371	plaga1	1777	6.445	13	13	1.818
372	penuria	258	0.936	5	4	1.818
373	uulgo2	258	0.936	5	4	1.818
374	numero1	789	2.862	8	8	1.817
375	32	260	0.943	5	3	1.814
376	multoties	261	0.947	5	3	1.813
377	uirginitas	798	2.894	8	5	1.805
378	inuentio	266	0.965	5	5	1.805
379	assero1	2209	8.012	15	15	1.804
380	relego1	443	1.607	6	6	1.794
381	quattuordecim	277	1.005	5	4	1.787
382	breuitas	454	1.647	6	6	1.777
383	narratio	638	2.314	7	7	1.771
384	inchoo	1018	3.692	9	8	1.769
385	quotienscumque	293	1.063	5	5	1.761
386	perhibeo	1634	5.926	12	8	1.753
387	uerbum	27300	99.013	118	71	1.748
388	anterior	306	1.11	5	5	1.74
389	complecto	487	1.766	6	4	1.728
390	argentum	1871	6.786	13	9	1.724
391	en	491	1.781	6	5	1.722
392	scruto	677	2.455	7	7	1.718
393	affero	2110	7.653	14	8	1.696
394	copiosus	696	2.524	7	5	1.692
395	agon	514	1.864	6	5	1.688
396	contemptor	343	1.244	5	2	1.68
397	catholicus	5746	20.84	30	19	1.672
398	18	904	3.279	8	7	1.669
399	prudenter	530	1.922	6	5	1.665
400	figurate	355	1.288	5	3	1.66
401	septuaginta	1934	7.014	13	8	1.66
402	similiter	5771	20.931	30	25	1.656
403	mendacium	1737	6.3	12	10	1.646
404	origo	1323	4.798	10	10	1.645
405	solido	365	1.324	5	3	1.644
406	comprobo	1126	4.084	9	9	1.639
407	pluralis	369	1.338	5	4	1.638
408	premitto	1752	6.354	12	12	1.63
409	canticum	1965	7.127	13	10	1.629
410	decalogus	377	1.367	5	4	1.625
411	partio1	380	1.378	5	5	1.62
412	26	385	1.396	5	4	1.612
413	doctrina	7028	25.49	35	28	1.608
414	debitum	1358	4.925	10	6	1.605
415	20	764	2.771	7	5	1.598
416	legalis	771	2.796	7	6	1.589
417	subdiaconus	405	1.469	5	3	1.579
418	mysticus	2232	8.095	14	11	1.578
419	qui2	510903	1852.969	1922	391	1.575
420	precipuus	2237	8.113	14	13	1.573
421	stilus	593	2.151	6	6	1.571
422	tronus	1193	4.327	9	9	1.558
423	terminus	2478	8.987	15	11	1.552
424	collectio	423	1.534	5	5	1.55
425	obscurus	803	2.912	7	7	1.545
426	edoceo	804	2.916	7	6	1.544
427	reuoluo	427	1.549	5	5	1.543
428	relego2	428	1.552	5	5	1.542
429	pagina	1627	5.901	11	10	1.537
430	octauum2	1007	3.652	8	8	1.537
431	creber	619	2.245	6	5	1.533
432	posterus	1849	6.706	12	9	1.528
433	scriptum	1427	5.176	10	10	1.526
434	denique	3179	11.53	18	17	1.525
435	concludo	1222	4.432	9	7	1.523
436	maxime	3871	14.04	21	20	1.519
437	preterea	1228	4.454	9	8	1.515
438	ethereus	449	1.629	5	1	1.508
439	multiplex	1235	4.479	9	9	1.507
440	insignis	836	3.032	7	6	1.5
441	translatio	840	3.047	7	6	1.494
442	synodalis1	460	1.668	5	3	1.49
443	tabula	1046	3.794	8	7	1.487
444	paganus	1472	5.339	10	9	1.474
445	intus1	1906	6.913	12	8	1.469
446	quadraginta	1702	6.173	11	9	1.455
447	pre1	2138	7.754	13	7	1.455
448	singulus	7284	26.418	35	21	1.451
449	ars	2369	8.592	14	13	1.445
450	sumo	4460	16.176	23	19	1.423
451	comprehendo	2619	9.499	15	14	1.42
452	ubi	18833	68.305	81	62	1.411
453	marca2	1320	4.787	9	8	1.404
454	bellum	3563	12.923	19	15	1.394
455	--	164067	595.047	630	214	1.393
456	persus	526	1.908	5	5	1.383
457	sancta	2441	8.853	14	12	1.376
458	plus2	927	3.362	7	7	1.375
459	latus1	1346	4.882	9	9	1.373
460	claudo	1350	4.896	9	8	1.368
461	eruditio	536	1.944	5	5	1.367
462	cito2	539	1.955	5	4	1.362
463	triginta	1575	5.712	10	10	1.356
464	documentum	740	2.684	6	6	1.354
465	instrumentum	566	2.053	5	5	1.318
466	recondo	566	2.053	5	5	1.318
467	prescientia	969	3.514	7	5	1.317
468	nepos	973	3.529	7	5	1.312
469	desum	2510	9.103	14	12	1.309
470	supra2	3902	14.152	20	14	1.308
471	synodus1	5574	20.216	27	11	1.306
472	decem	3204	11.62	17	17	1.305
473	multus	21416	77.673	90	63	1.299
474	nempe	785	2.847	6	6	1.287
475	condio	1216	4.41	8	8	1.269
476	libellus	1438	5.215	9	9	1.262
477	conficio	1462	5.303	9	8	1.233
478	dispositio	1251	4.537	8	4	1.224
479	nomino	3089	11.203	16	15	1.199
480	ornamentum	854	3.097	6	5	1.185
481	censeo	1504	5.455	9	7	1.182
482	officium	6002	21.768	28	22	1.178
483	typus	863	3.13	6	6	1.172
484	thesaurus	1965	7.127	11	8	1.168
485	quinquaginta	873	3.166	6	6	1.157
486	9	1756	6.369	10	10	1.148
487	subsequor	1534	5.564	9	8	1.145
488	amen	3393	12.306	17	17	1.138
489	approbo	1107	4.015	7	7	1.128
490	denarius2	900	3.264	6	4	1.117
491	notitia	1560	5.658	9	8	1.114
492	discutio	1125	4.08	7	6	1.104
493	siue	22976	83.331	94	62	1.1
494	noto	2965	10.754	15	14	1.096
495	orthodoxus	915	3.319	6	5	1.095
496	perspicio	704	2.553	5	4	1.094
497	solidus2	706	2.561	5	5	1.091
498	aduocatus	710	2.575	5	3	1.084
499	studiosus1	922	3.344	6	6	1.084
500	recito	711	2.579	5	5	1.083
501	reuera	711	2.579	5	5	1.083
502	pono	17333	62.864	72	44	1.077
503	uestimentum	2281	8.273	12	11	1.076
504	charta	720	2.611	5	4	1.068
505	uocatio	938	3.402	6	3	1.061
506	grece	1158	4.2	7	5	1.058
507	adicio	1383	5.016	8	6	1.055
508	prout	1383	5.016	8	8	1.055
509	oraculum	731	2.651	5	5	1.05
510	excedo	947	3.435	6	6	1.047
511	tracto	1848	6.702	10	6	1.043
512	differentia	1173	4.254	7	7	1.038
513	liber2	4479	16.245	21	12	1.038
514	indicium	1176	4.265	7	7	1.034
515	sepe	5477	19.864	25	18	1.027
516	mirabilis	1182	4.287	7	6	1.025
517	indico1	2105	7.635	11	11	1.015
518	ultimus	1647	5.973	9	6	1.009
519	edificatio	764	2.771	5	1	0.997
520	disco	4055	14.707	19	19	0.985
521	adiutorium	1440	5.223	8	7	0.982
522	porrigo1	778	2.822	5	5	0.974
523	memoria	4810	17.445	22	21	0.971
524	transmitto	1001	3.631	6	6	0.967
525	testa	1003	3.638	6	5	0.964
526	deuoro	1004	3.641	6	5	0.963
527	custos	1686	6.115	9	3	0.962
528	sacro	789	2.862	5	5	0.956
529	recipio	7846	28.456	34	28	0.951
530	ianuarius	796	2.887	5	4	0.945
531	floreo	1019	3.696	6	6	0.941
532	pene	2894	10.496	14	13	0.936
533	regnum	16889	61.254	69	39	0.933
534	emendo	1716	6.224	9	8	0.925
535	industria	821	2.978	5	5	0.904
536	computo	842	3.054	5	5	0.87
537	defero	2734	9.916	13	10	0.855
538	incarnatio	2283	8.28	11	10	0.82
539	monachus	5525	20.038	24	16	0.809
540	propono	2062	7.479	10	7	0.797
541	ceterus	13284	48.179	54	40	0.792
542	ceterum	1120	4.062	6	6	0.791
543	uas2	2311	8.382	11	10	0.789
544	ubicumque	895	3.246	5	5	0.784
545	episcopalis	1126	4.084	6	5	0.782
546	saltem	1600	5.803	8	8	0.777
547	ingenium	1372	4.976	7	5	0.765
548	pronuntio	1150	4.171	6	6	0.747
549	cano	1386	5.027	7	7	0.746
550	aptus	1413	5.125	7	7	0.709
551	reseruo	1179	4.276	6	6	0.704
552	colloco	1182	4.287	6	4	0.699
553	consolatio	1431	5.19	7	6	0.684
554	tantum	9319	33.799	38	25	0.682
555	secularis1	2410	8.741	11	10	0.681
556	uanitas	959	3.478	5	4	0.681
557	tabernaculum	2916	10.576	13	6	0.672
558	tot	1684	6.108	8	6	0.669
559	episcopatus	1692	6.137	8	7	0.659
560	materia1	1460	5.295	7	5	0.644
561	magnitudo	1705	6.184	8	7	0.642
562	exprimo	2201	7.983	10	8	0.638
563	transfero	2451	8.889	11	10	0.636
564	paruulus2	990	3.591	5	5	0.63
565	fere	991	3.594	5	5	0.629
566	preter	2710	9.829	12	12	0.627
567	haud	998	3.62	5	5	0.617
568	expedio	1001	3.631	5	5	0.612
569	pulcher	1486	5.39	7	7	0.609
570	necnon	1487	5.393	7	7	0.607
571	accipio	20568	74.597	80	40	0.604
572	cur	3774	13.688	16	14	0.578
573	queo	1026	3.721	5	4	0.572
574	arbitrium	2270	8.233	10	9	0.559
575	an	4310	15.632	18	12	0.558
576	dextera	3030	10.989	13	6	0.558
577	quippe	7694	27.905	31	21	0.556
578	littera	7696	27.912	31	28	0.555
579	postmodo	1777	6.445	8	7	0.55
580	rite	1043	3.783	5	4	0.544
581	medicus2	1043	3.783	5	5	0.544
582	breuis1	1545	5.604	7	7	0.528
583	certe	3334	12.092	14	12	0.51
584	sedeo	5409	19.618	22	15	0.508
585	congruo	1071	3.884	5	5	0.499
586	congrego	3349	12.146	14	14	0.495
587	lucus1	1321	4.791	6	4	0.494
588	exhibeo	3621	13.133	15	11	0.482
589	columna	1084	3.932	5	4	0.478
590	dico3	128642	466.566	477	142	0.478
591	quodammodo	1085	3.935	5	4	0.476
592	conditor	1584	5.745	7	7	0.474
593	hactenus	1334	4.838	6	6	0.474
594	exilium	1097	3.979	5	4	0.457
595	difficilis	1097	3.979	5	5	0.457
596	augeo	1598	5.796	7	6	0.455
597	decurro	1098	3.982	5	5	0.455
598	uarius1	2638	9.568	11	11	0.432
599	uenerandus	1363	4.943	6	5	0.431
600	paradisus	1879	6.815	8	4	0.419
601	porro	2399	8.701	10	9	0.411
602	utilis	1632	5.919	7	7	0.409
603	spiro	1127	4.088	5	5	0.408
604	felix	2663	9.658	11	9	0.405
605	dogma	1640	5.948	7	6	0.398
606	etiam	39518	143.326	148	95	0.384
607	argumentum	1407	5.103	6	6	0.366
608	canonicus1	1154	4.185	5	4	0.364
609	proinde	1159	4.204	5	5	0.356
610	superius	3237	11.74	13	12	0.349
611	solummodo	1434	5.201	6	5	0.326
612	hereo	1183	4.291	5	5	0.317
613	laudo	4595	16.665	18	16	0.315
614	principatus	1194	4.331	5	2	0.299
615	lateo	1456	5.281	6	6	0.294
616	medium	1199	4.349	5	5	0.291
617	propheto	1207	4.378	5	5	0.278
618	mille	3852	13.971	15	12	0.266
619	congruus	1478	5.361	6	6	0.261
620	subiungo	2534	9.19	10	9	0.256
621	arbitror	1750	6.347	7	7	0.247
622	exinde	1244	4.512	5	5	0.218
623	undique	1251	4.537	5	4	0.207
624	uix	1790	6.492	7	7	0.192
625	ordo	10155	36.831	38	29	0.19
626	sex	2330	8.451	9	6	0.183
627	aio	18645	67.623	69	41	0.166
628	perfectio	2371	8.599	9	7	0.134
629	desidero	3198	11.599	12	11	0.116
630	disciplina	2928	10.619	11	10	0.115
631	condicio	1847	6.699	7	7	0.114
632	nitor1	1313	4.762	5	5	0.106
633	repeto	1585	5.749	6	6	0.103
634	tego	1320	4.787	5	5	0.095
635	sensum	2419	8.773	9	9	0.076
636	occurro	2152	7.805	8	7	0.069
637	recedo	3535	12.821	13	12	0.05
638	orno	1621	5.879	6	6	0.049
639	assumo	4097	14.859	15	11	0.036
640	studium	4111	14.91	15	13	0.023
641	abscondo	2190	7.943	8	8	0.02
642	continuo1	1367	4.958	5	4	0.019
643	studeo	3844	13.942	14	13	0.016
644	probo	4948	17.946	18	18	0.013
645	consto	3616	13.115	13	13	-0.032
646	uestis	2231	8.092	8	7	-0.032
647	excipio	1684	6.108	6	6	-0.044
648	retineo	2244	8.139	8	8	-0.049
649	uenerabilis	4191	15.2	15	14	-0.052
650	monstro	2257	8.186	8	7	-0.066
651	securus	1425	5.168	5	5	-0.075
652	exeo	4226	15.327	15	12	-0.084
653	nuncupo	1437	5.212	5	4	-0.095
654	presens	10088	36.588	36	19	-0.098
655	consedeo	1723	6.249	6	5	-0.102
656	indigeo	1443	5.234	5	5	-0.104
657	antea	1450	5.259	5	5	-0.116
658	insinuo	1739	6.307	6	6	-0.125
659	utor	3164	11.475	11	10	-0.143
660	compleo	2602	9.437	9	9	-0.146
661	uiuo	12684	46.003	45	33	-0.15
662	postulo	2606	9.452	9	6	-0.151
663	reprehendo	1473	5.342	5	5	-0.153
664	redemptor	2043	7.41	7	5	-0.155
665	consummo	1759	6.38	6	6	-0.155
666	regula1	4311	15.635	15	12	-0.164
667	cultus2	2356	8.545	8	8	-0.193
668	natiuitas	2360	8.559	8	8	-0.198
669	iuxta1	11099	40.254	39	26	-0.201
670	adhereo	1505	5.458	5	5	-0.205
671	precedo	2652	9.618	9	8	-0.206
672	quondam	2085	7.562	7	7	-0.212
673	uocabulum	1799	6.525	6	6	-0.214
674	sono	1514	5.491	5	5	-0.22
675	ieiunium	2383	8.643	8	7	-0.227
676	coniungo	2118	7.682	7	7	-0.258
677	adiungo	1545	5.604	5	5	-0.27
678	quicumque	9527	34.553	33	22	-0.27
679	imperator	8703	31.565	30	20	-0.286
680	profecto	2155	7.816	7	7	-0.308
681	facile	2448	8.879	8	8	-0.311
682	siquidem	3033	11	10	8	-0.316
683	numquid	2751	9.978	9	8	-0.326
684	concilium	4771	17.304	16	13	-0.326
685	adeo1	1586	5.752	5	5	-0.336
686	hereticus2	3927	14.243	13	11	-0.345
687	olim	2184	7.921	7	7	-0.348
688	itaque	8518	30.894	29	23	-0.352
689	patriarcha	2486	9.016	8	7	-0.359
690	eloquium	2486	9.016	8	8	-0.359
691	opus1	24361	88.354	85	57	-0.364
692	decerno	3657	13.263	12	9	-0.365
693	miro	1905	6.909	6	6	-0.371
694	conscientia	2496	9.053	8	8	-0.372
695	extremus	1915	6.945	6	6	-0.386
696	auris	3705	13.438	12	12	-0.415
697	apud	14047	50.946	48	32	-0.425
698	considero	2835	10.282	9	7	-0.427
699	quapropter	2248	8.153	7	6	-0.436
700	postea	4899	17.768	16	14	-0.442
701	medion	3146	11.41	10	10	-0.446
702	aurum	2563	9.296	8	8	-0.458
703	adhibeo	1665	6.039	5	5	-0.465
704	foris1	1679	6.09	5	5	-0.487
705	contendo	1681	6.097	5	5	-0.49
706	pateo	2889	10.478	9	9	-0.493
707	penite	2590	9.394	8	8	-0.493
708	hic2	9598	34.811	32	27	-0.497
709	mysterium	5257	19.066	17	14	-0.501
710	nimirum	2607	9.455	8	8	-0.514
711	differo	2004	7.268	6	6	-0.518
712	ueraciter	1702	6.173	5	5	-0.525
713	bonus	26208	95.053	90	36	-0.533
714	uisio	2627	9.528	8	6	-0.54
715	insuper1	1715	6.22	5	5	-0.546
716	pars	17433	63.227	59	46	-0.55
717	rector	1719	6.235	5	5	-0.552
718	pondus	1722	6.245	5	4	-0.557
719	fero	7669	27.814	25	19	-0.563
720	tango	2645	9.593	8	8	-0.563
721	arca	2348	8.516	7	7	-0.573
722	supra1	2964	10.75	9	9	-0.583
723	femen	1741	6.314	5	5	-0.588
724	penitentia	8009	29.048	26	14	-0.598
725	teneo	10923	39.616	36	29	-0.603
726	quare	3911	14.185	12	10	-0.631
727	fides	30182	109.466	103	51	-0.637
728	presto2	3023	10.964	9	9	-0.655
729	notus	1790	6.492	5	5	-0.667
730	pastor	3648	13.231	11	10	-0.673
731	nobilis	2434	8.828	7	7	-0.691
732	doceo	10200	36.994	33	28	-0.695
733	uniuersalis	1824	6.615	5	4	-0.722
734	sub	14326	51.958	47	32	-0.723
735	consensus	2152	7.805	6	6	-0.737
736	quamuis	4631	16.796	14	11	-0.747
737	tandem	2476	8.98	7	5	-0.748
738	tollo	2793	10.13	8	5	-0.753
739	quomodo	10295	37.338	33	25	-0.755
740	appeto	1859	6.742	5	5	-0.779
741	doleo	1861	6.75	5	4	-0.782
742	tam	10045	36.432	32	26	-0.783
743	misa	3456	12.534	10	9	-0.801
744	dubito	2518	9.132	7	7	-0.806
745	reliquus	5021	18.21	15	12	-0.829
746	scientia	5333	19.342	16	15	-0.836
747	trado	8965	32.515	28	22	-0.853
748	)	30262	109.756	101	71	-0.871
749	usus	3832	13.898	11	10	-0.874
750	secundum1	20166	73.139	66	50	-0.879
751	sufficio	2918	10.583	8	8	-0.913
752	laus	6034	21.884	18	16	-0.916
753	ut	168062	609.536	587	171	-0.93
754	figura	2940	10.663	8	7	-0.941
755	cura	4219	15.302	12	10	-0.953
756	igitur	11511	41.749	36	27	-0.958
757	locus	27046	98.092	89	60	-0.964
758	nequaquam	3283	11.907	9	9	-0.969
759	decretum	2986	10.83	8	3	-1
760	donum	4909	17.804	14	9	-1.017
761	archiepiscopus	3644	13.216	10	10	-1.017
762	uelut2	5228	18.961	15	13	-1.023
763	auctoritas	8934	32.402	27	25	-1.04
764	hodie	2363	8.57	6	5	-1.049
765	taceo	2071	7.511	5	4	-1.123
766	diuido	3443	12.487	9	8	-1.162
767	natura	10944	39.692	33	17	-1.165
768	bonum	2097	7.606	5	5	-1.165
769	at	3787	13.735	10	7	-1.181
770	uidelicet	10383	37.658	31	22	-1.196
771	alibi	2804	10.17	7	7	-1.198
772	colo2	2118	7.682	5	4	-1.199
773	;	116352	421.992	398	151	-1.203
774	abeo	2123	7.7	5	4	-1.207
775	longe	3815	13.836	10	9	-1.213
776	struo	2489	9.027	6	6	-1.236
777	solus1	8953	32.471	26	24	-1.269
778	augustus1	3199	11.602	8	8	-1.274
779	moueo	3885	14.09	10	5	-1.293
780	sensus	7122	25.83	20	19	-1.304
781	moneo	2562	9.292	6	5	-1.344
782	separo	2582	9.365	6	4	-1.374
783	pontifex	6896	25.011	19	18	-1.379
784	leo	4300	15.596	11	8	-1.386
785	confero	4308	15.625	11	10	-1.394
786	dimitto	5627	20.408	15	13	-1.396
787	curo	3637	13.191	9	8	-1.397
788	etenim	2603	9.441	6	6	-1.405
789	magister2	3647	13.227	9	9	-1.409
790	habeo	59550	215.979	196	111	-1.427
791	clarus	2977	10.797	7	7	-1.435
792	commendo	3669	13.307	9	9	-1.436
793	falsus	3326	12.063	8	7	-1.436
794	interpretor	5357	19.429	14	12	-1.451
795	caueo	2277	8.258	5	5	-1.457
796	nam	23565	85.467	73	45	-1.459
797	paulus	8919	32.348	25	20	-1.47
798	perduco	2286	8.291	5	5	-1.472
799	quantus	4715	17.101	12	12	-1.472
800	iam	20595	74.695	63	47	-1.473
801	apostolus	27482	99.673	86	46	-1.474
802	extra2	2294	8.32	5	4	-1.485
803	nemo	6740	24.445	18	12	-1.519
804	efficio	3399	12.328	8	8	-1.53
805	respondeo	7111	25.791	19	12	-1.558
806	iterum	6856	24.866	18	16	-1.618
807	propterea	3112	11.287	7	7	-1.62
808	licet	5198	18.852	13	13	-1.623
809	deuotio	2396	8.69	5	5	-1.65
810	cupio	3148	11.417	7	7	-1.67
811	procedo	4218	15.298	10	5	-1.675
812	demon	2421	8.781	5	5	-1.691
813	dictum	3527	12.792	8	8	-1.694
814	uterque	7941	28.801	21	17	-1.702
815	diu	2832	10.271	6	6	-1.744
816	testis	2836	10.286	6	6	-1.75
817	prauus	2846	10.322	6	6	-1.764
818	examplum	6710	24.336	17	13	-1.779
819	loquor	15720	57.014	45	38	-1.791
820	conseruo	2483	9.006	5	4	-1.791
821	redeo	5029	18.239	12	11	-1.801
822	consequor	2491	9.035	5	5	-1.804
823	diaconus	3974	14.413	9	7	-1.804
824	presumo	4746	17.213	11	9	-1.873
825	solum1	10488	38.038	28	26	-1.897
826	percutio	3314	12.019	7	5	-1.897
827	inde	7879	28.576	20	18	-1.918
828	custodio2	4080	14.798	9	8	-1.933
829	exsisto	6201	22.49	15	13	-1.934
830	martyr	7254	26.309	18	17	-1.958
831	idolum	2982	10.815	6	6	-1.966
832	intentio	2591	9.397	5	3	-1.966
833	postquam	4115	14.925	9	9	-1.975
834	subicio	3002	10.888	6	6	-1.995
835	confirmo	4512	16.364	10	10	-2.013
836	mereo1	3403	12.342	7	7	-2.019
837	coram2	4891	17.739	11	10	-2.032
838	consentio	3040	11.026	6	4	-2.052
839	unitas	3431	12.444	7	6	-2.058
840	respicio	2660	9.647	5	4	-2.078
841	melius	2662	9.655	5	4	-2.082
842	longus	2662	9.655	5	5	-2.082
843	circa2	3449	12.509	7	7	-2.082
844	numquam	4938	17.909	11	10	-2.083
845	lingua	5301	19.226	12	12	-2.086
846	pascha	2667	9.673	5	2	-2.09
847	predestino	2670	9.684	5	4	-2.095
848	100	3493	12.669	7	7	-2.143
849	labor2	4996	18.12	11	11	-2.147
850	significo	10220	37.066	26	21	-2.17
851	pariter	3123	11.327	6	6	-2.175
852	ualde	3126	11.338	6	6	-2.179
853	utique	5038	18.272	11	10	-2.193
854	pereo	5041	18.283	11	8	-2.196
855	mirus	2751	9.978	5	5	-2.226
856	quisque	7232	26.229	17	16	-2.238
857	regius	2771	10.05	5	4	-2.258
858	huiusmodi	4354	15.791	9	9	-2.264
859	oratio	8345	30.266	20	15	-2.296
860	alius	47026	170.556	143	89	-2.304
861	totus	19267	69.879	53	44	-2.318
862	plenus	5158	18.707	11	11	-2.324
863	templum	6987	25.341	16	9	-2.335
864	remaneo	2821	10.231	5	4	-2.34
865	permaneo	4808	17.438	10	8	-2.352
866	statim	2835	10.282	5	5	-2.362
867	culpa	2844	10.315	5	4	-2.377
868	permitto	4066	14.747	8	8	-2.385
869	offero	7405	26.857	17	16	-2.391
870	uerus	13589	49.285	35	21	-2.415
871	mitto	15279	55.415	40	33	-2.437
872	creatura	4120	14.943	8	7	-2.455
873	intellectus	3313	12.016	6	5	-2.456
874	celestis	9264	33.599	22	16	-2.473
875	abbas	7157	25.957	16	14	-2.489
876	bene	8253	29.932	19	15	-2.508
877	designo	3799	13.778	7	7	-2.562
878	querio	3799	13.778	7	7	-2.562
879	contrarius	3386	12.281	6	6	-2.564
880	gradus	2977	10.797	5	5	-2.593
881	edo1	6571	23.832	14	12	-2.628
882	predicatio	4273	15.498	8	6	-2.651
883	signum	14316	51.922	36	32	-2.654
884	soleo	4683	16.985	9	9	-2.662
885	crimen	3459	12.545	6	6	-2.672
886	amicus2	3053	11.073	5	5	-2.716
887	relinquo	6672	24.198	14	14	-2.726
888	similis	5541	20.096	11	7	-2.743
889	capio1	5156	18.7	10	9	-2.751
890	puer	3939	14.286	7	7	-2.754
891	precapio	3522	12.774	6	5	-2.765
892	filia	3952	14.333	7	4	-2.772
893	accedo	3956	14.348	7	6	-2.777
894	quod	53580	194.327	159	91	-2.802
895	sapiens	3554	12.89	6	6	-2.813
896	iubeo	9352	33.918	21	19	-2.819
897	aduentus	3564	12.926	6	6	-2.828
898	publicus1	3571	12.952	6	6	-2.838
899	necessarius1	3575	12.966	6	6	-2.844
900	iustitia	11209	40.653	26	19	-2.874
901	saluator	5664	20.543	11	8	-2.877
902	admoneo	3156	11.446	5	4	-2.883
903	quantum	5680	20.601	11	10	-2.895
904	comes	4465	16.194	8	6	-2.897
905	statuo	3172	11.504	5	5	-2.909
906	lapis	4057	14.714	7	5	-2.916
907	prohibeo	3670	13.311	6	6	-2.984
908	super	23579	85.518	62	42	-2.987
909	perpetuus	4114	14.921	7	7	-2.994
910	quisquis1	7132	25.867	14	13	-3.172
911	descendo	4258	15.443	7	6	-3.191
912	liceo	4265	15.469	7	7	-3.201
913	error	5140	18.642	9	9	-3.214
914	ecce	7576	27.477	15	12	-3.222
915	minus	3836	13.913	6	6	-3.23
916	qualiter	3848	13.956	6	6	-3.248
917	spiritalis	7657	27.771	15	12	-3.297
918	peto	6871	24.92	13	12	-3.306
919	agnosco	3424	12.418	5	4	-3.318
920	quero	8096	29.363	16	13	-3.341
921	?	41969	152.215	116	60	-3.363
922	quidem	13370	48.491	30	27	-3.376
923	modus	5285	19.168	9	9	-3.389
924	scilicet	11586	42.021	25	21	-3.404
925	mora1	3957	14.352	6	6	-3.409
926	intellego	19060	69.128	46	33	-3.41
927	rogo	4419	16.027	7	7	-3.412
928	appareo	6162	22.349	11	11	-3.422
929	!	3970	14.399	6	6	-3.429
930	deinde	5323	19.306	9	9	-3.435
931	existimo	3501	12.698	5	5	-3.442
932	dolor	3540	12.839	5	5	-3.506
933	species	4029	14.613	6	6	-3.516
934	pertineo	6671	24.195	12	11	-3.52
935	qualis	4107	14.896	6	6	-3.632
936	manus2	17027	61.754	39	30	-3.644
937	addo	4603	16.694	7	6	-3.664
938	celebro	4605	16.702	7	7	-3.667
939	alter	10468	37.966	21	20	-3.702
940	ira	3684	13.361	5	2	-3.739
941	persona	7304	26.491	13	10	-3.742
942	gero	5597	20.3	9	9	-3.767
943	lux	6916	25.083	12	11	-3.777
944	sic	22224	80.603	53	45	-3.792
945	precipio	4246	15.4	6	5	-3.837
946	quando	13356	48.44	28	22	-3.863
947	hostis	6567	23.818	11	10	-3.865
948	constituo	8682	31.488	16	15	-3.872
949	clericus2	5231	18.972	8	7	-3.879
950	nosco	9229	33.472	17	16	-3.995
951	quisquam	3862	14.007	5	5	-4.028
952	conuenio	5358	19.433	8	8	-4.042
953	proficio	3874	14.05	5	5	-4.047
954	episcopus	33792	122.559	85	52	-4.074
955	tribuo	3915	14.199	5	5	-4.114
956	iudeus	14110	51.175	29	24	-4.118
957	panis	5422	19.665	8	8	-4.124
958	imago	5453	19.777	8	4	-4.164
959	magnus	24102	87.414	56	46	-4.198
960	cum2	48101	174.455	127	83	-4.211
961	impius	4519	16.39	6	6	-4.242
962	adhuc	7383	26.777	12	12	-4.266
963	discipulus	4540	16.466	6	6	-4.273
964	sto	5540	20.093	8	8	-4.275
965	impleo	6026	21.855	9	9	-4.285
966	aufero	5062	18.359	7	7	-4.293
967	presbyter	8350	30.284	14	13	-4.352
968	tamquam	5612	20.354	8	7	-4.368
969	communis	4075	14.779	5	4	-4.373
970	paruus	6579	23.861	10	10	-4.383
971	benedico	4618	16.749	6	6	-4.388
972	aliquis	23119	83.849	52	42	-4.417
973	transeo	5664	20.543	8	7	-4.434
974	proprius1	13802	50.058	27	24	-4.437
975	angelus	8495	30.81	14	8	-4.493
976	forma	4151	15.055	5	5	-4.497
977	nunc	13926	50.508	27	22	-4.524
978	diabolus	7654	27.76	12	11	-4.549
979	fors	5763	20.902	8	7	-4.561
980	dominicus1	5771	20.931	8	5	-4.572
981	unusquisque	6766	24.539	10	10	-4.598
982	seruo	7349	26.654	11	10	-4.72
983	mallus1	8278	30.023	13	10	-4.721
984	ualeo	9178	33.287	15	13	-4.722
985	mox	4291	15.563	5	5	-4.724
986	fio	22271	80.774	48	41	-4.73
987	neco	4303	15.606	5	5	-4.743
988	regno	4305	15.614	5	4	-4.747
989	ignis	8316	30.161	13	13	-4.76
990	absque	4330	15.704	5	5	-4.787
991	predico1	7881	28.583	12	11	-4.787
992	res	22399	81.238	48	43	-4.797
993	post2	23168	84.027	50	37	-4.812
994	uir	19443	70.517	40	38	-4.825
995	quatenus	4354	15.791	5	5	-4.826
996	magis	8839	32.058	14	14	-4.826
997	certus	4360	15.813	5	5	-4.836
998	ibi	10625	38.535	18	17	-4.84
999	quoniam	16008	58.059	31	24	-4.86
1000	omnino	4403	15.969	5	5	-4.905
1001	ullus	4970	18.026	6	6	-4.909
1002	dignus	8471	30.723	13	11	-4.916
1003	ante2	12432	45.089	22	16	-4.923
1004	uirgo	7058	25.598	10	10	-4.933
1005	mulier	6577	23.854	9	8	-4.951
1006	ob	5009	18.167	6	6	-4.967
1007	cado	4445	16.121	5	5	-4.974
1008	uxor	6105	22.142	8	8	-5
1009	ratio	9036	32.772	14	12	-5.017
1010	cognosco	10858	39.38	18	16	-5.039
1011	ipse2	84491	306.436	230	131	-5.04
1012	reddo	8605	31.209	13	10	-5.05
1013	cunctus	10019	36.337	16	13	-5.084
1014	enim	66589	241.508	174	97	-5.118
1015	populus1	22668	82.214	47	31	-5.136
1016	uoco	13140	47.657	23	17	-5.141
1017	talis	14475	52.499	26	24	-5.197
1018	sacerdos	12795	46.406	22	21	-5.203
1019	rectus	7826	28.384	11	9	-5.241
1020	tamen	22532	81.72	46	35	-5.267
1021	spiritus	31474	114.152	70	29	-5.277
1022	potius	4633	16.803	5	5	-5.279
1023	sol	5333	19.342	6	6	-5.447
1024	ergo1	29670	107.609	64	45	-5.451
1025	puto	7002	25.395	9	9	-5.465
1026	uero1	35931	130.316	81	64	-5.48
1027	uniuersi	4770	17.3	5	5	-5.501
1028	usque	24197	87.759	49	39	-5.537
1029	passio	7106	25.772	9	8	-5.591
1030	dux1	4842	17.561	5	5	-5.618
1031	gratia2	23297	84.495	46	20	-5.676
1032	homo	47745	173.164	112	48	-5.779
1033	oporteo	5575	20.22	6	6	-5.805
1034	peruenio	6747	24.47	8	7	-5.823
1035	mensis	6191	22.454	7	6	-5.841
1036	eligo	7355	26.676	9	8	-5.892
1037	quis	41464	150.384	93	59	-5.95
1038	si	77083	279.569	196	98	-5.969
1039	annus	23523	85.314	45	32	-6.01
1040	tum	16556	60.046	28	23	-6.056
1041	uolo2	23240	84.288	44	35	-6.074
1042	iustus	15277	55.407	25	15	-6.081
1043	ueritas	13939	50.555	22	16	-6.088
1044	nullus	24241	87.919	46	38	-6.181
1045	uerum1	7601	27.568	9	8	-6.189
1046	concedo	5214	18.91	5	5	-6.221
1047	propter	17688	64.152	30	23	-6.235
1048	urbs	7688	27.883	9	9	-6.294
1049	animus	7777	28.206	9	9	-6.402
1050	quasi	19683	71.387	34	26	-6.412
1051	pater	42897	155.581	93	61	-6.489
1052	scio	13520	49.035	20	19	-6.492
1053	gens	13090	47.476	19	12	-6.533
1054	mons	6752	24.489	7	7	-6.61
1055	dico1	14166	51.378	21	17	-6.629
1056	placeo	6145	22.287	6	6	-6.649
1057	pena	5506	19.969	5	5	-6.695
1058	audio	20164	73.132	34	28	-6.711
1059	pius	8035	29.142	9	9	-6.714
1060	ordino	5530	20.057	5	5	-6.733
1061	inquio	15058	54.613	22	17	-6.953
1062	tempus	29849	108.258	56	43	-6.983
1063	preceptum	7062	25.613	7	7	-7.035
1064	humanus1	10590	38.408	13	11	-7.047
1065	modo2	10590	38.408	13	12	-7.047
1066	quam	41978	152.248	86	67	-7.144
1067	uideo	45783	166.048	96	64	-7.149
1068	suus	117610	426.554	302	133	-7.167
1069	dedo	5825	21.126	5	5	-7.212
1070	nec	57170	207.347	126	78	-7.247
1071	que	76595	277.799	179	109	-7.385
1072	oro	5945	21.562	5	5	-7.407
1073	mors	17655	64.032	26	22	-7.459
1074	uel	61906	224.524	137	76	-7.478
1075	ius1	6001	21.765	5	5	-7.497
1076	cepio	6008	21.79	5	5	-7.509
1077	tantus	12693	46.036	16	14	-7.509
1078	prius	6813	24.71	6	4	-7.638
1079	seculum	10696	38.793	12	12	-7.734
1080	crux	6277	22.766	5	5	-7.945
1081	nascor	7022	25.468	6	6	-7.948
1082	duco	7756	28.13	7	7	-7.986
1083	hora	11585	42.017	13	12	-8.048
1084	anima	20451	74.173	30	24	-8.065
1085	autem	64914	235.434	140	78	-8.066
1086	nihil	13404	48.614	16	15	-8.154
1087	iudicium	15105	54.784	19	19	-8.209
1088	atque	64010	232.155	136	89	-8.245
1089	summus	6483	23.513	5	5	-8.279
1090	aut	34719	125.921	61	36	-8.312
1091	uenio	11378	41.266	12	9	-8.448
1092	pecco	6588	23.894	5	4	-8.45
1093	malus1	7711	27.967	6	6	-8.968
1094	do	28094	101.893	43	35	-8.981
1095	potestas	9926	36	9	8	-9
1096	ipse1	9945	36.069	9	9	-9.023
1097	debeo	23501	85.235	33	25	-9.093
1098	monasterium	10117	36.693	9	8	-9.231
1099	dum	18066	65.523	22	19	-9.279
1100	nolo	10171	36.889	9	7	-9.296
1101	uox	10981	39.827	10	9	-9.432
1102	ero	26515	96.166	38	30	-9.436
1103	suscipio	10308	37.386	9	9	-9.462
1104	celum	17298	62.737	20	15	-9.556
1105	ille2	110466	400.644	247	136	-9.776
1106	ideo	14608	52.981	15	15	-9.807
1107	apostolicus	9163	33.233	7	7	-9.915
1108	corpus	25509	92.517	34	24	-10.036
1109	possum	56956	206.571	104	81	-10.058
1110	oculus	9410	34.129	7	7	-10.254
1111	cum1	70084	254.184	135	95	-10.258
1112	honor	9422	34.172	7	7	-10.27
1113	facio	73916	268.082	144	104	-10.34
1114	omnis	114016	413.519	250	139	-10.342
1115	frater	19042	69.063	21	17	-10.488
1116	a	138248	501.405	315	182	-10.503
1117	tuus	47270	171.441	78	57	-10.58
1118	casa	14857	53.884	14	12	-10.659
1119	ad	177121	642.392	422	181	-10.728
1120	dies	35444	128.55	51	33	-10.859
1121	mundus2	15073	54.668	14	13	-10.869
1122	nisi	22453	81.434	26	24	-10.871
1123	ne2	26592	96.445	33	28	-11.044
1124	noster	59504	215.812	103	72	-11.116
1125	et	725333	2630.675	2118	402	-11.14
1126	sedes	9426	34.187	6	5	-11.507
1127	iudico	9448	34.267	6	6	-11.54
1128	sum	524045	1900.634	1457	336	-11.622
1129	princeps	10481	38.013	7	7	-11.722
1130	morior	8639	31.332	5	5	-11.776
1131	domina	8868	32.163	5	5	-12.148
1132	pro	43480	157.696	62	45	-12.153
1133	quia	98686	357.92	188	89	-12.393
1134	eternus	16006	58.051	13	13	-12.495
1135	diligo	9322	33.81	5	5	-12.884
1136	futurus	9511	34.495	5	5	-13.191
1137	credo2	21895	79.41	20	16	-13.284
1138	ago	19103	69.284	16	15	-13.321
1139	sed	101708	368.88	184	119	-13.63
1140	aqua	10006	36.29	5	5	-13.993
1141	peccatum	26411	95.789	25	23	-14.158
1142	uirtus	20802	75.446	17	16	-14.175
1143	caritas	10145	36.794	5	3	-14.219
1144	uoluntas	11264	40.853	6	5	-14.229
1145	fidelis	12503	45.347	7	7	-14.494
1146	christus	59315	215.127	83	53	-14.503
1147	domus	13754	49.884	8	8	-14.808
1148	ego	60664	220.019	82	58	-15.242
1149	per	98723	358.054	163	106	-15.278
1150	ueneo	18864	68.417	13	10	-15.37
1151	semper	14444	52.386	8	8	-15.693
1152	ecclesia	50122	181.785	60	43	-15.722
1153	tu	47761	173.222	54	45	-16.224
1154	,	2210261	8016.289	6686	591	-16.269
1155	uester	24118	87.472	18	15	-16.375
1156	gloria	11706	42.456	5	5	-16.751
1157	nos	57619	208.976	69	48	-16.851
1158	mens	14696	53.3	7	7	-17.5
1159	filius	50031	181.455	53	41	-17.645
1160	dominus	89984	326.359	126	82	-17.849
1161	sine	17513	63.517	9	8	-18.172
1162	terra	26620	96.547	17	12	-19.293
1163	se	80262	291.098	92	65	-20.757
1164	uos	35822	129.921	25	21	-20.984
1165	meus	41617	150.939	31	22	-21.542
1166	deus	140088	508.078	193	99	-22.68
1167	is2	288636	1046.84	505	214	-24.112
1168	caro2	18153	65.838	6	6	-24.429
1169	cor	20900	75.801	7	7	-26.004
1170	non	212441	770.492	301	157	-27.061
