No.	lemma	Total no. in this subcorpus	Expected collocate frequency	Observed collocate frequency	In no. of texts	Mutual information value
1	hypomnesticon	37	0.134	27	3	7.652
2	georgicus	7	0.025	5	4	7.621
3	lasciuus2	12	0.044	7	6	7.33
4	enchiridion	74	0.268	38	18	7.145
5	dialogus	153	0.555	60	38	6.757
6	antapodosis	16	0.058	6	2	6.693
7	moralis	382	1.386	123	40	6.472
8	fulgenter	85	0.308	22	14	6.157
9	retractatio	136	0.493	34	14	6.107
10	acta2	37	0.134	9	3	6.067
11	moralia	87	0.316	21	10	6.057
12	diuinus2	40	0.145	9	8	5.955
13	apocryphicus	162	0.588	35	15	5.897
14	epigramma	42	0.152	9	3	5.885
15	explicit	202	0.733	42	25	5.841
16	hermes	55	0.2	11	9	5.785
17	philos	27	0.098	5	4	5.674
18	areopagites	117	0.424	21	6	5.629
19	prologus	259	0.939	46	26	5.614
20	historicus2	42	0.152	7	4	5.522
21	musaicus	122	0.443	20	11	5.498
22	missalis	62	0.225	10	8	5.475
23	genesis	802	2.909	124	76	5.414
24	falso2	68	0.247	10	4	5.342
25	illustris1	35	0.127	5	5	5.3
26	leuiticus	390	1.415	51	25	5.172
27	apologeticus	58	0.21	7	6	5.056
28	authenticus	145	0.526	17	15	5.015
29	sigale	94	0.341	11	8	5.012
30	fastus1	43	0.156	5	4	5.002
31	deuteronomium	394	1.429	43	26	4.911
32	exodium	598	2.169	65	39	4.905
33	appendix	129	0.468	14	3	4.903
34	antiquitas	326	1.182	35	24	4.888
35	prefatio	628	2.278	66	39	4.857
36	etymologia	154	0.559	16	13	4.84
37	flosculus	49	0.178	5	5	4.814
38	pentateuchum	50	0.181	5	4	4.785
39	manuscriptum	80	0.29	8	6	4.785
40	computus	110	0.399	11	5	4.785
41	excerptio	166	0.602	16	14	4.732
42	uaro2	52	0.189	5	5	4.729
43	commentarium	286	1.037	27	17	4.702
44	pretitulo	53	0.192	5	5	4.701
45	inscribo	321	1.164	30	24	4.688
46	titulo	129	0.468	12	8	4.681
47	additio	100	0.363	9	4	4.633
48	pelagium	59	0.214	5	2	4.546
49	didymus	71	0.258	6	6	4.542
50	adulterinus	119	0.432	10	5	4.534
51	pleuio	72	0.261	6	5	4.522
52	ambrosius	976	3.54	78	32	4.462
53	perseuerantia	551	1.998	43	8	4.427
54	premium2	90	0.326	7	7	4.423
55	uicesimus	821	2.978	63	23	4.403
56	sexto	655	2.376	50	27	4.396
57	penitentialis	200	0.725	15	5	4.37
58	explanatio	217	0.787	16	11	4.346
59	astipulor	68	0.247	5	4	4.342
60	chronicus	141	0.511	10	8	4.289
61	decimus	1884	6.833	130	39	4.25
62	excerpo	167	0.606	11	9	4.183
63	clausula	78	0.283	5	5	4.144
64	conferuefacio	143	0.519	9	5	4.117
65	lapsi	257	0.932	16	6	4.101
66	philosophicus	98	0.355	6	4	4.077
67	tripartitus	98	0.355	6	5	4.077
68	capitulare	182	0.66	11	5	4.059
69	capitulum	3551	12.879	212	58	4.041
70	pastoralis	528	1.915	31	16	4.017
71	ecclesiastes2	103	0.374	6	5	4.005
72	historia	2949	10.696	170	82	3.99
73	correptio	703	2.55	40	8	3.972
74	auctus1	141	0.511	8	8	3.967
75	uolumen	1144	4.149	64	36	3.947
76	quinque	3634	13.18	201	76	3.931
77	capitularis1	318	1.153	17	8	3.882
78	gista	152	0.551	8	3	3.859
79	deleo	1477	5.357	76	47	3.827
80	coniugalis1	214	0.776	11	2	3.825
81	elegans	139	0.504	7	5	3.796
82	editus1	159	0.577	8	7	3.794
83	hilariter	259	0.939	13	6	3.791
84	secundus	7209	26.146	361	159	3.787
85	faustus	220	0.798	11	8	3.785
86	aris	100	0.363	5	5	3.785
87	conscribo	1267	4.595	62	48	3.754
88	expositio	1004	3.641	49	37	3.75
89	decerpo	123	0.446	6	6	3.75
90	duodecimus	433	1.57	21	13	3.741
91	edo2	1164	4.222	55	42	3.704
92	prolixitas	192	0.696	9	5	3.692
93	lego1	1284	4.657	59	43	3.663
94	index	218	0.791	10	9	3.661
95	quartus	4056	14.711	182	86	3.629
96	lego2	9617	34.879	422	175	3.597
97	quintus	2584	9.372	113	52	3.592
98	tricesimus	620	2.249	27	9	3.586
99	incipio	3936	14.275	169	76	3.565
100	octauo	691	2.506	29	21	3.532
101	exaro	336	1.219	14	13	3.522
102	septimus1	2325	8.432	96	50	3.509
103	tractatus	659	2.39	27	23	3.498
104	apocalypsis	859	3.116	35	26	3.49
105	undecimus	552	2.002	22	14	3.458
106	commentum	201	0.729	8	5	3.456
107	mentio	635	2.303	25	21	3.44
108	scriptor	910	3.3	35	23	3.407
109	reparatio	214	0.776	8	2	3.366
110	1	3478	12.614	130	53	3.365
111	predestinatio	2248	8.153	84	26	3.365
112	exordium	953	3.456	35	26	3.34
113	questio1	1633	5.923	59	26	3.316
114	hierarchia	418	1.516	15	6	3.307
115	item	9686	35.13	341	57	3.279
116	prosper	1612	5.847	56	16	3.26
117	tertius	7799	28.286	266	116	3.233
118	scribo1	20693	75.05	692	214	3.205
119	edissero	150	0.544	5	5	3.2
120	uetustus	283	1.026	9	7	3.132
121	quattuor	5642	20.463	179	71	3.129
122	catalogus	319	1.157	10	7	3.112
123	propheticus	1117	4.051	35	24	3.111
124	pontificalis	546	1.98	17	6	3.102
125	canticus	546	1.98	17	11	3.102
126	beda	1356	4.918	41	20	3.059
127	signaculum	465	1.687	14	13	3.053
128	disputatio	600	2.176	18	12	3.048
129	retracto	304	1.103	9	6	3.029
130	primus	14793	53.652	435	177	3.019
131	totidem	347	1.259	10	9	2.99
132	octauus	592	2.147	17	12	2.985
133	prefixus	279	1.012	8	7	2.983
134	gesta	1158	4.2	33	23	2.974
135	precedens	704	2.553	20	13	2.97
136	ueteres	678	2.459	19	16	2.95
137	pleniter	1576	5.716	44	30	2.944
138	trinitas	4195	15.215	116	38	2.931
139	sedecim	187	0.678	5	3	2.882
140	explano	412	1.494	11	9	2.88
141	commemoro	1690	6.129	45	26	2.876
142	prenoto	189	0.686	5	5	2.867
143	elogium	190	0.689	5	5	2.859
144	lectio	2600	9.43	68	36	2.85
145	edictum	613	2.223	16	15	2.847
146	inuoluo	652	2.365	17	7	2.846
147	ecclesiasticus1	5501	19.951	143	77	2.841
148	numerus	8610	31.227	223	71	2.836
149	homilia	934	3.388	24	17	2.825
150	prouerbium	552	2.002	14	12	2.806
151	manicheius	282	1.023	7	6	2.775
152	aperio	4103	14.881	101	46	2.763
153	33	246	0.892	6	2	2.75
154	narro	3019	10.95	73	34	2.737
155	bibliotheca	458	1.661	11	9	2.727
156	christiana	300	1.088	7	5	2.686
157	nauis	1850	6.71	43	27	2.68
158	disputo	997	3.616	23	12	2.669
159	philosophus1	217	0.787	5	5	2.667
160	canonicus2	913	3.311	21	14	2.665
161	exsto	744	2.698	17	14	2.655
162	contineo	4468	16.205	102	70	2.654
163	29	358	1.298	8	7	2.623
164	series	627	2.274	14	13	2.622
165	scottus	314	1.139	7	3	2.62
166	institutio	949	3.442	21	15	2.609
167	agnellus	546	1.98	12	2	2.599
168	indo	275	0.997	6	5	2.589
169	compono	2568	9.314	56	40	2.588
170	prophetia	1744	6.325	38	22	2.587
171	sufficienter	369	1.338	8	8	2.58
172	gratis	946	3.431	20	6	2.543
173	generatio	2678	9.713	56	29	2.527
174	peritus	383	1.389	8	8	2.526
175	memini	1496	5.426	31	24	2.514
176	22	483	1.752	10	9	2.513
177	describo	2081	7.548	43	37	2.51
178	philosophus2	726	2.633	15	13	2.51
179	hebraicus	973	3.529	20	11	2.503
180	iudex	5361	19.444	110	51	2.5
181	prefatus1	3657	13.263	75	34	2.499
182	nonus	2221	8.055	45	25	2.482
183	copia	1190	4.316	24	20	2.475
184	theologia	298	1.081	6	3	2.473
185	dissero2	448	1.625	9	7	2.47
186	repetitio	249	0.903	5	4	2.469
187	aliquot	502	1.821	10	8	2.457
188	textus	353	1.28	7	5	2.451
189	historicus1	253	0.918	5	5	2.446
190	distinguo	963	3.493	19	17	2.444
191	hamus	357	1.295	7	5	2.435
192	ascribo	825	2.992	16	14	2.419
193	uulgo2	258	0.936	5	4	2.418
194	penuria	258	0.936	5	4	2.418
195	32	260	0.943	5	3	2.407
196	collatio	313	1.135	6	5	2.402
197	multoties	261	0.947	5	3	2.401
198	sextus	2095	7.598	40	27	2.396
199	adnoto	420	1.523	8	8	2.393
200	25	423	1.534	8	4	2.383
201	inuentio	266	0.965	5	5	2.374
202	arrianus	538	1.951	10	5	2.358
203	titulus	1835	6.655	34	25	2.353
204	octoginta	384	1.393	7	7	2.329
205	caput	17026	61.751	308	92	2.318
206	quattuordecim	277	1.005	5	4	2.315
207	actus	3384	12.273	61	36	2.313
208	quantitas	786	2.851	14	10	2.296
209	interpres	619	2.245	11	10	2.293
210	uetus	4403	15.969	78	49	2.288
211	idem2	43462	157.63	766	165	2.281
212	expono	3296	11.954	58	39	2.279
213	recenseo	341	1.237	6	5	2.278
214	memoro	3082	11.178	54	24	2.272
215	testor	2767	10.036	48	40	2.258
216	miraculum	1579	5.727	27	17	2.237
217	expando2	351	1.273	6	3	2.237
218	quotienscumque	293	1.063	5	5	2.234
219	4	3774	13.688	63	37	2.202
220	signo	2460	8.922	41	21	2.2
221	superus	2965	10.754	49	28	2.188
222	opusculum	728	2.64	12	8	2.184
223	prior	4247	15.403	70	27	2.184
224	testamentum	4862	17.634	80	44	2.182
225	anterior	306	1.11	5	5	2.172
226	beatus	22102	80.161	360	120	2.167
227	euangelium	10708	38.836	174	77	2.164
228	2	4069	14.758	66	39	2.161
229	folium	564	2.046	9	8	2.137
230	partim	888	3.221	14	11	2.12
231	uiginti	2038	7.392	32	18	2.114
232	rex	31400	113.883	492	122	2.111
233	canonica1	512	1.857	8	6	2.107
234	eruditus1	644	2.336	10	9	2.098
235	breuiter	1231	4.465	19	16	2.089
236	de	136672	495.689	2086	342	2.073
237	3	4170	15.124	63	36	2.059
238	sapientia	8726	31.648	131	78	2.049
239	flagito	402	1.458	6	5	2.041
240	pando1	479	1.737	7	6	2.011
241	psalterium	548	1.988	8	8	2.009
242	reperio	3975	14.417	58	41	2.008
243	contemptor	343	1.244	5	2	2.007
244	heresis	1462	5.303	21	12	1.986
245	legens	492	1.784	7	7	1.972
246	figurate	355	1.288	5	3	1.957
247	lector	1435	5.205	20	17	1.942
248	agnos	943	3.42	13	9	1.926
249	solido	365	1.324	5	3	1.917
250	termino	660	2.394	9	5	1.911
251	pluralis	369	1.338	5	4	1.902
252	sequens	1845	6.692	25	20	1.902
253	relego1	443	1.607	6	6	1.901
254	religio	3054	11.076	41	22	1.888
255	monumentum	1118	4.055	15	11	1.887
256	plerique	748	2.713	10	9	1.882
257	decalogus	377	1.367	5	4	1.871
258	breuitas	454	1.647	6	6	1.865
259	illuster	681	2.47	9	9	1.865
260	partio1	380	1.378	5	5	1.859
261	liber1	12354	44.806	162	39	1.854
262	comburo	614	2.227	8	6	1.845
263	uocatus	768	2.785	10	7	1.844
264	26	385	1.396	5	4	1.84
265	insero1	1473	5.342	19	17	1.83
266	plures	2957	10.725	38	22	1.825
267	codex	2028	7.355	26	21	1.822
268	explecto	1331	4.827	17	17	1.816
269	euidenter	948	3.438	12	10	1.803
270	auctor	4106	14.892	51	38	1.776
271	principium	3225	11.697	40	27	1.774
272	subdiaconus	405	1.469	5	3	1.767
273	demonstro	4132	14.986	51	37	1.767
274	carmen	1216	4.41	15	14	1.766
275	complecto	487	1.766	6	4	1.764
276	declaro	1798	6.521	22	17	1.754
277	en	491	1.781	6	5	1.752
278	10	2211	8.019	27	16	1.751
279	finis	10813	39.217	131	69	1.74
280	in	463796	1682.119	5543	485	1.72
281	diuinus1	20429	74.093	244	122	1.719
282	appello1	6044	21.921	72	33	1.716
283	collectio	423	1.534	5	5	1.704
284	condo	1272	4.613	15	14	1.701
285	16	1018	3.692	12	8	1.701
286	nusquam	679	2.463	8	7	1.7
287	reuoluo	427	1.549	5	5	1.691
288	relego2	428	1.552	5	5	1.688
289	agon	514	1.864	6	5	1.686
290	editio	686	2.488	8	7	1.685
291	octo1	1632	5.919	19	15	1.683
292	11	1487	5.393	17	14	1.656
293	7	2452	8.893	28	15	1.655
294	responsio	969	3.514	11	4	1.646
295	prudenter	530	1.922	6	5	1.642
296	5	3578	12.977	40	23	1.624
297	ethereus	449	1.629	5	1	1.618
298	coniugium	1348	4.889	15	7	1.617
299	doctor	5048	18.308	56	32	1.613
300	nouem	997	3.616	11	9	1.605
301	narratio	638	2.314	7	7	1.597
302	gentilis	2574	9.336	28	23	1.585
303	synodalis1	460	1.668	5	3	1.583
304	quot	1014	3.678	11	11	1.581
305	nuptie	1391	5.045	15	4	1.572
306	uersus2	2043	7.41	22	19	1.57
307	sententia	8224	29.827	87	49	1.544
308	duodecim	2409	8.737	25	19	1.517
309	scruto	677	2.455	7	7	1.511
310	initium	3538	12.832	36	27	1.488
311	egredior	3145	11.406	32	9	1.488
312	numero1	789	2.862	8	8	1.483
313	stilus	593	2.151	6	6	1.48
314	omitto	893	3.239	9	8	1.474
315	copiosus	696	2.524	7	5	1.471
316	uirginitas	798	2.894	8	5	1.467
317	propheta	14538	52.727	145	69	1.459
318	seruus2	9225	33.458	92	60	1.459
319	sacerdotalis	1507	5.466	15	11	1.456
320	contra2	15581	56.51	154	54	1.446
321	lex	23038	83.555	226	98	1.436
322	creber	619	2.245	6	5	1.418
323	ciuitas	12845	46.587	124	50	1.412
324	clemens	1039	3.768	10	9	1.408
325	psalmus	6551	23.76	63	37	1.407
326	latinus	937	3.398	9	9	1.405
327	hymnus	1043	3.783	10	8	1.402
328	persus	526	1.908	5	5	1.39
329	aperte	2530	9.176	24	18	1.387
330	septem	4445	16.121	42	24	1.381
331	euangelista	2646	9.597	25	19	1.381
332	antiquus	4057	14.714	38	31	1.369
333	eruditio	536	1.944	5	5	1.363
334	cito2	539	1.955	5	4	1.355
335	diuisio	1294	4.693	12	7	1.354
336	tres	11031	40.008	102	61	1.35
337	-	356744	1293.858	3292	399	1.347
338	8	2494	9.045	23	15	1.346
339	20	764	2.771	7	5	1.337
340	epistola	8199	29.737	75	44	1.335
341	soluo	4073	14.772	37	29	1.325
342	legalis	771	2.796	7	6	1.324
343	supradictus	1329	4.82	12	11	1.316
344	apertus	1441	5.226	13	11	1.315
345	laqueus	1113	4.037	10	10	1.309
346	iste1	2466	8.944	22	15	1.299
347	finio	2137	7.751	19	17	1.294
348	refero	6201	22.49	55	42	1.29
349	constitutio	1241	4.501	11	9	1.289
350	18	904	3.279	8	7	1.287
351	inchoo	1018	3.692	9	8	1.285
352	instrumentum	566	2.053	5	5	1.284
353	recondo	566	2.053	5	5	1.284
354	aduersus2	3751	13.604	33	25	1.278
355	testimonium	6030	21.87	53	38	1.277
356	obscurus	803	2.912	7	7	1.265
357	euangelicus	1607	5.828	14	12	1.264
358	duo	16653	60.398	145	78	1.263
359	edoceo	804	2.916	7	6	1.263
360	egregius	1265	4.588	11	11	1.262
361	sanctus2	10126	36.726	88	43	1.261
362	benedictus	2312	8.385	20	6	1.254
363	centum	1544	5.6	13	11	1.215
364	baptismum	3341	12.117	28	18	1.208
365	manifesto2	2626	9.524	22	10	1.208
366	insignis	836	3.032	7	6	1.207
367	nonnulli	2400	8.704	20	18	1.2
368	translatio	840	3.047	7	6	1.2
369	15	1323	4.798	11	8	1.197
370	diligenter	2553	9.259	21	19	1.181
371	aduersus3	2204	7.994	18	4	1.171
372	ex	66613	241.596	544	184	1.171
373	unus	37779	137.019	308	74	1.169
374	documentum	740	2.684	6	6	1.161
375	comprobo	1126	4.084	9	9	1.14
376	12	2009	7.286	16	14	1.135
377	sacramentum	5790	21	46	31	1.131
378	octauum2	1007	3.652	8	8	1.131
379	inter	18369	66.622	145	70	1.122
380	frequenter	1528	5.542	12	11	1.115
381	impono	2579	9.354	20	10	1.096
382	tabula	1046	3.794	8	7	1.076
383	nempe	785	2.847	6	6	1.075
384	sermo	9216	33.425	70	41	1.066
385	satis	3302	11.976	25	19	1.062
386	origo	1323	4.798	10	10	1.059
387	plus2	927	3.362	7	7	1.058
388	tronus	1193	4.327	9	9	1.057
389	colligo2	3327	12.067	25	22	1.051
390	canon	4285	15.541	32	24	1.042
391	quoque	16521	59.919	122	70	1.026
392	concludo	1222	4.432	9	7	1.022
393	debitum	1358	4.925	10	6	1.022
394	perhibeo	1634	5.926	12	8	1.018
395	preterea	1228	4.454	9	8	1.015
396	plaga1	1777	6.445	13	13	1.012
397	miracula	1918	6.956	14	9	1.009
398	multiplex	1235	4.479	9	9	1.007
399	prescientia	969	3.514	7	5	0.994
400	nepos	973	3.529	7	5	0.988
401	hinc	7125	25.841	51	29	0.981
402	integer	2659	9.644	19	17	0.978
403	perspicio	704	2.553	5	4	0.97
404	solidus2	706	2.561	5	5	0.965
405	aduocatus	710	2.575	5	3	0.957
406	reuera	711	2.579	5	5	0.955
407	recito	711	2.579	5	5	0.955
408	ornamentum	854	3.097	6	5	0.954
409	scriptura	9540	34.6	67	43	0.953
410	scriptum	1427	5.176	10	10	0.95
411	typus	863	3.13	6	6	0.939
412	argentum	1871	6.786	13	9	0.938
413	charta	720	2.611	5	4	0.937
414	uita	30381	110.187	210	131	0.93
415	mendacium	1737	6.3	12	10	0.93
416	sanctus1	70547	255.864	486	141	0.926
417	quinquaginta	873	3.166	6	6	0.922
418	premitto	1752	6.354	12	12	0.917
419	oraculum	731	2.651	5	5	0.915
420	marca2	1320	4.787	9	8	0.911
421	paganus	1472	5.339	10	9	0.905
422	assero1	2209	8.012	15	15	0.905
423	pagina	1627	5.901	11	10	0.898
424	mortuus	6656	24.14	45	30	0.898
425	septuaginta	1934	7.014	13	8	0.89
426	sicut	41928	152.067	281	119	0.886
427	latus1	1346	4.882	9	9	0.883
428	inuenio	15419	55.922	103	76	0.881
429	claudo	1350	4.896	9	8	0.878
430	primum	5850	21.217	39	30	0.878
431	denarius2	900	3.264	6	4	0.878
432	affero	2110	7.653	14	8	0.871
433	canticum	1965	7.127	13	10	0.867
434	condio	1216	4.41	8	8	0.859
435	orthodoxus	915	3.319	6	5	0.854
436	edificatio	764	2.771	5	1	0.852
437	sacer	11163	40.487	73	56	0.85
438	paucus	3823	13.866	25	17	0.85
439	christianus1	5821	21.112	38	33	0.848
440	studiosus1	922	3.344	6	6	0.843
441	posterus	1849	6.706	12	9	0.84
442	manifestus	4330	15.704	28	23	0.834
443	quadraginta	1702	6.173	11	9	0.833
444	porrigo1	778	2.822	5	5	0.825
445	uocatio	938	3.402	6	3	0.819
446	dispositio	1251	4.537	8	4	0.818
447	iste2	20938	75.939	133	81	0.809
448	triginta	1575	5.712	10	10	0.808
449	sacro	789	2.862	5	5	0.805
450	excedo	947	3.435	6	6	0.805
451	approbo	1107	4.015	7	7	0.802
452	intus1	1906	6.913	12	8	0.796
453	ianuarius	796	2.887	5	4	0.792
454	mysticus	2232	8.095	14	11	0.79
455	libellus	1438	5.215	9	9	0.787
456	precipuus	2237	8.113	14	13	0.787
457	discutio	1125	4.08	7	6	0.779
458	diuersus	6111	22.164	38	33	0.778
459	conficio	1462	5.303	9	8	0.763
460	industria	821	2.978	5	5	0.748
461	pre1	2138	7.754	13	7	0.745
462	plurimus	4294	15.574	26	24	0.739
463	terminus	2478	8.987	15	11	0.739
464	:	232010	841.466	1404	243	0.739
465	grece	1158	4.2	7	5	0.737
466	transmitto	1001	3.631	6	6	0.725
467	censeo	1504	5.455	9	7	0.722
468	testa	1003	3.638	6	5	0.722
469	deuoro	1004	3.641	6	5	0.72
470	papa	6029	21.866	36	28	0.719
471	differentia	1173	4.254	7	7	0.718
472	ita	28529	103.471	170	87	0.716
473	indicium	1176	4.265	7	7	0.715
474	computo	842	3.054	5	5	0.711
475	mirabilis	1182	4.287	7	6	0.707
476	confessio	3889	14.105	23	15	0.705
477	ars	2369	8.592	14	13	0.704
478	floreo	1019	3.696	6	6	0.699
479	subsequor	1534	5.564	9	8	0.694
480	prout	1383	5.016	8	8	0.673
481	adicio	1383	5.016	8	6	0.673
482	notitia	1560	5.658	9	8	0.67
483	sancta	2441	8.853	14	12	0.661
484	comprehendo	2619	9.499	15	14	0.659
485	predictus	5771	20.931	33	26	0.657
486	9	1756	6.369	10	10	0.651
487	profero	4745	17.209	27	23	0.65
488	denique	3179	11.53	18	17	0.643
489	thesaurus	1965	7.127	11	8	0.626
490	ubicumque	895	3.246	5	5	0.623
491	desum	2510	9.103	14	12	0.621
492	adiutorium	1440	5.223	8	7	0.615
493	(	30251	109.716	167	72	0.606
494	nouus	9489	34.415	52	38	0.595
495	ultimus	1647	5.973	9	6	0.591
496	unde	25621	92.924	139	69	0.581
497	maxime	3871	14.04	21	20	0.581
498	tracto	1848	6.702	10	6	0.577
499	ceterum	1120	4.062	6	6	0.563
500	custos	1686	6.115	9	3	0.558
501	bellum	3563	12.923	19	15	0.556
502	episcopalis	1126	4.084	6	5	0.555
503	decem	3204	11.62	17	17	0.549
504	uestimentum	2281	8.273	12	11	0.537
505	emendo	1716	6.224	9	8	0.532
506	indico1	2105	7.635	11	11	0.527
507	catholicus	5746	20.84	30	19	0.526
508	uis	7470	27.093	39	20	0.526
509	pronuntio	1150	4.171	6	6	0.525
510	uanitas	959	3.478	5	4	0.524
511	similiter	5771	20.931	30	25	0.519
512	nomino	3089	11.203	16	15	0.514
513	nomen	25313	91.807	131	87	0.513
514	sumo	4460	16.176	23	19	0.508
515	supra2	3902	14.152	20	14	0.499
516	ingenium	1372	4.976	7	5	0.492
517	reseruo	1179	4.276	6	6	0.489
518	colloco	1182	4.287	6	4	0.485
519	noto	2965	10.754	15	14	0.48
520	cano	1386	5.027	7	7	0.478
521	paruulus2	990	3.591	5	5	0.478
522	fere	991	3.594	5	5	0.476
523	amen	3393	12.306	17	17	0.466
524	haud	998	3.62	5	5	0.466
525	saltem	1600	5.803	8	8	0.463
526	expedio	1001	3.631	5	5	0.462
527	doctrina	7028	25.49	35	28	0.457
528	aptus	1413	5.125	7	7	0.45
529	consolatio	1431	5.19	7	6	0.432
530	queo	1026	3.721	5	4	0.426
531	propono	2062	7.479	10	7	0.419
532	synodus1	5574	20.216	27	11	0.417
533	pene	2894	10.496	14	13	0.416
534	incarnatio	2283	8.28	11	10	0.41
535	singulus	7284	26.418	35	21	0.406
536	materia1	1460	5.295	7	5	0.403
537	rite	1043	3.783	5	4	0.402
538	medicus2	1043	3.783	5	5	0.402
539	quidam	24360	88.35	116	78	0.393
540	uas2	2311	8.382	11	10	0.392
541	defero	2734	9.916	13	10	0.391
542	tot	1684	6.108	8	6	0.389
543	ostendo	14357	52.071	68	39	0.385
544	episcopatus	1692	6.137	8	7	0.383
545	pulcher	1486	5.39	7	7	0.377
546	necnon	1487	5.393	7	7	0.376
547	hic1	15083	54.704	71	48	0.376
548	.	894868	3245.554	4209	449	0.375
549	magnitudo	1705	6.184	8	7	0.372
550	liber2	4479	16.245	21	12	0.37
551	disco	4055	14.707	19	19	0.37
552	congruo	1071	3.884	5	5	0.364
553	officium	6002	21.768	28	22	0.363
554	sequor	15585	56.525	72	48	0.349
555	columna	1084	3.932	5	4	0.347
556	quodammodo	1085	3.935	5	4	0.346
557	memoria	4810	17.445	22	21	0.335
558	sepe	5477	19.864	25	18	0.332
559	secularis1	2410	8.741	11	10	0.332
560	hic3	167450	607.316	764	237	0.331
561	exilium	1097	3.979	5	4	0.33
562	difficilis	1097	3.979	5	5	0.33
563	decurro	1098	3.982	5	5	0.328
564	exprimo	2201	7.983	10	8	0.325
565	lucus1	1321	4.791	6	4	0.325
566	breuis1	1545	5.604	7	7	0.321
567	postmodo	1777	6.445	8	7	0.312
568	hactenus	1334	4.838	6	6	0.31
569	transfero	2451	8.889	11	10	0.307
570	tabernaculum	2916	10.576	13	6	0.298
571	spiro	1127	4.088	5	5	0.291
572	preter	2710	9.829	12	12	0.288
573	conditor	1584	5.745	7	7	0.285
574	arbitrium	2270	8.233	10	9	0.281
575	uenerandus	1363	4.943	6	5	0.279
576	augeo	1598	5.796	7	6	0.272
577	monachus	5525	20.038	24	16	0.26
578	recipio	7846	28.456	34	28	0.257
579	canonicus1	1154	4.185	5	4	0.257
580	uerbum	27300	99.013	118	71	0.253
581	proinde	1159	4.204	5	5	0.25
582	ubi	18833	68.305	81	62	0.246
583	dextera	3030	10.989	13	6	0.242
584	utilis	1632	5.919	7	7	0.242
585	dogma	1640	5.948	7	6	0.235
586	argumentum	1407	5.103	6	6	0.234
587	paradisus	1879	6.815	8	4	0.231
588	cur	3774	13.688	16	14	0.225
589	hereo	1183	4.291	5	5	0.221
590	multus	21416	77.673	90	63	0.213
591	certe	3334	12.092	14	12	0.211
592	principatus	1194	4.331	5	2	0.207
593	solummodo	1434	5.201	6	5	0.206
594	congrego	3349	12.146	14	14	0.205
595	an	4310	15.632	18	12	0.204
596	medium	1199	4.349	5	5	0.201
597	uarius1	2638	9.568	11	11	0.201
598	porro	2399	8.701	10	9	0.201
599	pono	17333	62.864	72	44	0.196
600	propheto	1207	4.378	5	5	0.192
601	exhibeo	3621	13.133	15	11	0.192
602	felix	2663	9.658	11	9	0.188
603	lateo	1456	5.281	6	6	0.184
604	siue	22976	83.331	94	62	0.174
605	regnum	16889	61.254	69	39	0.172
606	tantum	9319	33.799	38	25	0.169
607	sedeo	5409	19.618	22	15	0.165
608	ceterus	13284	48.179	54	40	0.165
609	congruus	1478	5.361	6	6	0.163
610	quippe	7694	27.905	31	21	0.152
611	littera	7696	27.912	31	28	0.151
612	exinde	1244	4.512	5	5	0.148
613	superius	3237	11.74	13	12	0.147
614	arbitror	1750	6.347	7	7	0.141
615	undique	1251	4.537	5	4	0.14
616	subiungo	2534	9.19	10	9	0.122
617	laudo	4595	16.665	18	16	0.111
618	uix	1790	6.492	7	7	0.109
619	mille	3852	13.971	15	12	0.103
620	accipio	20568	74.597	80	40	0.101
621	sex	2330	8.451	9	6	0.091
622	--	164067	595.047	630	214	0.082
623	nitor1	1313	4.762	5	5	0.07
624	perfectio	2371	8.599	9	7	0.066
625	condicio	1847	6.699	7	7	0.063
626	tego	1320	4.787	5	5	0.063
627	repeto	1585	5.749	6	6	0.062
628	qui2	510903	1852.969	1922	391	0.053
629	disciplina	2928	10.619	11	10	0.051
630	desidero	3198	11.599	12	11	0.049
631	etiam	39518	143.326	148	95	0.046
632	ordo	10155	36.831	38	29	0.045
633	sensum	2419	8.773	9	9	0.037
634	occurro	2152	7.805	8	7	0.036
635	dico3	128642	466.566	477	142	0.032
636	orno	1621	5.879	6	6	0.029
637	aio	18645	67.623	69	41	0.029
638	recedo	3535	12.821	13	12	0.02
639	assumo	4097	14.859	15	11	0.014
640	continuo1	1367	4.958	5	4	0.012
641	abscondo	2190	7.943	8	8	0.01
642	studium	4111	14.91	15	13	0.009
643	studeo	3844	13.942	14	13	0.006
644	probo	4948	17.946	18	18	0.004
645	consto	3616	13.115	13	13	-0.013
646	uestis	2231	8.092	8	7	-0.016
647	uenerabilis	4191	15.2	15	14	-0.019
648	presens	10088	36.588	36	19	-0.023
649	retineo	2244	8.139	8	8	-0.025
650	excipio	1684	6.108	6	6	-0.026
651	exeo	4226	15.327	15	12	-0.031
652	uiuo	12684	46.003	45	33	-0.032
653	monstro	2257	8.186	8	7	-0.033
654	iuxta1	11099	40.254	39	26	-0.046
655	securus	1425	5.168	5	5	-0.048
656	ut	168062	609.536	587	171	-0.054
657	opus1	24361	88.354	85	57	-0.056
658	consedeo	1723	6.249	6	5	-0.059
659	nuncupo	1437	5.212	5	4	-0.06
660	regula1	4311	15.635	15	12	-0.06
661	utor	3164	11.475	11	10	-0.061
662	indigeo	1443	5.234	5	5	-0.066
663	quicumque	9527	34.553	33	22	-0.066
664	compleo	2602	9.437	9	9	-0.068
665	postulo	2606	9.452	9	6	-0.071
666	insinuo	1739	6.307	6	6	-0.072
667	antea	1450	5.259	5	5	-0.073
668	imperator	8703	31.565	30	20	-0.073
669	bonus	26208	95.053	90	36	-0.079
670	redemptor	2043	7.41	7	5	-0.082
671	;	116352	421.992	398	151	-0.084
672	apud	14047	50.946	48	32	-0.086
673	fides	30182	109.466	103	51	-0.088
674	consummo	1759	6.38	6	6	-0.089
675	itaque	8518	30.894	29	23	-0.091
676	cultus2	2356	8.545	8	8	-0.095
677	reprehendo	1473	5.342	5	5	-0.096
678	precedo	2652	9.618	9	8	-0.096
679	natiuitas	2360	8.559	8	8	-0.098
680	pars	17433	63.227	59	46	-0.1
681	quondam	2085	7.562	7	7	-0.111
682	ieiunium	2383	8.643	8	7	-0.111
683	concilium	4771	17.304	16	13	-0.113
684	)	30262	109.756	101	71	-0.12
685	uocabulum	1799	6.525	6	6	-0.121
686	hic2	9598	34.811	32	27	-0.121
687	adhereo	1505	5.458	5	5	-0.127
688	hereticus2	3927	14.243	13	11	-0.132
689	coniungo	2118	7.682	7	7	-0.134
690	sono	1514	5.491	5	5	-0.135
691	siquidem	3033	11	10	8	-0.138
692	teneo	10923	39.616	36	29	-0.138
693	habeo	59550	215.979	196	111	-0.14
694	locus	27046	98.092	89	60	-0.14
695	decerno	3657	13.263	12	9	-0.144
696	sub	14326	51.958	47	32	-0.145
697	secundum1	20166	73.139	66	50	-0.148
698	numquid	2751	9.978	9	8	-0.149
699	facile	2448	8.879	8	8	-0.15
700	postea	4899	17.768	16	14	-0.151
701	fero	7669	27.814	25	19	-0.154
702	profecto	2155	7.816	7	7	-0.159
703	penitentia	8009	29.048	26	14	-0.16
704	auris	3705	13.438	12	12	-0.163
705	adiungo	1545	5.604	5	5	-0.164
706	doceo	10200	36.994	33	28	-0.165
707	mysterium	5257	19.066	17	14	-0.165
708	patriarcha	2486	9.016	8	7	-0.173
709	eloquium	2486	9.016	8	8	-0.173
710	quomodo	10295	37.338	33	25	-0.178
711	olim	2184	7.921	7	7	-0.178
712	conscientia	2496	9.053	8	8	-0.178
713	tam	10045	36.432	32	26	-0.187
714	medion	3146	11.41	10	10	-0.19
715	considero	2835	10.282	9	7	-0.192
716	adeo1	1586	5.752	5	5	-0.202
717	miro	1905	6.909	6	6	-0.204
718	extremus	1915	6.945	6	6	-0.211
719	apostolus	27482	99.673	86	46	-0.213
720	igitur	11511	41.749	36	27	-0.214
721	trado	8965	32.515	28	22	-0.216
722	aurum	2563	9.296	8	8	-0.217
723	pateo	2889	10.478	9	9	-0.219
724	quapropter	2248	8.153	7	6	-0.22
725	nam	23565	85.467	73	45	-0.227
726	penite	2590	9.394	8	8	-0.232
727	nimirum	2607	9.455	8	8	-0.241
728	quare	3911	14.185	12	10	-0.241
729	iam	20595	74.695	63	47	-0.246
730	uisio	2627	9.528	8	6	-0.252
731	alius	47026	170.556	143	89	-0.254
732	supra1	2964	10.75	9	9	-0.256
733	,	2210261	8016.289	6686	591	-0.262
734	tango	2645	9.593	8	8	-0.262
735	quamuis	4631	16.796	14	11	-0.263
736	auctoritas	8934	32.402	27	25	-0.263
737	natura	10944	39.692	33	17	-0.266
738	pastor	3648	13.231	11	10	-0.266
739	adhibeo	1665	6.039	5	5	-0.272
740	scientia	5333	19.342	16	15	-0.274
741	differo	2004	7.268	6	6	-0.277
742	reliquus	5021	18.21	15	12	-0.28
743	uidelicet	10383	37.658	31	22	-0.281
744	laus	6034	21.884	18	16	-0.282
745	arca	2348	8.516	7	7	-0.283
746	foris1	1679	6.09	5	5	-0.284
747	presto2	3023	10.964	9	9	-0.285
748	contendo	1681	6.097	5	5	-0.286
749	quod	53580	194.327	159	91	-0.289
750	ueraciter	1702	6.173	5	5	-0.304
751	et	725333	2630.675	2118	402	-0.313
752	insuper1	1715	6.22	5	5	-0.315
753	rector	1719	6.235	5	5	-0.318
754	solus1	8953	32.471	26	24	-0.321
755	pondus	1722	6.245	5	4	-0.321
756	misa	3456	12.534	10	9	-0.326
757	nobilis	2434	8.828	7	7	-0.335
758	femen	1741	6.314	5	5	-0.337
759	usus	3832	13.898	11	10	-0.337
760	uelut2	5228	18.961	15	13	-0.338
761	tollo	2793	10.13	8	5	-0.341
762	loquor	15720	57.014	45	38	-0.341
763	donum	4909	17.804	14	9	-0.347
764	cura	4219	15.302	12	10	-0.351
765	tandem	2476	8.98	7	5	-0.359
766	sensus	7122	25.83	20	19	-0.369
767	paulus	8919	32.348	25	20	-0.372
768	notus	1790	6.492	5	5	-0.377
769	consensus	2152	7.805	6	6	-0.379
770	sum	524045	1900.634	1457	336	-0.383
771	dubito	2518	9.132	7	7	-0.384
772	?	41969	152.215	116	60	-0.392
773	pontifex	6896	25.011	19	18	-0.397
774	totus	19267	69.879	53	44	-0.399
775	archiepiscopus	3644	13.216	10	10	-0.402
776	sufficio	2918	10.583	8	8	-0.404
777	nequaquam	3283	11.907	9	9	-0.404
778	uniuersalis	1824	6.615	5	4	-0.404
779	ipse2	84491	306.436	230	131	-0.414
780	figura	2940	10.663	8	7	-0.415
781	appeto	1859	6.742	5	5	-0.431
782	doleo	1861	6.75	5	4	-0.433
783	decretum	2986	10.83	8	3	-0.437
784	respondeo	7111	25.791	19	12	-0.441
785	nemo	6740	24.445	18	12	-0.442
786	solum1	10488	38.038	28	26	-0.442
787	dimitto	5627	20.408	15	13	-0.444
788	uterque	7941	28.801	21	17	-0.456
789	at	3787	13.735	10	7	-0.458
790	cum2	48101	174.455	127	83	-0.458
791	super	23579	85.518	62	42	-0.464
792	iterum	6856	24.866	18	16	-0.466
793	longe	3815	13.836	10	9	-0.468
794	mitto	15279	55.415	40	33	-0.47
795	diuido	3443	12.487	9	8	-0.472
796	interpretor	5357	19.429	14	12	-0.473
797	enim	66589	241.508	174	97	-0.473
798	uerus	13589	49.285	35	21	-0.494
799	moueo	3885	14.09	10	5	-0.495
800	suus	117610	426.554	302	133	-0.498
801	leo	4300	15.596	11	8	-0.504
802	confero	4308	15.625	11	10	-0.506
803	quantus	4715	17.101	12	12	-0.511
804	significo	10220	37.066	26	21	-0.512
805	si	77083	279.569	196	98	-0.512
806	hodie	2363	8.57	6	5	-0.514
807	inde	7879	28.576	20	18	-0.515
808	examplum	6710	24.336	17	13	-0.518
809	episcopus	33792	122.559	85	52	-0.528
810	signum	14316	51.922	36	32	-0.528
811	licet	5198	18.852	13	13	-0.536
812	augustus1	3199	11.602	8	8	-0.536
813	alibi	2804	10.17	7	7	-0.539
814	martyr	7254	26.309	18	17	-0.548
815	curo	3637	13.191	9	8	-0.552
816	magister2	3647	13.227	9	9	-0.555
817	commendo	3669	13.307	9	9	-0.564
818	exsisto	6201	22.49	15	13	-0.584
819	taceo	2071	7.511	5	4	-0.587
820	intellego	19060	69.128	46	33	-0.588
821	struo	2489	9.027	6	6	-0.589
822	falsus	3326	12.063	8	7	-0.593
823	oratio	8345	30.266	20	15	-0.598
824	redeo	5029	18.239	12	11	-0.604
825	sic	22224	80.603	53	45	-0.605
826	bonum	2097	7.606	5	5	-0.605
827	ad	177121	642.392	422	181	-0.606
828	celestis	9264	33.599	22	16	-0.611
829	procedo	4218	15.298	10	5	-0.613
830	colo2	2118	7.682	5	4	-0.619
831	abeo	2123	7.7	5	4	-0.623
832	efficio	3399	12.328	8	8	-0.624
833	clarus	2977	10.797	7	7	-0.625
834	quisque	7232	26.229	17	16	-0.626
835	homo	47745	173.164	112	48	-0.629
836	moneo	2562	9.292	6	5	-0.631
837	que	76595	277.799	179	109	-0.634
838	separo	2582	9.365	6	4	-0.642
839	magnus	24102	87.414	56	46	-0.642
840	iustitia	11209	40.653	26	19	-0.645
841	presumo	4746	17.213	11	9	-0.646
842	etenim	2603	9.441	6	6	-0.654
843	bene	8253	29.932	19	15	-0.656
844	offero	7405	26.857	17	16	-0.66
845	manus2	17027	61.754	39	30	-0.663
846	templum	6987	25.341	16	9	-0.663
847	a	138248	501.405	315	182	-0.671
848	dictum	3527	12.792	8	8	-0.677
849	diaconus	3974	14.413	9	7	-0.679
850	lingua	5301	19.226	12	12	-0.68
851	uero1	35931	130.316	81	64	-0.686
852	propterea	3112	11.287	7	7	-0.689
853	aliquis	23119	83.849	52	42	-0.689
854	coram2	4891	17.739	11	10	-0.689
855	iubeo	9352	33.918	21	19	-0.692
856	quidem	13370	48.491	30	27	-0.693
857	quis	41464	150.384	93	59	-0.693
858	ille2	110466	400.644	247	136	-0.698
859	abbas	7157	25.957	16	14	-0.698
860	numquam	4938	17.909	11	10	-0.703
861	spiritus	31474	114.152	70	29	-0.706
862	cupio	3148	11.417	7	7	-0.706
863	confirmo	4512	16.364	10	10	-0.711
864	uel	61906	224.524	137	76	-0.713
865	custodio2	4080	14.798	9	8	-0.717
866	nec	57170	207.347	126	78	-0.719
867	labor2	4996	18.12	11	11	-0.72
868	caueo	2277	8.258	5	5	-0.724
869	omnis	114016	413.519	250	139	-0.726
870	perduco	2286	8.291	5	5	-0.73
871	postquam	4115	14.925	9	9	-0.73
872	utique	5038	18.272	11	10	-0.732
873	pereo	5041	18.283	11	8	-0.733
874	extra2	2294	8.32	5	4	-0.735
875	pater	42897	155.581	93	61	-0.742
876	post2	23168	84.027	50	37	-0.749
877	scilicet	11586	42.021	25	21	-0.749
878	ergo1	29670	107.609	64	45	-0.75
879	autem	64914	235.434	140	78	-0.75
880	fio	22271	80.774	48	41	-0.751
881	res	22399	81.238	48	43	-0.759
882	plenus	5158	18.707	11	11	-0.766
883	edo1	6571	23.832	14	12	-0.767
884	atque	64010	232.155	136	89	-0.771
885	diu	2832	10.271	6	6	-0.776
886	testis	2836	10.286	6	6	-0.778
887	percutio	3314	12.019	7	5	-0.78
888	prauus	2846	10.322	6	6	-0.783
889	relinquo	6672	24.198	14	14	-0.789
890	uideo	45783	166.048	96	64	-0.79
891	quando	13356	48.44	28	22	-0.791
892	deuotio	2396	8.69	5	5	-0.797
893	permaneo	4808	17.438	10	8	-0.802
894	populus1	22668	82.214	47	31	-0.807
895	huiusmodi	4354	15.791	9	9	-0.811
896	demon	2421	8.781	5	5	-0.812
897	uir	19443	70.517	40	38	-0.818
898	mereo1	3403	12.342	7	7	-0.818
899	iudeus	14110	51.175	29	24	-0.819
900	quam	41978	152.248	86	67	-0.824
901	tamen	22532	81.72	46	35	-0.829
902	unitas	3431	12.444	7	6	-0.83
903	circa2	3449	12.509	7	7	-0.838
904	usque	24197	87.759	49	39	-0.841
905	conseruo	2483	9.006	5	4	-0.849
906	idolum	2982	10.815	6	6	-0.85
907	consequor	2491	9.035	5	5	-0.854
908	alter	10468	37.966	21	20	-0.854
909	100	3493	12.669	7	7	-0.856
910	subicio	3002	10.888	6	6	-0.86
911	similis	5541	20.096	11	7	-0.869
912	ecce	7576	27.477	15	12	-0.873
913	quero	8096	29.363	16	13	-0.876
914	gratia2	23297	84.495	46	20	-0.877
915	consentio	3040	11.026	6	4	-0.878
916	permitto	4066	14.747	8	8	-0.882
917	quisquis1	7132	25.867	14	13	-0.886
918	spiritalis	7657	27.771	15	12	-0.889
919	proprius1	13802	50.058	27	24	-0.891
920	facio	73916	268.082	144	104	-0.897
921	saluator	5664	20.543	11	8	-0.901
922	creatura	4120	14.943	8	7	-0.901
923	capio1	5156	18.7	10	9	-0.903
924	nunc	13926	50.508	27	22	-0.904
925	quantum	5680	20.601	11	10	-0.905
926	quoniam	16008	58.059	31	24	-0.905
927	intentio	2591	9.397	5	3	-0.91
928	cum1	70084	254.184	135	95	-0.913
929	soleo	4683	16.985	9	9	-0.916
930	pariter	3123	11.327	6	6	-0.917
931	ualde	3126	11.338	6	6	-0.918
932	annus	23523	85.314	45	32	-0.923
933	quia	98686	357.92	188	89	-0.929
934	nullus	24241	87.919	46	38	-0.935
935	uolo2	23240	84.288	44	35	-0.938
936	peto	6871	24.92	13	12	-0.939
937	respicio	2660	9.647	5	4	-0.948
938	longus	2662	9.655	5	5	-0.949
939	melius	2662	9.655	5	4	-0.949
940	tempus	29849	108.258	56	43	-0.951
941	pascha	2667	9.673	5	2	-0.952
942	predestino	2670	9.684	5	4	-0.954
943	predicatio	4273	15.498	8	6	-0.954
944	constituo	8682	31.488	16	15	-0.977
945	querio	3799	13.778	7	7	-0.977
946	designo	3799	13.778	7	7	-0.977
947	nosco	9229	33.472	17	16	-0.977
948	possum	56956	206.571	104	81	-0.99
949	mirus	2751	9.978	5	5	-0.997
950	intellectus	3313	12.016	6	5	-1.002
951	sed	101708	368.88	184	119	-1.003
952	regius	2771	10.05	5	4	-1.007
953	pertineo	6671	24.195	12	11	-1.012
954	talis	14475	52.499	26	24	-1.014
955	comes	4465	16.194	8	6	-1.017
956	appareo	6162	22.349	11	11	-1.023
957	persona	7304	26.491	13	10	-1.027
958	puer	3939	14.286	7	7	-1.029
959	remaneo	2821	10.231	5	4	-1.033
960	contrarius	3386	12.281	6	6	-1.033
961	filia	3952	14.333	7	4	-1.034
962	ante2	12432	45.089	22	16	-1.035
963	accedo	3956	14.348	7	6	-1.035
964	statim	2835	10.282	5	5	-1.04
965	culpa	2844	10.315	5	4	-1.045
966	aut	34719	125.921	61	36	-1.046
967	error	5140	18.642	9	9	-1.051
968	uoco	13140	47.657	23	17	-1.051
969	is2	288636	1046.84	505	214	-1.052
970	lux	6916	25.083	12	11	-1.064
971	crimen	3459	12.545	6	6	-1.064
972	noster	59504	215.812	103	72	-1.067
973	quasi	19683	71.387	34	26	-1.07
974	lapis	4057	14.714	7	5	-1.072
975	sacerdos	12795	46.406	22	21	-1.077
976	precapio	3522	12.774	6	5	-1.09
977	modus	5285	19.168	9	9	-1.091
978	perpetuus	4114	14.921	7	7	-1.092
979	propter	17688	64.152	30	23	-1.097
980	ibi	10625	38.535	18	17	-1.098
981	tum	16556	60.046	28	23	-1.101
982	deinde	5323	19.306	9	9	-1.101
983	sapiens	3554	12.89	6	6	-1.103
984	audio	20164	73.132	34	28	-1.105
985	aduentus	3564	12.926	6	6	-1.107
986	publicus1	3571	12.952	6	6	-1.11
987	gradus	2977	10.797	5	5	-1.111
988	necessarius1	3575	12.966	6	6	-1.112
989	presbyter	8350	30.284	14	13	-1.113
990	hostis	6567	23.818	11	10	-1.115
991	cognosco	10858	39.38	18	16	-1.129
992	per	98723	358.054	163	106	-1.135
993	tuus	47270	171.441	78	57	-1.136
994	angelus	8495	30.81	14	8	-1.138
995	descendo	4258	15.443	7	6	-1.142
996	liceo	4265	15.469	7	7	-1.144
997	amicus2	3053	11.073	5	5	-1.147
998	iustus	15277	55.407	25	15	-1.148
999	prohibeo	3670	13.311	6	6	-1.15
1000	ualeo	9178	33.287	15	13	-1.15
1001	adhuc	7383	26.777	12	12	-1.158
1002	gero	5597	20.3	9	9	-1.173
1003	cunctus	10019	36.337	16	13	-1.183
1004	admoneo	3156	11.446	5	4	-1.195
1005	rogo	4419	16.027	7	7	-1.195
1006	magis	8839	32.058	14	14	-1.195
1007	ueritas	13939	50.555	22	16	-1.2
1008	statuo	3172	11.504	5	5	-1.202
1009	mallus1	8278	30.023	13	10	-1.208
1010	diabolus	7654	27.76	12	11	-1.21
1011	minus	3836	13.913	6	6	-1.213
1012	ignis	8316	30.161	13	13	-1.214
1013	qualiter	3848	13.956	6	6	-1.218
1014	ratio	9036	32.772	14	12	-1.227
1015	dignus	8471	30.723	13	11	-1.241
1016	do	28094	101.893	43	35	-1.245
1017	clericus2	5231	18.972	8	7	-1.246
1018	predico1	7881	28.583	12	11	-1.252
1019	addo	4603	16.694	7	6	-1.254
1020	celebro	4605	16.702	7	7	-1.255
1021	paruus	6579	23.861	10	10	-1.255
1022	mora1	3957	14.352	6	6	-1.258
1023	!	3970	14.399	6	6	-1.263
1024	reddo	8605	31.209	13	10	-1.263
1025	seruo	7349	26.654	11	10	-1.277
1026	impleo	6026	21.855	9	9	-1.28
1027	conuenio	5358	19.433	8	8	-1.28
1028	species	4029	14.613	6	6	-1.284
1029	dico1	14166	51.378	21	17	-1.291
1030	scio	13520	49.035	20	19	-1.294
1031	unusquisque	6766	24.539	10	10	-1.295
1032	panis	5422	19.665	8	8	-1.298
1033	mors	17655	64.032	26	22	-1.3
1034	imago	5453	19.777	8	4	-1.306
1035	anima	20451	74.173	30	24	-1.306
1036	inquio	15058	54.613	22	17	-1.312
1037	qualis	4107	14.896	6	6	-1.312
1038	agnosco	3424	12.418	5	4	-1.312
1039	gens	13090	47.476	19	12	-1.321
1040	sto	5540	20.093	8	8	-1.329
1041	dies	35444	128.55	51	33	-1.334
1042	ero	26515	96.166	38	30	-1.34
1043	existimo	3501	12.698	5	5	-1.345
1044	pro	43480	157.696	62	45	-1.347
1045	tamquam	5612	20.354	8	7	-1.347
1046	non	212441	770.492	301	157	-1.356
1047	uirgo	7058	25.598	10	10	-1.356
1048	precipio	4246	15.4	6	5	-1.36
1049	transeo	5664	20.543	8	7	-1.361
1050	dolor	3540	12.839	5	5	-1.361
1051	rectus	7826	28.384	11	9	-1.368
1052	debeo	23501	85.235	33	25	-1.369
1053	dominus	89984	326.359	126	82	-1.373
1054	christus	59315	215.127	83	53	-1.374
1055	fors	5763	20.902	8	7	-1.386
1056	dominicus1	5771	20.931	8	5	-1.388
1057	aufero	5062	18.359	7	7	-1.391
1058	deus	140088	508.078	193	99	-1.396
1059	mulier	6577	23.854	9	8	-1.406
1060	ira	3684	13.361	5	2	-1.418
1061	ego	60664	220.019	82	58	-1.424
1062	corpus	25509	92.517	34	24	-1.444
1063	impius	4519	16.39	6	6	-1.45
1064	discipulus	4540	16.466	6	6	-1.456
1065	uxor	6105	22.142	8	8	-1.469
1066	benedico	4618	16.749	6	6	-1.481
1067	quisquam	3862	14.007	5	5	-1.486
1068	proficio	3874	14.05	5	5	-1.491
1069	puto	7002	25.395	9	9	-1.497
1070	tribuo	3915	14.199	5	5	-1.506
1071	passio	7106	25.772	9	8	-1.518
1072	tantus	12693	46.036	16	14	-1.525
1073	iudicium	15105	54.784	19	19	-1.528
1074	ne2	26592	96.445	33	28	-1.547
1075	modo2	10590	38.408	13	12	-1.563
1076	humanus1	10590	38.408	13	11	-1.563
1077	communis	4075	14.779	5	4	-1.564
1078	eligo	7355	26.676	9	8	-1.568
1079	dum	18066	65.523	22	19	-1.574
1080	ullus	4970	18.026	6	6	-1.587
1081	forma	4151	15.055	5	5	-1.59
1082	ob	5009	18.167	6	6	-1.598
1083	nos	57619	208.976	69	48	-1.599
1084	ecclesia	50122	181.785	60	43	-1.599
1085	nihil	13404	48.614	16	15	-1.603
1086	peruenio	6747	24.47	8	7	-1.613
1087	uerum1	7601	27.568	9	8	-1.615
1088	urbs	7688	27.883	9	9	-1.631
1089	mox	4291	15.563	5	5	-1.638
1090	neco	4303	15.606	5	5	-1.642
1091	regno	4305	15.614	5	4	-1.643
1092	nisi	22453	81.434	26	24	-1.647
1093	animus	7777	28.206	9	9	-1.648
1094	celum	17298	62.737	20	15	-1.649
1095	absque	4330	15.704	5	5	-1.651
1096	quatenus	4354	15.791	5	5	-1.659
1097	certus	4360	15.813	5	5	-1.661
1098	se	80262	291.098	92	65	-1.662
1099	omnino	4403	15.969	5	5	-1.675
1100	mensis	6191	22.454	7	6	-1.682
1101	tu	47761	173.222	54	45	-1.682
1102	sol	5333	19.342	6	6	-1.689
1103	cado	4445	16.121	5	5	-1.689
1104	hora	11585	42.017	13	12	-1.692
1105	seculum	10696	38.793	12	12	-1.693
1106	pius	8035	29.142	9	9	-1.695
1107	frater	19042	69.063	21	17	-1.718
1108	potius	4633	16.803	5	5	-1.749
1109	oporteo	5575	20.22	6	6	-1.753
1110	filius	50031	181.455	53	41	-1.776
1111	uenio	11378	41.266	12	9	-1.782
1112	uniuersi	4770	17.3	5	5	-1.791
1113	mons	6752	24.489	7	7	-1.807
1114	dux1	4842	17.561	5	5	-1.812
1115	ideo	14608	52.981	15	15	-1.821
1116	preceptum	7062	25.613	7	7	-1.871
1117	placeo	6145	22.287	6	6	-1.893
1118	concedo	5214	18.91	5	5	-1.919
1119	peccatum	26411	95.789	25	23	-1.938
1120	casa	14857	53.884	14	12	-1.944
1121	mundus2	15073	54.668	14	13	-1.965
1122	credo2	21895	79.41	20	16	-1.989
1123	uox	10981	39.827	10	9	-1.994
1124	pena	5506	19.969	5	5	-1.998
1125	potestas	9926	36	9	8	-2
1126	ipse1	9945	36.069	9	9	-2.003
1127	ordino	5530	20.057	5	5	-2.004
1128	duco	7756	28.13	7	7	-2.007
1129	monasterium	10117	36.693	9	8	-2.028
1130	nolo	10171	36.889	9	7	-2.035
1131	prius	6813	24.71	6	4	-2.042
1132	suscipio	10308	37.386	9	9	-2.054
1133	dedo	5825	21.126	5	5	-2.079
1134	nascor	7022	25.468	6	6	-2.086
1135	oro	5945	21.562	5	5	-2.108
1136	ago	19103	69.284	16	15	-2.114
1137	ius1	6001	21.765	5	5	-2.122
1138	cepio	6008	21.79	5	5	-2.124
1139	uirtus	20802	75.446	17	16	-2.15
1140	eternus	16006	58.051	13	13	-2.159
1141	crux	6277	22.766	5	5	-2.187
1142	malus1	7711	27.967	6	6	-2.221
1143	summus	6483	23.513	5	5	-2.233
1144	apostolicus	9163	33.233	7	7	-2.247
1145	pecco	6588	23.894	5	4	-2.257
1146	uester	24118	87.472	18	15	-2.281
1147	meus	41617	150.939	31	22	-2.284
1148	oculus	9410	34.129	7	7	-2.286
1149	honor	9422	34.172	7	7	-2.287
1150	uos	35822	129.921	25	21	-2.378
1151	ueneo	18864	68.417	13	10	-2.396
1152	princeps	10481	38.013	7	7	-2.441
1153	terra	26620	96.547	17	12	-2.506
1154	sedes	9426	34.187	6	5	-2.51
1155	iudico	9448	34.267	6	6	-2.514
1156	domus	13754	49.884	8	8	-2.64
1157	morior	8639	31.332	5	5	-2.648
1158	domina	8868	32.163	5	5	-2.685
1159	fidelis	12503	45.347	7	7	-2.696
1160	semper	14444	52.386	8	8	-2.711
1161	diligo	9322	33.81	5	5	-2.757
1162	uoluntas	11264	40.853	6	5	-2.767
1163	futurus	9511	34.495	5	5	-2.786
1164	sine	17513	63.517	9	8	-2.819
1165	aqua	10006	36.29	5	5	-2.86
1166	caritas	10145	36.794	5	3	-2.879
1167	mens	14696	53.3	7	7	-2.929
1168	gloria	11706	42.456	5	5	-3.086
1169	cor	20900	75.801	7	7	-3.437
1170	caro2	18153	65.838	6	6	-3.456
