No.	lemma	Total no. in this subcorpus	Expected collocate frequency	Observed collocate frequency	In no. of texts	Log Ratio value
1	hypomnesticon	37	0.134	27	3	9.535
2	lasciuus2	12	0.044	7	6	8.587
3	enchiridion	74	0.268	38	18	8.18
4	dialogus	153	0.555	60	38	7.47
5	moralis	382	1.386	123	40	7.028
6	fulgenter	85	0.308	22	14	6.584
7	retractatio	136	0.493	34	14	6.517
8	moralia	87	0.316	21	10	6.45
9	diuinus2	40	0.145	9	8	6.318
10	apocryphicus	162	0.588	35	15	6.242
11	epigramma	42	0.152	9	3	6.227
12	explicit	202	0.733	42	25	6.172
13	hermes	55	0.2	11	9	6.102
14	philos	27	0.098	5	4	5.964
15	areopagites	117	0.424	21	6	5.909
16	prologus	259	0.939	46	26	5.891
17	historicus2	42	0.152	7	4	5.78
18	musaicus	122	0.443	20	11	5.751
19	missalis	62	0.225	10	8	5.723
20	genesis	802	2.909	124	76	5.651
21	illustris1	35	0.127	5	5	5.517
22	leuiticus	390	1.415	51	25	5.369
23	apologeticus	58	0.21	7	6	5.237
24	authenticus	145	0.526	17	15	5.189
25	sigale	94	0.341	11	8	5.186
26	fastus1	43	0.156	5	4	5.176
27	deuteronomium	394	1.429	43	26	5.073
28	exodium	598	2.169	65	39	5.066
29	appendix	129	0.468	14	3	5.064
30	antiquitas	326	1.182	35	24	5.046
31	prefatio	628	2.278	66	39	5.012
32	etymologia	154	0.559	16	13	4.993
33	flosculus	49	0.178	5	5	4.964
34	manuscriptum	80	0.29	8	6	4.932
35	computus	110	0.399	11	5	4.932
36	pentateuchum	50	0.181	5	4	4.932
37	excerptio	166	0.602	16	14	4.873
38	uaro2	52	0.189	5	5	4.869
39	commentarium	286	1.037	27	17	4.84
40	inscribo	321	1.164	30	24	4.824
41	titulo	129	0.468	12	8	4.816
42	pelagium	59	0.214	5	2	4.669
43	adulterinus	119	0.432	10	5	4.656
44	pleuio	72	0.261	6	5	4.642
45	ambrosius	976	3.54	78	32	4.577
46	perseuerantia	551	1.998	43	8	4.539
47	premium2	90	0.326	7	7	4.534
48	uicesimus	821	2.978	63	23	4.513
49	sexto	655	2.376	50	27	4.505
50	penitentialis	200	0.725	15	5	4.477
51	explanatio	217	0.787	16	11	4.451
52	astipulor	68	0.247	5	4	4.446
53	chronicus	141	0.511	10	8	4.39
54	decimus	1884	6.833	130	39	4.348
55	excerpo	167	0.606	11	9	4.276
56	clausula	78	0.283	5	5	4.234
57	lapsi	257	0.932	16	6	4.189
58	philosophicus	98	0.355	6	4	4.163
59	tripartitus	98	0.355	6	5	4.163
60	capitulare	182	0.66	11	5	4.143
61	capitulum	3551	12.879	212	58	4.125
62	pastoralis	528	1.915	31	16	4.099
63	historia	2949	10.696	170	82	4.071
64	correptio	703	2.55	40	8	4.051
65	auctus1	141	0.511	8	8	4.047
66	uolumen	1144	4.149	64	36	4.025
67	quinque	3634	13.18	201	76	4.008
68	capitularis1	318	1.153	17	8	3.956
69	deleo	1477	5.357	76	47	3.898
70	coniugalis1	214	0.776	11	2	3.896
71	elegans	139	0.504	7	5	3.865
72	hilariter	259	0.939	13	6	3.86
73	secundus	7209	26.146	361	159	3.856
74	faustus	220	0.798	11	8	3.854
75	aris	100	0.363	5	5	3.854
76	conscribo	1267	4.595	62	48	3.821
77	expositio	1004	3.641	49	37	3.817
78	decerpo	123	0.446	6	6	3.816
79	duodecimus	433	1.57	21	13	3.808
80	edo2	1164	4.222	55	42	3.768
81	prolixitas	192	0.696	9	5	3.756
82	lego1	1284	4.657	59	43	3.726
83	index	218	0.791	10	9	3.723
84	quartus	4056	14.711	182	86	3.69
85	lego2	9617	34.879	422	175	3.656
86	quintus	2584	9.372	113	52	3.651
87	tricesimus	620	2.249	27	9	3.645
88	incipio	3936	14.275	169	76	3.624
89	octauo	691	2.506	29	21	3.589
90	exaro	336	1.219	14	13	3.578
91	septimus1	2325	8.432	96	50	3.565
92	tractatus	659	2.39	27	23	3.553
93	apocalypsis	859	3.116	35	26	3.545
94	undecimus	552	2.002	22	14	3.511
95	commentum	201	0.729	8	5	3.509
96	mentio	635	2.303	25	21	3.493
97	scriptor	910	3.3	35	23	3.458
98	reparatio	214	0.776	8	2	3.415
99	1	3478	12.614	130	53	3.415
100	predestinatio	2248	8.153	84	26	3.415
101	exordium	953	3.456	35	26	3.389
102	questio1	1633	5.923	59	26	3.364
103	hierarchia	418	1.516	15	6	3.354
104	item	9686	35.13	341	57	3.325
105	prosper	1612	5.847	56	16	3.306
106	tertius	7799	28.286	266	116	3.278
107	scribo1	20693	75.05	692	214	3.249
108	edissero	150	0.544	5	5	3.244
109	quattuor	5642	20.463	179	71	3.17
110	catalogus	319	1.157	10	7	3.152
111	propheticus	1117	4.051	35	24	3.152
112	pontificalis	546	1.98	17	6	3.142
113	canticus	546	1.98	17	11	3.142
114	beda	1356	4.918	41	20	3.099
115	signaculum	465	1.687	14	13	3.092
116	disputatio	600	2.176	18	12	3.087
117	retracto	304	1.103	9	6	3.067
118	primus	14793	53.652	435	177	3.057
119	totidem	347	1.259	10	9	3.027
120	octauus	592	2.147	17	12	3.022
121	prefixus	279	1.012	8	7	3.02
122	gesta	1158	4.2	33	23	3.011
123	precedens	704	2.553	20	13	3.006
124	ueteres	678	2.459	19	16	2.986
125	pleniter	1576	5.716	44	30	2.98
126	trinitas	4195	15.215	116	38	2.966
127	explano	412	1.494	11	9	2.914
128	commemoro	1690	6.129	45	26	2.91
129	prenoto	189	0.686	5	5	2.9
130	elogium	190	0.689	5	5	2.892
131	lectio	2600	9.43	68	36	2.883
132	edictum	613	2.223	16	15	2.88
133	inuoluo	652	2.365	17	7	2.879
134	ecclesiasticus1	5501	19.951	143	77	2.874
135	numerus	8610	31.227	223	71	2.869
136	prouerbium	552	2.002	14	12	2.838
137	aperio	4103	14.881	101	46	2.794
138	narro	3019	10.95	73	34	2.767
139	bibliotheca	458	1.661	11	9	2.757
140	disputo	997	3.616	23	12	2.698
141	philosophus1	217	0.787	5	5	2.696
142	canonicus2	913	3.311	21	14	2.693
143	exsto	744	2.698	17	14	2.683
144	contineo	4468	16.205	102	70	2.682
145	institutio	949	3.442	21	15	2.636
146	agnellus	546	1.98	12	2	2.626
147	compono	2568	9.314	56	40	2.615
148	prophetia	1744	6.325	38	22	2.613
149	gratis	946	3.431	20	6	2.569
150	generatio	2678	9.713	56	29	2.553
151	peritus	383	1.389	8	8	2.551
152	memini	1496	5.426	31	24	2.539
153	22	483	1.752	10	9	2.538
154	describo	2081	7.548	43	37	2.535
155	philosophus2	726	2.633	15	13	2.535
156	hebraicus	973	3.529	20	11	2.527
157	iudex	5361	19.444	110	51	2.525
158	prefatus1	3657	13.263	75	34	2.524
159	nonus	2221	8.055	45	25	2.506
160	copia	1190	4.316	24	20	2.499
161	theologia	298	1.081	6	3	2.497
162	aliquot	502	1.821	10	8	2.481
163	textus	353	1.28	7	5	2.475
164	historicus1	253	0.918	5	5	2.47
165	distinguo	963	3.493	19	17	2.467
166	hamus	357	1.295	7	5	2.458
167	ascribo	825	2.992	16	14	2.442
168	uulgo2	258	0.936	5	4	2.441
169	collatio	313	1.135	6	5	2.425
170	sextus	2095	7.598	40	27	2.419
171	adnoto	420	1.523	8	8	2.415
172	inuentio	266	0.965	5	5	2.396
173	arrianus	538	1.951	10	5	2.379
174	titulus	1835	6.655	34	25	2.375
175	octoginta	384	1.393	7	7	2.351
176	caput	17026	61.751	308	92	2.339
177	actus	3384	12.273	61	36	2.334
178	quantitas	786	2.851	14	10	2.317
179	interpres	619	2.245	11	10	2.313
180	uetus	4403	15.969	78	49	2.309
181	idem2	43462	157.63	766	165	2.301
182	expono	3296	11.954	58	39	2.299
183	recenseo	341	1.237	6	5	2.299
184	memoro	3082	11.178	54	24	2.293
185	testor	2767	10.036	48	40	2.278
186	miraculum	1579	5.727	27	17	2.257
187	expando2	351	1.273	6	3	2.256
188	quotienscumque	293	1.063	5	5	2.254
189	4	3774	13.688	63	37	2.222
190	superus	2965	10.754	49	28	2.207
191	prior	4247	15.403	70	27	2.203
192	testamentum	4862	17.634	80	44	2.2
193	anterior	306	1.11	5	5	2.19
194	beatus	22102	80.161	360	120	2.185
195	euangelium	10708	38.836	174	77	2.182
196	2	4069	14.758	66	39	2.179
197	partim	888	3.221	14	11	2.138
198	uiginti	2038	7.392	32	18	2.132
199	rex	31400	113.883	492	122	2.129
200	canonica1	512	1.857	8	6	2.125
201	eruditus1	644	2.336	10	9	2.115
202	breuiter	1231	4.465	19	16	2.107
203	de	136672	495.689	2086	342	2.09
204	3	4170	15.124	63	36	2.075
205	sapientia	8726	31.648	131	78	2.066
206	flagito	402	1.458	6	5	2.057
207	pando1	479	1.737	7	6	2.027
208	psalterium	548	1.988	8	8	2.025
209	reperio	3975	14.417	58	41	2.024
210	heresis	1462	5.303	21	12	2.001
211	legens	492	1.784	7	7	1.987
212	figurate	355	1.288	5	3	1.973
213	lector	1435	5.205	20	17	1.957
214	agnos	943	3.42	13	9	1.941
215	solido	365	1.324	5	3	1.932
216	termino	660	2.394	9	5	1.925
217	sequens	1845	6.692	25	20	1.916
218	pluralis	369	1.338	5	4	1.916
219	religio	3054	11.076	41	22	1.902
220	monumentum	1118	4.055	15	11	1.901
221	plerique	748	2.713	10	9	1.896
222	decalogus	377	1.367	5	4	1.885
223	breuitas	454	1.647	6	6	1.879
224	illuster	681	2.47	9	9	1.879
225	partio1	380	1.378	5	5	1.873
226	liber1	12354	44.806	162	39	1.868
227	comburo	614	2.227	8	6	1.859
228	insero1	1473	5.342	19	17	1.844
229	plures	2957	10.725	38	22	1.838
230	codex	2028	7.355	26	21	1.835
231	explecto	1331	4.827	17	17	1.83
232	euidenter	948	3.438	12	10	1.816
233	auctor	4106	14.892	51	38	1.789
234	principium	3225	11.697	40	27	1.787
235	demonstro	4132	14.986	51	37	1.78
236	carmen	1216	4.41	15	14	1.779
237	declaro	1798	6.521	22	17	1.767
238	en	491	1.781	6	5	1.765
239	10	2211	8.019	27	16	1.764
240	finis	10813	39.217	131	69	1.752
241	in	463796	1682.119	5543	485	1.732
242	diuinus1	20429	74.093	244	122	1.732
243	appello1	6044	21.921	72	33	1.728
244	collectio	423	1.534	5	5	1.716
245	condo	1272	4.613	15	14	1.713
246	16	1018	3.692	12	8	1.712
247	nusquam	679	2.463	8	7	1.712
248	reuoluo	427	1.549	5	5	1.703
249	agon	514	1.864	6	5	1.698
250	editio	686	2.488	8	7	1.697
251	octo1	1632	5.919	19	15	1.694
252	11	1487	5.393	17	14	1.668
253	7	2452	8.893	28	15	1.666
254	responsio	969	3.514	11	4	1.657
255	prudenter	530	1.922	6	5	1.653
256	5	3578	12.977	40	23	1.635
257	ethereus	449	1.629	5	1	1.629
258	coniugium	1348	4.889	15	7	1.628
259	doctor	5048	18.308	56	32	1.624
260	nouem	997	3.616	11	9	1.616
261	gentilis	2574	9.336	28	23	1.595
262	synodalis1	460	1.668	5	3	1.594
263	quot	1014	3.678	11	11	1.591
264	nuptie	1391	5.045	15	4	1.582
265	uersus2	2043	7.41	22	19	1.58
266	sententia	8224	29.827	87	49	1.554
267	duodecim	2409	8.737	25	19	1.527
268	initium	3538	12.832	36	27	1.498
269	egredior	3145	11.406	32	9	1.498
270	numero1	789	2.862	8	8	1.493
271	omitto	893	3.239	9	8	1.484
272	copiosus	696	2.524	7	5	1.481
273	propheta	14538	52.727	145	69	1.469
274	seruus2	9225	33.458	92	60	1.469
275	sacerdotalis	1507	5.466	15	11	1.466
276	contra2	15581	56.51	154	54	1.455
277	lex	23038	83.555	226	98	1.444
278	creber	619	2.245	6	5	1.427
279	ciuitas	12845	46.587	124	50	1.421
280	psalmus	6551	23.76	63	37	1.416
281	latinus	937	3.398	9	9	1.414
282	hymnus	1043	3.783	10	8	1.411
283	persus	526	1.908	5	5	1.399
284	aperte	2530	9.176	24	18	1.396
285	septem	4445	16.121	42	24	1.39
286	antiquus	4057	14.714	38	31	1.377
287	eruditio	536	1.944	5	5	1.371
288	cito2	539	1.955	5	4	1.363
289	diuisio	1294	4.693	12	7	1.363
290	tres	11031	40.008	102	61	1.358
291	-	356744	1293.858	3292	399	1.355
292	8	2494	9.045	23	15	1.355
293	20	764	2.771	7	5	1.345
294	epistola	8199	29.737	75	44	1.343
295	soluo	4073	14.772	37	29	1.333
296	legalis	771	2.796	7	6	1.332
297	supradictus	1329	4.82	12	11	1.324
298	apertus	1441	5.226	13	11	1.322
299	laqueus	1113	4.037	10	10	1.317
300	refero	6201	22.49	55	42	1.298
301	18	904	3.279	8	7	1.294
302	recondo	566	2.053	5	5	1.292
303	instrumentum	566	2.053	5	5	1.292
304	aduersus2	3751	13.604	33	25	1.286
305	testimonium	6030	21.87	53	38	1.285
306	obscurus	803	2.912	7	7	1.273
307	euangelicus	1607	5.828	14	12	1.272
308	duo	16653	60.398	145	78	1.271
309	edoceo	804	2.916	7	6	1.271
310	egregius	1265	4.588	11	11	1.269
311	sanctus2	10126	36.726	88	43	1.268
312	benedictus	2312	8.385	20	6	1.261
313	baptismum	3341	12.117	28	18	1.215
314	manifesto2	2626	9.524	22	10	1.215
315	insignis	836	3.032	7	6	1.214
316	nonnulli	2400	8.704	20	18	1.207
317	translatio	840	3.047	7	6	1.207
318	15	1323	4.798	11	8	1.204
319	aduersus3	2204	7.994	18	4	1.178
320	ex	66613	241.596	544	184	1.178
321	unus	37779	137.019	308	74	1.175
322	documentum	740	2.684	6	6	1.167
323	comprobo	1126	4.084	9	9	1.146
324	12	2009	7.286	16	14	1.141
325	sacramentum	5790	21	46	31	1.138
326	octauum2	1007	3.652	8	8	1.137
327	inter	18369	66.622	145	70	1.128
328	frequenter	1528	5.542	12	11	1.121
329	impono	2579	9.354	20	10	1.102
330	tabula	1046	3.794	8	7	1.082
331	nempe	785	2.847	6	6	1.081
332	sermo	9216	33.425	70	41	1.072
333	satis	3302	11.976	25	19	1.068
334	origo	1323	4.798	10	10	1.065
335	plus2	927	3.362	7	7	1.064
336	tronus	1193	4.327	9	9	1.062
337	colligo2	3327	12.067	25	22	1.057
338	canon	4285	15.541	32	24	1.048
339	quoque	16521	59.919	122	70	1.031
340	concludo	1222	4.432	9	7	1.027
341	debitum	1358	4.925	10	6	1.027
342	perhibeo	1634	5.926	12	8	1.023
343	plaga1	1777	6.445	13	13	1.018
344	miracula	1918	6.956	14	9	1.014
345	multiplex	1235	4.479	9	9	1.012
346	prescientia	969	3.514	7	5	0.999
347	nepos	973	3.529	7	5	0.993
348	hinc	7125	25.841	51	29	0.986
349	integer	2659	9.644	19	17	0.983
350	perspicio	704	2.553	5	4	0.975
351	solidus2	706	2.561	5	5	0.97
352	aduocatus	710	2.575	5	3	0.962
353	recito	711	2.579	5	5	0.96
354	reuera	711	2.579	5	5	0.96
355	ornamentum	854	3.097	6	5	0.959
356	scriptura	9540	34.6	67	43	0.958
357	typus	863	3.13	6	6	0.944
358	argentum	1871	6.786	13	9	0.943
359	charta	720	2.611	5	4	0.942
360	uita	30381	110.187	210	131	0.935
361	mendacium	1737	6.3	12	10	0.934
362	sanctus1	70547	255.864	486	141	0.93
363	premitto	1752	6.354	12	12	0.922
364	marca2	1320	4.787	9	8	0.915
365	assero1	2209	8.012	15	15	0.909
366	pagina	1627	5.901	11	10	0.903
367	mortuus	6656	24.14	45	30	0.903
368	septuaginta	1934	7.014	13	8	0.895
369	sicut	41928	152.067	281	119	0.89
370	latus1	1346	4.882	9	9	0.887
371	inuenio	15419	55.922	103	76	0.886
372	claudo	1350	4.896	9	8	0.883
373	affero	2110	7.653	14	8	0.876
374	canticum	1965	7.127	13	10	0.872
375	condio	1216	4.41	8	8	0.863
376	orthodoxus	915	3.319	6	5	0.859
377	sacer	11163	40.487	73	56	0.855
378	paucus	3823	13.866	25	17	0.855
379	christianus1	5821	21.112	38	33	0.852
380	posterus	1849	6.706	12	9	0.844
381	manifestus	4330	15.704	28	23	0.838
382	quadraginta	1702	6.173	11	9	0.838
383	uocatio	938	3.402	6	3	0.823
384	dispositio	1251	4.537	8	4	0.822
385	iste2	20938	75.939	133	81	0.812
386	sacro	789	2.862	5	5	0.809
387	excedo	947	3.435	6	6	0.809
388	approbo	1107	4.015	7	7	0.806
389	intus1	1906	6.913	12	8	0.8
390	precipuus	2237	8.113	14	13	0.791
391	discutio	1125	4.08	7	6	0.782
392	diuersus	6111	22.164	38	33	0.782
393	conficio	1462	5.303	9	8	0.767
394	industria	821	2.978	5	5	0.751
395	pre1	2138	7.754	13	7	0.749
396	plurimus	4294	15.574	26	24	0.743
397	terminus	2478	8.987	15	11	0.743
398	:	232010	841.466	1404	243	0.742
399	transmitto	1001	3.631	6	6	0.728
400	censeo	1504	5.455	9	7	0.726
401	papa	6029	21.866	36	28	0.723
402	ita	28529	103.471	170	87	0.72
403	computo	842	3.054	5	5	0.715
404	mirabilis	1182	4.287	7	6	0.711
405	confessio	3889	14.105	23	15	0.709
406	ars	2369	8.592	14	13	0.708
407	floreo	1019	3.696	6	6	0.702
408	subsequor	1534	5.564	9	8	0.697
409	prout	1383	5.016	8	8	0.677
410	notitia	1560	5.658	9	8	0.673
411	comprehendo	2619	9.499	15	14	0.662
412	predictus	5771	20.931	33	26	0.66
413	profero	4745	17.209	27	23	0.653
414	denique	3179	11.53	18	17	0.646
415	thesaurus	1965	7.127	11	8	0.629
416	desum	2510	9.103	14	12	0.624
417	adiutorium	1440	5.223	8	7	0.618
418	(	30251	109.716	167	72	0.609
419	nouus	9489	34.415	52	38	0.598
420	unde	25621	92.924	139	69	0.584
421	maxime	3871	14.04	21	20	0.583
422	tracto	1848	6.702	10	6	0.58
423	custos	1686	6.115	9	3	0.56
424	decem	3204	11.62	17	17	0.551
425	uestimentum	2281	8.273	12	11	0.539
426	emendo	1716	6.224	9	8	0.535
427	indico1	2105	7.635	11	11	0.529
428	catholicus	5746	20.84	30	19	0.528
429	uis	7470	27.093	39	20	0.528
430	uanitas	959	3.478	5	4	0.526
431	similiter	5771	20.931	30	25	0.522
432	nomen	25313	91.807	131	87	0.515
433	sumo	4460	16.176	23	19	0.51
434	supra2	3902	14.152	20	14	0.501
435	ingenium	1372	4.976	7	5	0.494
436	colloco	1182	4.287	6	4	0.487
437	noto	2965	10.754	15	14	0.482
438	amen	3393	12.306	17	17	0.468
439	haud	998	3.62	5	5	0.468
440	doctrina	7028	25.49	35	28	0.459
441	consolatio	1431	5.19	7	6	0.433
442	queo	1026	3.721	5	4	0.428
443	propono	2062	7.479	10	7	0.421
444	synodus1	5574	20.216	27	11	0.419
445	pene	2894	10.496	14	13	0.417
446	incarnatio	2283	8.28	11	10	0.412
447	singulus	7284	26.418	35	21	0.408
448	materia1	1460	5.295	7	5	0.404
449	medicus2	1043	3.783	5	5	0.404
450	rite	1043	3.783	5	4	0.404
451	quidam	24360	88.35	116	78	0.394
452	uas2	2311	8.382	11	10	0.394
453	defero	2734	9.916	13	10	0.392
454	tot	1684	6.108	8	6	0.391
455	ostendo	14357	52.071	68	39	0.387
456	episcopatus	1692	6.137	8	7	0.384
457	pulcher	1486	5.39	7	7	0.379
458	hic1	15083	54.704	71	48	0.378
459	.	894868	3245.554	4209	449	0.377
460	liber2	4479	16.245	21	12	0.372
461	disco	4055	14.707	19	19	0.371
462	officium	6002	21.768	28	22	0.365
463	sequor	15585	56.525	72	48	0.351
464	columna	1084	3.932	5	4	0.348
465	memoria	4810	17.445	22	21	0.336
466	sepe	5477	19.864	25	18	0.333
467	hic3	167450	607.316	764	237	0.332
468	exilium	1097	3.979	5	4	0.331
469	difficilis	1097	3.979	5	5	0.331
470	decurro	1098	3.982	5	5	0.33
471	exprimo	2201	7.983	10	8	0.326
472	lucus1	1321	4.791	6	4	0.326
473	breuis1	1545	5.604	7	7	0.322
474	postmodo	1777	6.445	8	7	0.313
475	hactenus	1334	4.838	6	6	0.312
476	transfero	2451	8.889	11	10	0.309
477	tabernaculum	2916	10.576	13	6	0.299
478	spiro	1127	4.088	5	5	0.292
479	preter	2710	9.829	12	12	0.289
480	conditor	1584	5.745	7	7	0.286
481	arbitrium	2270	8.233	10	9	0.282
482	uenerandus	1363	4.943	6	5	0.281
483	augeo	1598	5.796	7	6	0.273
484	monachus	5525	20.038	24	16	0.261
485	recipio	7846	28.456	34	28	0.258
486	canonicus1	1154	4.185	5	4	0.258
487	uerbum	27300	99.013	118	71	0.254
488	proinde	1159	4.204	5	5	0.251
489	ubi	18833	68.305	81	62	0.247
490	dogma	1640	5.948	7	6	0.236
491	paradisus	1879	6.815	8	4	0.232
492	cur	3774	13.688	16	14	0.226
493	multus	21416	77.673	90	63	0.213
494	certe	3334	12.092	14	12	0.212
495	congrego	3349	12.146	14	14	0.206
496	an	4310	15.632	18	12	0.204
497	uarius1	2638	9.568	11	11	0.202
498	pono	17333	62.864	72	44	0.197
499	exhibeo	3621	13.133	15	11	0.193
500	felix	2663	9.658	11	9	0.188
501	siue	22976	83.331	94	62	0.174
502	regnum	16889	61.254	69	39	0.172
503	tantum	9319	33.799	38	25	0.17
504	ceterus	13284	48.179	54	40	0.165
505	congruus	1478	5.361	6	6	0.163
506	littera	7696	27.912	31	28	0.152
507	exinde	1244	4.512	5	5	0.149
508	superius	3237	11.74	13	12	0.148
509	undique	1251	4.537	5	4	0.141
510	subiungo	2534	9.19	10	9	0.122
511	laudo	4595	16.665	18	16	0.112
512	mille	3852	13.971	15	12	0.103
513	accipio	20568	74.597	80	40	0.101
514	sex	2330	8.451	9	6	0.091
515	condicio	1847	6.699	7	7	0.064
516	tego	1320	4.787	5	5	0.063
517	qui2	510903	1852.969	1922	391	0.053
518	disciplina	2928	10.619	11	10	0.051
519	desidero	3198	11.599	12	11	0.049
520	etiam	39518	143.326	148	95	0.046
521	ordo	10155	36.831	38	29	0.045
522	occurro	2152	7.805	8	7	0.036
523	dico3	128642	466.566	477	142	0.032
524	aio	18645	67.623	69	41	0.029
525	recedo	3535	12.821	13	12	0.02
526	assumo	4097	14.859	15	11	0.014
527	continuo1	1367	4.958	5	4	0.012
528	abscondo	2190	7.943	8	8	0.01
529	studium	4111	14.91	15	13	0.009
530	studeo	3844	13.942	14	13	0.006
531	probo	4948	17.946	18	18	0.004
532	consto	3616	13.115	13	13	-0.013
533	uestis	2231	8.092	8	7	-0.016
534	uenerabilis	4191	15.2	15	14	-0.019
535	presens	10088	36.588	36	19	-0.023
536	retineo	2244	8.139	8	8	-0.025
537	excipio	1684	6.108	6	6	-0.026
538	exeo	4226	15.327	15	12	-0.031
539	uiuo	12684	46.003	45	33	-0.032
540	monstro	2257	8.186	8	7	-0.033
541	iuxta1	11099	40.254	39	26	-0.046
542	securus	1425	5.168	5	5	-0.048
543	ut	168062	609.536	587	171	-0.055
544	opus1	24361	88.354	85	57	-0.056
545	regula1	4311	15.635	15	12	-0.06
546	nuncupo	1437	5.212	5	4	-0.06
547	utor	3164	11.475	11	10	-0.061
548	compleo	2602	9.437	9	9	-0.069
549	postulo	2606	9.452	9	6	-0.071
550	insinuo	1739	6.307	6	6	-0.072
551	antea	1450	5.259	5	5	-0.073
552	imperator	8703	31.565	30	20	-0.074
553	bonus	26208	95.053	90	36	-0.079
554	;	116352	421.992	398	151	-0.085
555	apud	14047	50.946	48	32	-0.086
556	fides	30182	109.466	103	51	-0.088
557	reprehendo	1473	5.342	5	5	-0.096
558	precedo	2652	9.618	9	8	-0.096
559	natiuitas	2360	8.559	8	8	-0.098
560	pars	17433	63.227	59	46	-0.1
561	ieiunium	2383	8.643	8	7	-0.112
562	concilium	4771	17.304	16	13	-0.113
563	uocabulum	1799	6.525	6	6	-0.121
564	hereticus2	3927	14.243	13	11	-0.132
565	coniungo	2118	7.682	7	7	-0.135
566	sono	1514	5.491	5	5	-0.136
567	siquidem	3033	11	10	8	-0.138
568	teneo	10923	39.616	36	29	-0.139
569	habeo	59550	215.979	196	111	-0.141
570	locus	27046	98.092	89	60	-0.141
571	decerno	3657	13.263	12	9	-0.145
572	sub	14326	51.958	47	32	-0.145
573	secundum1	20166	73.139	66	50	-0.149
574	numquid	2751	9.978	9	8	-0.149
575	facile	2448	8.879	8	8	-0.151
576	postea	4899	17.768	16	14	-0.152
577	fero	7669	27.814	25	19	-0.154
578	penitentia	8009	29.048	26	14	-0.16
579	auris	3705	13.438	12	12	-0.164
580	doceo	10200	36.994	33	28	-0.165
581	mysterium	5257	19.066	17	14	-0.166
582	patriarcha	2486	9.016	8	7	-0.173
583	eloquium	2486	9.016	8	8	-0.173
584	quomodo	10295	37.338	33	25	-0.179
585	conscientia	2496	9.053	8	8	-0.179
586	medion	3146	11.41	10	10	-0.191
587	considero	2835	10.282	9	7	-0.193
588	adeo1	1586	5.752	5	5	-0.203
589	extremus	1915	6.945	6	6	-0.212
590	apostolus	27482	99.673	86	46	-0.214
591	igitur	11511	41.749	36	27	-0.214
592	trado	8965	32.515	28	22	-0.216
593	quapropter	2248	8.153	7	6	-0.221
594	nam	23565	85.467	73	45	-0.228
595	penite	2590	9.394	8	8	-0.232
596	nimirum	2607	9.455	8	8	-0.242
597	iam	20595	74.695	63	47	-0.246
598	uisio	2627	9.528	8	6	-0.253
599	alius	47026	170.556	143	89	-0.255
600	,	2210261	8016.289	6686	591	-0.263
601	tango	2645	9.593	8	8	-0.263
602	auctoritas	8934	32.402	27	25	-0.264
603	pastor	3648	13.231	11	10	-0.267
604	natura	10944	39.692	33	17	-0.267
605	differo	2004	7.268	6	6	-0.278
606	reliquus	5021	18.21	15	12	-0.281
607	laus	6034	21.884	18	16	-0.283
608	arca	2348	8.516	7	7	-0.284
609	contendo	1681	6.097	5	5	-0.287
610	quod	53580	194.327	159	91	-0.29
611	ueraciter	1702	6.173	5	5	-0.305
612	et	725333	2630.675	2118	402	-0.314
613	insuper1	1715	6.22	5	5	-0.316
614	solus1	8953	32.471	26	24	-0.322
615	misa	3456	12.534	10	9	-0.327
616	nobilis	2434	8.828	7	7	-0.336
617	femen	1741	6.314	5	5	-0.338
618	uelut2	5228	18.961	15	13	-0.339
619	tollo	2793	10.13	8	5	-0.342
620	loquor	15720	57.014	45	38	-0.343
621	donum	4909	17.804	14	9	-0.348
622	cura	4219	15.302	12	10	-0.352
623	paulus	8919	32.348	25	20	-0.373
624	notus	1790	6.492	5	5	-0.378
625	consensus	2152	7.805	6	6	-0.381
626	sum	524045	1900.634	1457	336	-0.385
627	pontifex	6896	25.011	19	18	-0.398
628	totus	19267	69.879	53	44	-0.4
629	archiepiscopus	3644	13.216	10	10	-0.404
630	sufficio	2918	10.583	8	8	-0.405
631	nequaquam	3283	11.907	9	9	-0.405
632	ipse2	84491	306.436	230	131	-0.415
633	figura	2940	10.663	8	7	-0.416
634	appeto	1859	6.742	5	5	-0.433
635	decretum	2986	10.83	8	3	-0.438
636	respondeo	7111	25.791	19	12	-0.442
637	nemo	6740	24.445	18	12	-0.443
638	solum1	10488	38.038	28	26	-0.443
639	dimitto	5627	20.408	15	13	-0.446
640	uterque	7941	28.801	21	17	-0.457
641	at	3787	13.735	10	7	-0.459
642	cum2	48101	174.455	127	83	-0.459
643	super	23579	85.518	62	42	-0.465
644	iterum	6856	24.866	18	16	-0.468
645	longe	3815	13.836	10	9	-0.47
646	mitto	15279	55.415	40	33	-0.472
647	diuido	3443	12.487	9	8	-0.474
648	interpretor	5357	19.429	14	12	-0.474
649	enim	66589	241.508	174	97	-0.474
650	uerus	13589	49.285	35	21	-0.495
651	suus	117610	426.554	302	133	-0.5
652	leo	4300	15.596	11	8	-0.505
653	confero	4308	15.625	11	10	-0.508
654	quantus	4715	17.101	12	12	-0.513
655	significo	10220	37.066	26	21	-0.513
656	si	77083	279.569	196	98	-0.514
657	hodie	2363	8.57	6	5	-0.516
658	inde	7879	28.576	20	18	-0.516
659	examplum	6710	24.336	17	13	-0.519
660	episcopus	33792	122.559	85	52	-0.53
661	signum	14316	51.922	36	32	-0.53
662	licet	5198	18.852	13	13	-0.538
663	augustus1	3199	11.602	8	8	-0.538
664	alibi	2804	10.17	7	7	-0.54
665	martyr	7254	26.309	18	17	-0.549
666	curo	3637	13.191	9	8	-0.553
667	magister2	3647	13.227	9	9	-0.557
668	commendo	3669	13.307	9	9	-0.566
669	exsisto	6201	22.49	15	13	-0.586
670	taceo	2071	7.511	5	4	-0.589
671	intellego	19060	69.128	46	33	-0.589
672	oratio	8345	30.266	20	15	-0.599
673	redeo	5029	18.239	12	11	-0.606
674	ad	177121	642.392	422	181	-0.608
675	celestis	9264	33.599	22	16	-0.613
676	procedo	4218	15.298	10	5	-0.615
677	colo2	2118	7.682	5	4	-0.621
678	efficio	3399	12.328	8	8	-0.626
679	clarus	2977	10.797	7	7	-0.627
680	homo	47745	173.164	112	48	-0.63
681	moneo	2562	9.292	6	5	-0.633
682	que	76595	277.799	179	109	-0.636
683	magnus	24102	87.414	56	46	-0.644
684	presumo	4746	17.213	11	9	-0.648
685	bene	8253	29.932	19	15	-0.658
686	offero	7405	26.857	17	16	-0.662
687	manus2	17027	61.754	39	30	-0.665
688	templum	6987	25.341	16	9	-0.665
689	a	138248	501.405	315	182	-0.673
690	dictum	3527	12.792	8	8	-0.679
691	diaconus	3974	14.413	9	7	-0.681
692	lingua	5301	19.226	12	12	-0.682
693	uero1	35931	130.316	81	64	-0.688
694	propterea	3112	11.287	7	7	-0.691
695	aliquis	23119	83.849	52	42	-0.691
696	coram2	4891	17.739	11	10	-0.691
697	iubeo	9352	33.918	21	19	-0.694
698	quidem	13370	48.491	30	27	-0.695
699	quis	41464	150.384	93	59	-0.695
700	ille2	110466	400.644	247	136	-0.7
701	abbas	7157	25.957	16	14	-0.7
702	numquam	4938	17.909	11	10	-0.705
703	spiritus	31474	114.152	70	29	-0.708
704	uel	61906	224.524	137	76	-0.715
705	custodio2	4080	14.798	9	8	-0.719
706	nec	57170	207.347	126	78	-0.721
707	labor2	4996	18.12	11	11	-0.722
708	caueo	2277	8.258	5	5	-0.726
709	omnis	114016	413.519	250	139	-0.728
710	perduco	2286	8.291	5	5	-0.732
711	postquam	4115	14.925	9	9	-0.732
712	pereo	5041	18.283	11	8	-0.735
713	extra2	2294	8.32	5	4	-0.737
714	pater	42897	155.581	93	61	-0.744
715	post2	23168	84.027	50	37	-0.751
716	scilicet	11586	42.021	25	21	-0.751
717	ergo1	29670	107.609	64	45	-0.752
718	autem	64914	235.434	140	78	-0.752
719	fio	22271	80.774	48	41	-0.753
720	res	22399	81.238	48	43	-0.761
721	plenus	5158	18.707	11	11	-0.768
722	edo1	6571	23.832	14	12	-0.77
723	atque	64010	232.155	136	89	-0.774
724	diu	2832	10.271	6	6	-0.778
725	percutio	3314	12.019	7	5	-0.782
726	relinquo	6672	24.198	14	14	-0.792
727	uideo	45783	166.048	96	64	-0.793
728	quando	13356	48.44	28	22	-0.793
729	deuotio	2396	8.69	5	5	-0.8
730	permaneo	4808	17.438	10	8	-0.804
731	populus1	22668	82.214	47	31	-0.809
732	huiusmodi	4354	15.791	9	9	-0.813
733	demon	2421	8.781	5	5	-0.815
734	uir	19443	70.517	40	38	-0.82
735	iudeus	14110	51.175	29	24	-0.822
736	quam	41978	152.248	86	67	-0.826
737	tamen	22532	81.72	46	35	-0.831
738	unitas	3431	12.444	7	6	-0.832
739	circa2	3449	12.509	7	7	-0.84
740	usque	24197	87.759	49	39	-0.843
741	conseruo	2483	9.006	5	4	-0.851
742	idolum	2982	10.815	6	6	-0.852
743	alter	10468	37.966	21	20	-0.857
744	100	3493	12.669	7	7	-0.858
745	subicio	3002	10.888	6	6	-0.862
746	quero	8096	29.363	16	13	-0.878
747	gratia2	23297	84.495	46	20	-0.88
748	consentio	3040	11.026	6	4	-0.88
749	permitto	4066	14.747	8	8	-0.885
750	quisquis1	7132	25.867	14	13	-0.888
751	spiritalis	7657	27.771	15	12	-0.891
752	facio	73916	268.082	144	104	-0.899
753	saluator	5664	20.543	11	8	-0.904
754	creatura	4120	14.943	8	7	-0.904
755	capio1	5156	18.7	10	9	-0.905
756	nunc	13926	50.508	27	22	-0.906
757	intentio	2591	9.397	5	3	-0.913
758	soleo	4683	16.985	9	9	-0.919
759	ualde	3126	11.338	6	6	-0.921
760	annus	23523	85.314	45	32	-0.925
761	quia	98686	357.92	188	89	-0.931
762	nullus	24241	87.919	46	38	-0.937
763	uolo2	23240	84.288	44	35	-0.94
764	peto	6871	24.92	13	12	-0.941
765	melius	2662	9.655	5	4	-0.952
766	tempus	29849	108.258	56	43	-0.954
767	pascha	2667	9.673	5	2	-0.955
768	predestino	2670	9.684	5	4	-0.956
769	predicatio	4273	15.498	8	6	-0.957
770	constituo	8682	31.488	16	15	-0.979
771	designo	3799	13.778	7	7	-0.98
772	possum	56956	206.571	104	81	-0.993
773	intellectus	3313	12.016	6	5	-1.005
774	sed	101708	368.88	184	119	-1.006
775	pertineo	6671	24.195	12	11	-1.014
776	talis	14475	52.499	26	24	-1.016
777	comes	4465	16.194	8	6	-1.02
778	appareo	6162	22.349	11	11	-1.025
779	persona	7304	26.491	13	10	-1.03
780	puer	3939	14.286	7	7	-1.032
781	remaneo	2821	10.231	5	4	-1.036
782	contrarius	3386	12.281	6	6	-1.036
783	ante2	12432	45.089	22	16	-1.038
784	accedo	3956	14.348	7	6	-1.038
785	culpa	2844	10.315	5	4	-1.047
786	error	5140	18.642	9	9	-1.053
787	uoco	13140	47.657	23	17	-1.054
788	is2	288636	1046.84	505	214	-1.054
789	lux	6916	25.083	12	11	-1.066
790	crimen	3459	12.545	6	6	-1.067
791	noster	59504	215.812	103	72	-1.07
792	quasi	19683	71.387	34	26	-1.073
793	lapis	4057	14.714	7	5	-1.075
794	sacerdos	12795	46.406	22	21	-1.08
795	precapio	3522	12.774	6	5	-1.093
796	modus	5285	19.168	9	9	-1.093
797	perpetuus	4114	14.921	7	7	-1.095
798	propter	17688	64.152	30	23	-1.099
799	ibi	10625	38.535	18	17	-1.101
800	tum	16556	60.046	28	23	-1.103
801	deinde	5323	19.306	9	9	-1.104
802	audio	20164	73.132	34	28	-1.108
803	aduentus	3564	12.926	6	6	-1.11
804	gradus	2977	10.797	5	5	-1.113
805	presbyter	8350	30.284	14	13	-1.116
806	hostis	6567	23.818	11	10	-1.117
807	cognosco	10858	39.38	18	16	-1.132
808	per	98723	358.054	163	106	-1.138
809	tuus	47270	171.441	78	57	-1.139
810	angelus	8495	30.81	14	8	-1.141
811	iustus	15277	55.407	25	15	-1.151
812	prohibeo	3670	13.311	6	6	-1.152
813	ualeo	9178	33.287	15	13	-1.153
814	adhuc	7383	26.777	12	12	-1.161
815	gero	5597	20.3	9	9	-1.176
816	cunctus	10019	36.337	16	13	-1.186
817	admoneo	3156	11.446	5	4	-1.198
818	rogo	4419	16.027	7	7	-1.198
819	magis	8839	32.058	14	14	-1.198
820	mallus1	8278	30.023	13	10	-1.211
821	minus	3836	13.913	6	6	-1.216
822	ignis	8316	30.161	13	13	-1.217
823	ratio	9036	32.772	14	12	-1.23
824	dignus	8471	30.723	13	11	-1.244
825	do	28094	101.893	43	35	-1.248
826	clericus2	5231	18.972	8	7	-1.249
827	predico1	7881	28.583	12	11	-1.255
828	celebro	4605	16.702	7	7	-1.258
829	paruus	6579	23.861	10	10	-1.258
830	mora1	3957	14.352	6	6	-1.261
831	reddo	8605	31.209	13	10	-1.267
832	conuenio	5358	19.433	8	8	-1.283
833	species	4029	14.613	6	6	-1.287
834	scio	13520	49.035	20	19	-1.297
835	unusquisque	6766	24.539	10	10	-1.298
836	panis	5422	19.665	8	8	-1.301
837	mors	17655	64.032	26	22	-1.303
838	imago	5453	19.777	8	4	-1.309
839	anima	20451	74.173	30	24	-1.309
840	inquio	15058	54.613	22	17	-1.315
841	qualis	4107	14.896	6	6	-1.315
842	agnosco	3424	12.418	5	4	-1.316
843	gens	13090	47.476	19	12	-1.324
844	sto	5540	20.093	8	8	-1.332
845	dies	35444	128.55	51	33	-1.337
846	ero	26515	96.166	38	30	-1.343
847	existimo	3501	12.698	5	5	-1.348
848	pro	43480	157.696	62	45	-1.35
849	non	212441	770.492	301	157	-1.359
850	uirgo	7058	25.598	10	10	-1.359
851	dolor	3540	12.839	5	5	-1.364
852	rectus	7826	28.384	11	9	-1.371
853	debeo	23501	85.235	33	25	-1.372
854	dominus	89984	326.359	126	82	-1.376
855	christus	59315	215.127	83	53	-1.377
856	aufero	5062	18.359	7	7	-1.394
857	deus	140088	508.078	193	99	-1.4
858	mulier	6577	23.854	9	8	-1.409
859	ego	60664	220.019	82	58	-1.427
860	corpus	25509	92.517	34	24	-1.448
861	uxor	6105	22.142	8	8	-1.472
862	proficio	3874	14.05	5	5	-1.494
863	puto	7002	25.395	9	9	-1.5
864	passio	7106	25.772	9	8	-1.521
865	tantus	12693	46.036	16	14	-1.528
866	modo2	10590	38.408	13	12	-1.566
867	humanus1	10590	38.408	13	11	-1.566
868	communis	4075	14.779	5	4	-1.567
869	eligo	7355	26.676	9	8	-1.571
870	dum	18066	65.523	22	19	-1.578
871	ullus	4970	18.026	6	6	-1.591
872	forma	4151	15.055	5	5	-1.594
873	ob	5009	18.167	6	6	-1.602
874	nos	57619	208.976	69	48	-1.602
875	ecclesia	50122	181.785	60	43	-1.603
876	nihil	13404	48.614	16	15	-1.607
877	peruenio	6747	24.47	8	7	-1.616
878	uerum1	7601	27.568	9	8	-1.619
879	urbs	7688	27.883	9	9	-1.635
880	mox	4291	15.563	5	5	-1.642
881	neco	4303	15.606	5	5	-1.646
882	nisi	22453	81.434	26	24	-1.651
883	animus	7777	28.206	9	9	-1.652
884	celum	17298	62.737	20	15	-1.653
885	absque	4330	15.704	5	5	-1.655
886	quatenus	4354	15.791	5	5	-1.663
887	certus	4360	15.813	5	5	-1.665
888	se	80262	291.098	92	65	-1.665
889	tu	47761	173.222	54	45	-1.685
890	sol	5333	19.342	6	6	-1.692
891	cado	4445	16.121	5	5	-1.693
892	hora	11585	42.017	13	12	-1.696
893	frater	19042	69.063	21	17	-1.721
894	potius	4633	16.803	5	5	-1.752
895	oporteo	5575	20.22	6	6	-1.756
896	filius	50031	181.455	53	41	-1.779
897	uenio	11378	41.266	12	9	-1.786
898	mons	6752	24.489	7	7	-1.81
899	dux1	4842	17.561	5	5	-1.816
900	ideo	14608	52.981	15	15	-1.824
901	placeo	6145	22.287	6	6	-1.897
902	concedo	5214	18.91	5	5	-1.923
903	peccatum	26411	95.789	25	23	-1.942
904	casa	14857	53.884	14	12	-1.948
905	mundus2	15073	54.668	14	13	-1.969
906	credo2	21895	79.41	20	16	-1.993
907	uox	10981	39.827	10	9	-1.998
908	pena	5506	19.969	5	5	-2.002
909	potestas	9926	36	9	8	-2.004
910	ordino	5530	20.057	5	5	-2.008
911	duco	7756	28.13	7	7	-2.011
912	monasterium	10117	36.693	9	8	-2.031
913	prius	6813	24.71	6	4	-2.046
914	suscipio	10308	37.386	9	9	-2.058
915	nascor	7022	25.468	6	6	-2.09
916	oro	5945	21.562	5	5	-2.112
917	ago	19103	69.284	16	15	-2.118
918	ius1	6001	21.765	5	5	-2.126
919	cepio	6008	21.79	5	5	-2.128
920	uirtus	20802	75.446	17	16	-2.154
921	eternus	16006	58.051	13	13	-2.163
922	crux	6277	22.766	5	5	-2.191
923	malus1	7711	27.967	6	6	-2.225
924	uester	24118	87.472	18	15	-2.285
925	meus	41617	150.939	31	22	-2.288
926	oculus	9410	34.129	7	7	-2.29
927	honor	9422	34.172	7	7	-2.292
928	uos	35822	129.921	25	21	-2.382
929	princeps	10481	38.013	7	7	-2.445
930	terra	26620	96.547	17	12	-2.51
931	sedes	9426	34.187	6	5	-2.515
932	iudico	9448	34.267	6	6	-2.518
933	domus	13754	49.884	8	8	-2.645
934	morior	8639	31.332	5	5	-2.652
935	domina	8868	32.163	5	5	-2.69
936	fidelis	12503	45.347	7	7	-2.7
937	semper	14444	52.386	8	8	-2.716
938	diligo	9322	33.81	5	5	-2.762
939	uoluntas	11264	40.853	6	5	-2.772
940	futurus	9511	34.495	5	5	-2.791
941	sine	17513	63.517	9	8	-2.824
942	aqua	10006	36.29	5	5	-2.864
943	caritas	10145	36.794	5	3	-2.884
944	caro2	18153	65.838	6	6	-3.461
