No.	Word	Total no. in this subcorpus	Expected collocate frequency	Observed collocate frequency	In no. of texts	Z-score value

1	Augustinus	1868	6.775	446	72	168.554
2	Moralium	151	0.548	122	32	163.441
3	Regum	2335	8.469	444	105	149.49
4	Paralipomenon	275	0.997	139	46	137.683
5	Dialogorum	62	0.225	54	33	112.348
6	Numerorum	400	1.451	126	42	102.991
7	Machabeorum	128	0.464	67	40	96.919
8	in	463796	1682.119	5543	485	94.124
9	Iudicum	362	1.313	105	48	90.055
10	Exodi	97	0.352	53	32	87.92
11	Geneseos	94	0.341	49	38	82.48
12	Retractationum	31	0.112	27	13	78.696
13	Genesis	119	0.432	52	37	77.735
14	Esdre	68	0.247	39	20	77.028
15	Secundus	894	3.242	142	101	76.781
16	Augustini	834	3.025	136	49	76.17
17	Hypomnesticon	34	0.123	26	2	72.265
18	Euangeliorum	258	0.936	71	38	71.914
19	de	136672	495.689	2086	342	71.407
20	Antiquitatum	39	0.141	26	19	67.426
21	Enchiridion	64	0.232	32	18	64.9
22	Leuitici	54	0.196	29	18	63.957
23	Regnorum	283	1.026	64	35	61.665
24	Trinitate	828	3.003	106	32	59.147
25	Etymologiarum	19	0.069	16	13	58.783
26	Perseuerantie	141	0.511	43	8	58.716
27	Questionum	131	0.475	41	16	58.067
28	eodem	7506	27.223	327	93	57.359
29	secundo	2140	7.762	168	70	57.337
30	legitur	3327	12.067	209	102	56.549
31	apocryphus	18	0.065	15	1	56.495
32	Sententiarum	219	0.794	51	22	55.772
33	Tertius	851	3.087	101	72	55.448
34	Deuteronomii	125	0.453	37	21	53.536
35	Confessionum	40	0.145	21	14	53.441
36	quinque	3634	13.18	201	76	51.597
37	Item	9688	35.137	341	57	51.515
38	generationis	273	0.99	52	27	50.761
39	Correptione	163	0.591	40	8	50.604
40	Primo	4829	17.514	228	89	50.176
41	prologus	166	0.602	40	22	50.131
42	Incipit	1805	6.547	133	66	49.227
43	Quartus	480	1.741	67	49	49.081
44	Ansegisi	59	0.214	23	3	48.177
45	commentariorum	25	0.091	15	10	47.853
46	historiarum	71	0.258	25	16	47.773
47	Explicit	203	0.736	42	25	47.507
48	capitulorum	245	0.889	45	16	46.265
49	quarto	1121	4.066	96	47	45.346
50	Scripsit	1471	5.335	110	62	45.097
51	Primus	2727	9.89	150	110	44.392
52	Tobie	76	0.276	24	16	44.236
53	Ambrosius	556	2.017	63	24	42.593
54	Naue	245	0.889	41	25	42.022
55	Prosper	211	0.765	38	10	41.992
56	Isidorus	214	0.776	38	21	41.685
57	psalmorum	389	1.411	51	29	41.328
58	dele	95	0.345	25	20	41.152
59	Decimus	281	1.019	43	12	41.089
60	decimo	893	3.239	77	28	40.708
61	Gregorius	2028	7.355	118	44	40.613
62	uigesimo	183	0.664	34	8	40.305
63	prefatio	349	1.266	47	27	40.206
64	Predestinatione	739	2.68	68	16	39.593
65	capitulo	935	3.391	76	24	39.158
66	Iob	2983	10.819	140	76	39.122
67	tertio	2234	8.102	119	52	38.784
68	scriptum	8276	30.016	242	85	38.601
69	beatus	5441	19.734	188	68	37.766
70	Fulgentius	87	0.316	22	14	37.713
71	Monimum	18	0.065	10	5	36.926
72	Historie	779	2.825	65	42	36.692
73	diuinorum	620	2.249	57	39	36.178
74	quinto	760	2.756	63	27	35.985
75	Capitularium	57	0.207	17	5	35.835
76	epigrammatum	9	0.033	7	2	35.797
77	Silonitis	9	0.033	7	5	35.797
78	Danielis	148	0.537	27	21	35.437
79	quatuor	5393	19.56	176	69	35.26
80	Esther	150	0.544	27	19	35.191
81	septimo	796	2.887	63	33	35.085
82	Homiliarum	20	0.073	10	7	35.004
83	Deleantur	68	0.247	18	14	34.742
84	Sapientie	2871	10.413	122	74	34.426
85	Enchiridii	7	0.025	6	1	34.359
86	Mosaice	62	0.225	17	10	34.321
87	adulterinis	21	0.076	10	5	34.147
88	Ahie	10	0.036	7	5	33.94
89	Actuum	369	1.338	41	21	33.852
90	scribentur	37	0.134	13	11	33.756
91	Paralipomenorum	5	0.018	5	3	33.282
92	plicabitur	5	0.018	5	5	33.282
93	Sirach	59	0.214	16	13	33.045
94	Moysi	1466	5.317	82	38	33.039
95	Prouerbiorum	33	0.12	12	10	32.895
96	Quintus	315	1.143	36	24	32.144
97	epistolarum	192	0.696	28	17	32.12
98	Capitula	1125	4.08	69	22	31.892
99	idem	9197	33.356	218	50	31.884
100	Numeri	709	2.571	54	19	31.76
101	Ruth	133	0.482	23	17	31.701
102	Iouinianum	20	0.073	9	7	31.291
103	legis	5802	21.043	165	75	31.273
104	tertii	190	0.689	27	17	31.093
105	Peri	12	0.044	7	4	30.949
106	sexto	654	2.372	50	27	30.6
107	Uarronis	6	0.022	5	5	30.357
108	Samuelis	171	0.62	25	17	30.323
109	aperire	415	1.505	39	20	30.155
110	Boetius	54	0.196	14	8	30.063
111	appendices	27	0.098	10	1	30.045
112	inscribitur	123	0.446	21	17	30.025
113	Ciuitate	3102	11.251	112	43	29.888
114	Chronicorum	34	0.123	11	9	29.55
115	moralibus	74	0.268	16	9	29.401
116	I	4371	15.853	130	53	28.543
117	diuinis	2152	7.805	88	57	28.526
118	Hebraicarum	19	0.069	8	5	28.308
119	legimus	2198	7.972	88	51	28.167
120	prefato	623	2.26	45	18	28.101
121	Hieronymus	979	3.551	57	36	28.1
122	edidit	364	1.32	34	28	28.007
123	Leuiticus	38	0.138	11	11	27.912
124	scripti	117	0.424	19	17	27.748
125	diuinos	132	0.479	20	11	27.491
126	scripta	2049	7.431	82	53	27.171
127	Isaie	347	1.259	32	22	26.957
128	capite	2278	8.262	86	40	26.871
129	sanctus	8553	31.021	181	40	26.838
130	legat	291	1.055	29	22	26.714
131	Sextus	258	0.936	27	21	26.428
132	composuit	406	1.473	34	23	26.393
133	Boetii	28	0.102	9	6	26.354
134	Genesim	35	0.127	10	9	26.308
135	solidentur	8	0.029	5	3	26.248
136	sigillis	43	0.156	11	8	26.193
137	Euangelii	2367	8.585	85	44	25.91
138	sedentis	72	0.261	14	8	25.907
139	Lectio	693	2.513	44	17	25.853
140	secundi	402	1.458	33	29	25.708
141	memorato	322	1.168	29	10	25.292
142	prophetarum	1727	6.264	70	42	25.267
143	Hermes	47	0.171	11	9	25.019
144	signacula	70	0.254	13	12	24.304
145	Computo	41	0.149	10	4	24.25
146	commenti	14	0.051	6	4	24.183
147	scripsisti	84	0.305	14	11	23.906
148	prophetici	34	0.123	9	9	23.854
149	inuolutus	63	0.229	12	6	23.58
150	Caput	12364	44.842	203	65	23.543
151	aperti	144	0.522	18	11	23.493
152	Tobi	10	0.036	5	4	23.439
153	seruus	2666	9.669	83	56	23.422
154	Iosephi	64	0.232	12	6	23.388
155	additiones	15	0.054	6	2	23.347
156	trigesimo	116	0.421	16	5	23.248
157	Incipiunt	434	1.574	31	13	23.056
158	Athanasius	168	0.609	19	5	22.92
159	Sacramentorum	361	1.309	28	20	22.889
160	uolum	37	0.134	9	1	22.837
161	Actorum	37	0.134	9	3	22.837
162	Septimus	340	1.233	27	19	22.753
163	Hebraicorum	11	0.04	5	3	22.33
164	beati	6144	22.283	128	69	22.289
165	Apocalypsis	96	0.348	14	12	22.289
166	Historia	1037	3.761	47	33	22.038
167	Ezre	17	0.062	6	5	21.901
168	Gregorii	967	3.507	45	33	21.889
169	Ecclesiasticus	269	0.976	23	17	21.792
170	Moysis	88	0.319	13	8	21.561
171	quem	20657	74.92	262	139	21.556
172	auctorum	103	0.374	14	13	21.476
173	Quarti	135	0.49	16	12	21.452
174	institutionum	42	0.152	9	6	21.388
175	Turonensibus	12	0.044	5	1	21.362
176	Hester	18	0.065	6	3	21.27
177	religione	744	2.698	38	21	21.186
178	Paschasii	43	0.156	9	2	21.129
179	uolumina	261	0.947	22	19	21.125
180	Faustum	54	0.196	10	7	21.024
181	penitentialis	26	0.094	7	4	20.86
182	signatum	144	0.522	16	11	20.725
183	Iulianum	127	0.461	15	4	20.686
184	librum	1166	4.229	47	7	20.556
185	scribit	1222	4.432	48	28	20.458
186	authenticis	57	0.207	10	9	20.439
187	Iudith	279	1.012	22	17	20.367
188	bono	2382	8.639	69	18	20.366
189	uiuentium	611	2.216	33	26	20.344
190	Ex	62436	226.446	531	178	20.205
191	ueteribus	192	0.696	18	15	20.137
192	mortuos	868	3.148	39	24	19.925
193	Amalarius	38	0.138	8	2	19.831
194	Testamenti	1995	7.236	61	36	19.802
195	expositionis	74	0.268	11	9	19.75
196	Ueteris	1396	5.063	50	31	19.749
197	nonus	122	0.443	14	9	19.63
198	duos	2676	9.706	71	45	19.514
199	:	232010	841.466	1404	243	19.375
200	Officiorum	145	0.526	15	10	19.27
201	Uicesimus	78	0.283	11	2	19.209
202	titulatur	22	0.08	6	3	19.188
203	legere	496	1.799	28	25	19.162
204	ecclesiastici	369	1.338	24	19	19.157
205	uolumine	340	1.233	23	11	19.151
206	Salomonis	718	2.604	34	22	19.146
207	illustribus	80	0.29	11	11	18.954
208	Christiana	515	1.868	28	23	18.755
209	narrat	873	3.166	37	20	18.733
210	appellatur	1475	5.35	49	16	18.656
211	sermonum	300	1.088	21	5	18.61
212	Coniugiis	55	0.2	9	5	18.585
213	narratur	330	1.197	22	11	18.558
214	nono	361	1.309	23	13	18.519
215	scriptas	84	0.305	11	10	18.471
216	conscripserunt	44	0.16	8	3	18.375
217	Iesu	6492	23.546	113	54	18.332
218	Malachim	34	0.123	7	7	18.159
219	uite	11118	40.323	156	98	18.138
220	scriptoribus	104	0.377	12	9	18.111
221	Monacensis	25	0.091	6	2	17.964
222	Areopagita	46	0.167	8	2	17.954
223	lasciuus	35	0.127	7	6	17.888
224	apertus	35	0.127	7	5	17.888
225	Ezechielis	146	0.53	14	12	17.824
226	Iosue	459	1.665	25	14	17.698
227	meminit	495	1.795	26	19	17.692
228	prophetie	571	2.071	28	16	17.67
229	Areopagite	48	0.174	8	3	17.558
230	unus	6417	23.274	108	16	17.459
231	Octauus	223	0.809	17	12	17.448
232	Philo	18	0.065	5	4	17.357
233	contemptoris	18	0.065	5	2	17.357
234	huius	11730	42.543	156	86	17.318
235	plenius	809	2.934	33	20	17.26
236	eiusdem	6579	23.861	108	62	17.122
237	Ieremie	287	1.041	19	10	17.113
238	Isidori	181	0.657	15	12	17.086
239	scriptus	158	0.573	14	12	17.077
240	Cyprianus	184	0.667	15	10	16.933
241	.	894868	3245.554	4209	449	16.903
242	Malachie	19	0.069	5	3	16.88
243	Ierarchia	144	0.522	13	5	16.574
244	Prosperi	145	0.526	13	7	16.512
245	sacrorum	444	1.61	23	18	16.462
246	ecclesiastico	562	2.038	26	11	16.433
247	octauo	691	2.506	29	21	16.42
248	coniugali	106	0.384	11	2	16.315
249	Fulgentii	42	0.152	7	6	16.264
250	Hymnorum	56	0.203	8	7	16.191
251	conscripsit	176	0.638	14	12	16.098
252	tractatus	152	0.551	13	13	16.093
253	Hilarii	152	0.551	13	9	16.093
254	continetur	1029	3.732	35	31	15.927
255	liber	2348	8.516	55	27	15.758
256	Differentiarum	22	0.08	5	5	15.648
257	Etherii	22	0.08	5	1	15.648
258	gestorum	275	0.997	17	13	15.523
259	leguntur	624	2.263	26	25	15.446
260	editis	97	0.352	10	9	15.424
261	miraculorum	558	2.024	24	15	15.096
262	legebat	36	0.131	6	6	14.86
263	ecclesiastice	674	2.445	26	17	14.746
264	deleri	67	0.243	8	7	14.722
265	Exodus	37	0.134	6	5	14.648
266	Radberti	25	0.091	5	3	14.643
267	Apologeticum	25	0.091	5	5	14.643
268	operis	2291	8.309	51	33	14.637
269	synodis	155	0.562	12	7	14.588
270	Reparatione	69	0.25	8	2	14.492
271	manuscriptis	26	0.094	5	3	14.347
272	propheticis	137	0.497	11	8	14.191
273	Undecimus	55	0.2	7	7	14.107
274	confecit	73	0.265	8	4	14.061
275	Pastoralis	169	0.613	12	8	13.906
276	Scoti	41	0.149	6	3	13.877
277	Iu	3446	12.498	62	36	13.861
278	edidi	28	0.102	5	5	13.802
279	gentilium	699	2.535	25	20	13.795
280	capp	76	0.276	8	4	13.76
281	Hilarius	203	0.736	13	6	13.71
282	indicem	29	0.105	5	5	13.551
283	pastorali	209	0.758	13	6	13.487
284	Sequentis	244	0.885	14	11	13.41
285	sancti	19414	70.412	183	83	13.358
286	legite	30	0.109	5	4	13.312
287	commemorat	536	1.944	21	16	13.309
288	Bede	155	0.562	11	11	13.254
289	exordio	449	1.629	19	14	13.221
290	unum	11256	40.824	125	38	13.096
291	historiam	817	2.963	26	14	13.092
292	recipiebant	31	0.112	5	4	13.085
293	scripsisse	221	0.802	13	12	13.067
294	Augustinum	257	0.932	14	9	13.018
295	canonici	257	0.932	14	8	13.018
296	soluere	611	2.216	22	16	12.954
297	Apocalypsin	47	0.171	6	5	12.908
298	Baptismo	839	3.043	26	17	12.874
299	ueterum	343	1.244	16	14	12.782
300	locorum	678	2.459	23	15	12.78
301	prolixitas	48	0.174	6	4	12.765
302	expositione	433	1.57	18	16	12.711
303	continentur	631	2.289	22	17	12.699
304	Hebraicis	33	0.12	5	4	12.661
305	philosophorum	272	0.987	14	12	12.599
306	contra	16153	58.585	155	55	12.531
307	Duodecimus	50	0.181	6	6	12.49
308	sexti	50	0.181	6	6	12.49
309	Legant	91	0.33	8	6	12.481
310	Elipandum	34	0.123	5	4	12.464
311	dispositionum	34	0.123	5	2	12.464
312	demonstrat	1149	4.167	30	23	12.41
313	scribitur	711	2.579	23	15	12.406
314	doctor	1222	4.432	31	19	12.382
315	continet	838	3.039	25	19	12.31
316	disputationis	148	0.537	10	6	12.234
317	fine	3037	11.015	52	37	12.199
318	Iii	4170	15.124	63	36	12.182
319	duodecimo	181	0.657	11	7	12.149
320	finem	4190	15.197	63	36	12.134
321	hunc	6501	23.578	83	65	12.134
322	Excerpta	96	0.348	8	7	12.12
323	Cesariensis	73	0.265	7	7	12.118
324	uicesimo	183	0.664	11	9	12.074
325	priori	479	1.737	18	8	11.959
326	Nahum	37	0.134	5	3	11.918
327	refert	758	2.749	23	20	11.912
328	mentio	261	0.947	13	12	11.875
329	quicumque	347	1.259	15	5	11.803
330	descripta	160	0.58	10	10	11.709
331	primi	1411	5.118	32	23	11.662
332	Maximinum	57	0.207	6	3	11.642
333	Rabani	79	0.287	7	5	11.608
334	reperiatur	104	0.377	8	8	11.598
335	undecimo	197	0.715	11	6	11.577
336	Ambrosii	235	0.852	12	9	11.533
337	prefatione	166	0.602	10	10	11.467
338	Ii	4832	17.525	66	39	11.46
339	superiori	366	1.327	15	8	11.433
340	Esdra	59	0.214	6	2	11.427
341	signatus	107	0.388	8	8	11.416
342	Nuptiis	369	1.338	15	4	11.377
343	Beda	1157	4.196	28	9	11.376
344	precedenti	169	0.613	10	7	11.351
345	Hieronymi	283	1.026	13	11	11.325
346	conscriptus	41	0.149	5	5	11.284
347	Hebreorum	379	1.375	15	12	11.195
348	lapsis	111	0.403	8	6	11.186
349	Noni	42	0.152	5	5	11.14
350	apostolorum	5022	18.214	66	32	11.08
351	istius	1309	4.748	29	20	10.901
352	expositum	117	0.424	8	8	10.862
353	Tricesimus	67	0.243	6	1	10.664
354	sicut	40799	147.972	278	117	10.648
355	nominibus	704	2.553	20	11	10.606
356	Dionysius	272	0.987	12	5	10.585
357	canticorum	417	1.512	15	11	10.561
358	Cypriani	124	0.45	8	6	10.513
359	explanat	70	0.254	6	4	10.412
360	priore	282	1.023	12	7	10.36
361	quantitate	242	0.878	11	7	10.271
362	prophete	2564	9.299	41	30	10.232
363	Ione	100	0.363	7	5	10.191
364	quos	13860	50.268	123	82	10.188
365	lapsi	132	0.479	8	2	10.148
366	Marcellinum	50	0.181	5	2	10.142
367	tractauimus	51	0.185	5	3	10.033
368	Pelagium	52	0.189	5	2	9.928
369	dierum	1410	5.114	28	14	9.899
370	Quinti	106	0.384	7	7	9.863
371	copiam	261	0.947	11	11	9.819
372	uolumen	221	0.802	10	7	9.716
373	Agnelli	109	0.395	7	2	9.709
374	testatur	1634	5.926	30	25	9.684
375	reperi	181	0.657	9	8	9.681
376	titulus	542	1.966	16	14	9.653
377	tres	4679	16.97	57	39	9.596
378	inter	18369	66.622	145	70	9.541
379	reperitur	433	1.57	14	14	9.52
380	gestarum	148	0.537	8	3	9.504
381	suarum	1151	4.175	24	15	9.459
382	Bellorum	189	0.686	9	8	9.439
383	mentionem	439	1.592	14	11	9.437
384	Alcuinus	191	0.693	9	7	9.38
385	Decimi	116	0.421	7	3	9.373
386	scribuntur	117	0.424	7	7	9.327
387	Pontificali	193	0.7	9	4	9.323
388	conscripti	59	0.214	5	5	9.265
389	expositionem	198	0.718	9	7	9.183
390	explanatione	60	0.218	5	5	9.18
391	disputatum	60	0.218	5	3	9.18
392	Iosephus	344	1.248	12	11	9.179
393	scribat	88	0.319	6	5	9.17
394	Prudentius	88	0.319	6	5	9.17
395	Euangelistarum	200	0.725	9	7	9.128
396	Alcuini	200	0.725	9	7	9.128
397	delebo	61	0.221	5	5	9.097
398	signati	124	0.45	7	6	9.022
399	scriptores	204	0.74	9	7	9.022
400	Baruch	62	0.225	5	2	9.015
401	plures	1802	6.536	30	15	8.983
402	Pastoralem	92	0.334	6	4	8.944
403	Cassiani	93	0.337	6	4	8.889
404	uiginti	2038	7.392	32	18	8.868
405	Arianos	65	0.236	5	2	8.783
406	Decretorum	96	0.348	6	1	8.731
407	Exstant	172	0.624	8	8	8.706
408	gratis	947	3.435	20	6	8.669
409	nominum	326	1.182	11	8	8.569
410	exordium	384	1.393	12	12	8.565
411	superiore	177	0.642	8	7	8.559
412	manifestat	652	2.365	16	6	8.542
413	habentur	581	2.107	15	12	8.537
414	habetur	1516	5.498	26	21	8.53
415	Hebreos	582	2.111	15	10	8.527
416	Dionysii	451	1.636	13	7	8.495
417	decreui	101	0.366	6	4	8.482
418	Mattheum	279	1.012	10	9	8.438
419	sanctorum	10098	36.624	88	43	8.407
420	exponens	337	1.222	11	8	8.392
421	superioribus	753	2.731	17	10	8.332
422	prioribus	535	1.94	14	8	8.299
423	Noui	1776	6.441	28	23	8.297
424	terminetur	72	0.261	5	2	8.295
425	uerba	6519	23.643	64	45	8.197
426	apertum	296	1.074	10	7	8.133
427	egredietur	243	0.881	9	5	8.115
428	predestinationis	356	1.291	11	8	8.104
429	Nepotis	76	0.276	5	3	8.046
430	quoque	16521	59.919	122	70	7.955
431	Fide	7524	27.288	69	31	7.889
432	testimonia	988	3.583	19	13	7.88
433	copia	437	1.585	12	9	7.876
434	hereses	316	1.146	10	4	7.803
435	uirginitate	159	0.577	7	5	7.8
436	nomina	1928	6.993	28	27	7.755
437	laqueis	211	0.765	8	8	7.699
438	Penitentia	1620	5.876	25	13	7.684
439	Conciliorum	212	0.769	8	6	7.676
440	libero	528	1.915	13	7	7.649
441	precedentibus	394	1.429	11	8	7.588
442	essem	396	1.436	11	9	7.563
443	dimissus	124	0.45	6	5	7.531
444	testantur	400	1.451	11	10	7.513
445	institutione	222	0.805	8	6	7.461
446	exponunt	87	0.316	5	5	7.449
447	principio	1587	5.756	24	18	7.396
448	U	3578	12.977	40	23	7.363
449	totidem	347	1.259	10	9	7.346
450	Pontificalis	130	0.472	6	2	7.323
451	disputat	130	0.472	6	4	7.323
452	iste	6251	22.672	58	39	7.315
453	Scripture	1617	5.865	24	15	7.282
454	imponere	234	0.849	8	3	7.22
455	Heresibus	92	0.334	5	5	7.213
456	Paschasius	134	0.486	6	3	7.192
457	supradicto	183	0.664	7	6	7.164
458	egreditur	297	1.077	9	4	7.152
459	scribendi	136	0.493	6	6	7.129
460	Arium	94	0.341	5	5	7.123
461	titulo	510	1.85	12	9	7.096
462	legantur	138	0.501	6	5	7.067
463	inuenitur	1459	5.292	22	19	7.046
464	Regularum	96	0.348	5	5	7.036
465	istum	856	3.105	16	12	7.035
466	series	244	0.885	8	8	7.032
467	Eusebius	189	0.686	7	6	7.023
468	Eusebii	189	0.686	7	5	7.023
469	legit	598	2.169	13	8	7.015
470	sermone	2172	7.878	28	21	6.991
471	capitulari	98	0.355	5	4	6.952
472	dicitur	19450	70.542	129	64	6.901
473	Daniel	382	1.386	10	10	6.894
474	Canonum	1176	4.265	19	15	6.893
475	inuenimus	703	2.55	14	11	6.858
476	Gestis	710	2.575	14	12	6.808
477	tertium	900	3.264	16	13	6.772
478	diuersos	323	1.172	9	8	6.771
479	doctrina	2780	10.083	32	25	6.745
480	diuersorum	325	1.179	9	8	6.743
481	inueniuntur	632	2.292	13	12	6.742
482	catholicorum	471	1.708	11	10	6.727
483	antiquis	552	2.002	12	11	6.713
484	capitulis	473	1.716	11	8	6.707
485	homo	11409	41.379	85	30	6.704
486	sacre	1333	4.835	20	16	6.67
487	eisdem	1677	6.082	23	16	6.657
488	eorumdem	480	1.741	11	10	6.639
489	auctor	1238	4.49	19	17	6.612
490	Benedicti	1470	5.332	21	6	6.569
491	aperuit	655	2.376	13	9	6.569
492	Prosperum	108	0.392	5	3	6.564
493	Monitum	108	0.392	5	5	6.564
494	X	2211	8.019	27	16	6.526
495	Ui	3736	13.55	38	21	6.506
496	ita	28529	103.471	170	87	6.491
497	Clementis	159	0.577	6	6	6.483
498	Scriptor	216	0.783	7	7	6.459
499	uno	4827	17.507	45	22	6.451
500	Mediolanensis	114	0.414	5	2	6.355
501	aduersum	1417	5.139	20	5	6.335
502	lectori	115	0.417	5	5	6.322
503	septem	4445	16.121	42	24	6.321
504	declaratur	362	1.313	9	8	6.272
505	catalogo	168	0.609	6	4	6.265
506	pauca	1321	4.791	19	14	6.263
507	Ezechiel	363	1.317	9	5	6.261
508	inuentus	794	2.88	14	13	6.258
509	Uii	2452	8.893	28	15	6.24
510	sedecim	118	0.428	5	3	6.224
511	historiis	118	0.428	5	4	6.224
512	Incarnatione	367	1.331	9	8	6.214
513	Patrum	3751	13.604	37	27	6.207
514	scribi	172	0.624	6	6	6.174
515	epistolas	623	2.26	12	7	6.147
516	breuiter	1128	4.091	17	14	6.135
517	Gedeon	174	0.631	6	4	6.129
518	isto	1476	5.353	20	15	6.114
519	uerborum	1250	4.534	18	9	6.09
520	libri	1369	4.965	19	8	6.074
521	antiquorum	381	1.382	9	9	6.055
522	Cantica	241	0.874	7	6	6.018
523	sententias	551	1.998	11	11	6.014
524	Theodosii	125	0.453	5	3	6.01
525	dicit	25130	91.143	149	51	6.008
526	scribe	554	2.009	11	7	5.99
527	posuimus	244	0.885	7	4	5.969
528	diuine	3890	14.109	37	28	5.961
529	posterioribus	127	0.461	5	4	5.952
530	descripsit	127	0.461	5	5	5.952
531	penuria	127	0.461	5	4	5.952
532	hos	2454	8.9	27	21	5.899
533	argenti	569	2.064	11	8	5.873
534	plagas	322	1.168	8	8	5.86
535	Latinos	187	0.678	6	6	5.855
536	Xxii	483	1.752	10	9	5.854
537	Xxix	329	1.193	8	7	5.774
538	cuiusdam	776	2.814	13	11	5.773
539	scribere	678	2.459	12	11	5.765
540	Edificatione	134	0.486	5	1	5.758
541	conditi	135	0.49	5	5	5.731
542	partim	888	3.221	14	11	5.728
543	debito	334	1.211	8	5	5.714
544	Grecorum	592	2.147	11	11	5.7
545	aliquot	502	1.821	10	8	5.691
546	continentem	137	0.497	5	5	5.679
547	memorat	197	0.715	6	6	5.661
548	Amos	271	0.983	7	5	5.565
549	Questionibus	203	0.736	6	6	5.552
550	diuisione	277	1.005	7	4	5.483
551	tractatum	145	0.526	5	5	5.48
552	Genesi	529	1.919	10	5	5.473
553	lectione	529	1.919	10	9	5.473
554	(	30251	109.716	167	72	5.421
555	refertur	634	2.299	11	10	5.408
556	Leuitico	212	0.769	6	4	5.395
557	legatur	363	1.317	8	8	5.389
558	Testamentorum	151	0.548	5	5	5.341
559	potes	645	2.339	11	10	5.336
560	duodecim	2409	8.737	25	19	5.333
561	Legi	969	3.514	14	14	5.327
562	Marci	289	1.048	7	6	5.325
563	Caroli	1468	5.324	18	9	5.277
564	iustorum	1099	3.986	15	7	5.266
565	Iudaicus	221	0.802	6	5	5.248
566	octo	1632	5.919	19	15	5.171
567	Perfectione	385	1.396	8	6	5.165
568	legendo	160	0.58	5	5	5.146
569	ecclesiasticorum	163	0.591	5	4	5.084
570	aduersus	3779	13.706	33	25	5.077
571	theologia	164	0.595	5	2	5.064
572	doctoris	397	1.44	8	6	5.05
573	diuini	1542	5.593	18	15	5.035
574	Psalterium	235	0.852	6	6	5.034
575	mystica	399	1.447	8	5	5.032
576	doctorum	804	2.916	12	8	5.027
577	Expositio	166	0.602	5	5	5.024
578	prioris	495	1.795	9	3	5.004
579	Agni	598	2.169	10	7	4.978
580	tractatu	240	0.87	6	5	4.962
581	capita	707	2.564	11	4	4.956
582	legum	408	1.48	8	6	4.949
583	Augustino	321	1.164	7	6	4.945
584	reperiuntur	242	0.878	6	5	4.934
585	scriptorum	173	0.627	5	4	4.889
586	uidisse	415	1.505	8	8	4.886
587	Xxxiii	246	0.892	6	2	4.878
588	Sacramentis	614	2.227	10	5	4.874
589	Epistole	953	3.456	13	12	4.864
590	Ecclesiastica	954	3.46	13	9	4.86
591	Hinc	7123	25.834	51	29	4.853
592	prefatis	248	0.9	6	3	4.851
593	Iuliani	249	0.903	6	3	4.837
594	eumdem	2795	10.137	26	15	4.825
595	Xxu	423	1.534	8	4	4.817
596	tuo	4801	17.413	38	29	4.814
597	Exstat	335	1.215	7	6	4.795
598	sufficienter	336	1.219	7	7	4.784
599	Lucam	253	0.918	6	4	4.784
600	Ade	427	1.549	8	5	4.782
601	constitutione	254	0.921	6	4	4.771
602	Unde	25621	92.924	139	69	4.728
603	monachus	986	3.576	13	7	4.719
604	initio	1655	6.002	18	15	4.693
605	apertius	440	1.596	8	8	4.674
606	Xi	1524	5.527	17	14	4.667
607	manifeste	1127	4.088	14	13	4.656
608	euidenter	650	2.358	10	9	4.652
609	codice	545	1.977	9	8	4.64
610	Canonicis	448	1.625	8	6	4.609
611	plurali	189	0.686	5	4	4.607
612	secularium	450	1.632	8	7	4.593
613	creaturarum	268	0.972	6	5	4.593
614	uersibus	269	0.976	6	6	4.581
615	testante	269	0.976	6	6	4.581
616	predicto	664	2.408	10	8	4.57
617	Apocalypsi	668	2.423	10	9	4.547
618	Felicem	277	1.005	6	4	4.485
619	plerisque	197	0.715	5	4	4.478
620	Agone	197	0.715	5	4	4.478
621	Tabernaculo	570	2.067	9	2	4.474
622	Uiii	2494	9.045	23	15	4.474
623	recipiunt	279	1.012	6	6	4.462
624	nonnulla	468	1.697	8	6	4.454
625	Ecclesiasticum	370	1.342	7	7	4.453
626	questiones	281	1.019	6	5	4.439
627	thronum	373	1.353	7	7	4.425
628	Actus	1059	3.841	13	10	4.418
629	respicere	202	0.733	5	4	4.402
630	Osee	285	1.034	6	4	4.393
631	quorum	7967	28.895	53	39	4.391
632	ecclesiasticis	1073	3.892	13	11	4.364
633	latius	383	1.389	7	7	4.336
634	sacros	486	1.763	8	7	4.321
635	uera	3401	12.335	28	16	4.318
636	uocatus	847	3.072	11	8	4.238
637	Pauli	1822	6.608	18	14	4.237
638	cuius	15182	55.063	87	65	4.237
639	bibliotheca	214	0.776	5	4	4.227
640	sequenti	621	2.252	9	9	4.163
641	primum	6073	22.026	42	31	4.149
642	Pastoris	513	1.861	8	7	4.134
643	eosdem	752	2.727	10	7	4.101
644	comprehendit	313	1.135	6	6	4.097
645	auctoribus	224	0.812	5	4	4.091
646	mysteriorum	316	1.146	6	6	4.067
647	Xui	1018	3.692	12	8	4.063
648	testimoniis	524	1.901	8	8	4.062
649	Carmen	320	1.161	6	6	4.028
650	termino	234	0.849	5	4	3.963
651	multoties	235	0.852	5	3	3.951
652	duorum	794	2.88	10	10	3.901
653	potui	438	1.589	7	7	3.897
654	describit	335	1.215	6	6	3.887
655	Carolum	674	2.445	9	7	3.873
656	accepit	2807	10.181	23	14	3.861
657	congregauit	244	0.885	5	5	3.843
658	comprobatur	244	0.885	5	5	3.843
659	Uocatione	340	1.233	6	3	3.842
660	duo	5406	19.607	37	24	3.815
661	coniugii	247	0.896	5	3	3.808
662	Ludouicum	247	0.896	5	5	3.808
663	exponit	688	2.495	9	9	3.801
664	conscripta	248	0.9	5	5	3.796
665	custos	569	2.064	8	2	3.784
666	finis	1547	5.611	15	12	3.753
667	Matthei	253	0.918	5	4	3.74
668	reperimus	253	0.918	5	5	3.74
669	octoginta	352	1.277	6	6	3.738
670	Ioannis	2206	8.001	19	15	3.712
671	diuinarum	585	2.122	8	7	3.692
672	manifestissime	260	0.943	5	5	3.663
673	Xxxii	260	0.943	5	3	3.663
674	Conditor	473	1.716	7	7	3.653
675	exiit	364	1.32	6	4	3.638
676	declarat	476	1.726	7	7	3.633
677	Mendacio	365	1.324	6	6	3.63
678	demonstratur	477	1.73	7	7	3.627
679	nouem	996	3.612	11	9	3.624
680	ingenii	366	1.327	6	4	3.622
681	deest	478	1.734	7	7	3.62
682	ostendunt	479	1.737	7	7	3.613
683	trium	862	3.126	10	9	3.605
684	indicat	602	2.183	8	8	3.598
685	auctoris	371	1.346	6	6	3.581
686	prefati	738	2.677	9	9	3.559
687	quot	1015	3.681	11	11	3.554
688	seriem	375	1.36	6	6	3.55
689	officiis	615	2.231	8	8	3.528
690	quatuordecim	273	0.99	5	4	3.527
691	pleniter	494	1.792	7	6	3.518
692	appellauit	381	1.382	6	6	3.503
693	quotiescunque	276	1.001	5	5	3.497
694	iisdem	384	1.393	6	6	3.48
695	satis	3060	11.098	23	18	3.423
696	aduocatus	286	1.037	5	3	3.4
697	partem	3447	12.502	25	20	3.393
698	sequentibus	918	3.329	10	8	3.382
699	nouis	289	1.048	5	4	3.372
700	considerandum	399	1.447	6	4	3.369
701	papa	2730	9.901	21	18	3.368
702	alius	2767	10.036	21	13	3.303
703	ostendimus	297	1.077	5	4	3.298
704	paganorum	411	1.491	6	6	3.284
705	Responsio	412	1.494	6	2	3.277
706	Sancta	6735	24.427	41	29	3.252
707	episcopali	416	1.509	6	5	3.249
708	Tolle	303	1.099	5	3	3.244
709	exhibet	304	1.103	5	5	3.236
710	nusquam	677	2.455	8	7	3.219
711	regibus	1113	4.037	11	7	3.217
712	Dono	966	3.504	10	5	3.204
713	Salomon	1443	5.234	13	11	3.176
714	numero	3046	11.047	22	16	3.145
715	auctores	435	1.578	6	4	3.123
716	lectionem	318	1.153	5	5	3.116
717	capitulum	564	2.046	7	6	3.115
718	Origine	440	1.596	6	6	3.091
719	ornamenta	322	1.168	5	4	3.083
720	Celesti	1316	4.773	12	6	3.079
721	Miraculis	856	3.105	9	6	3.062
722	tribus	3877	14.061	26	22	3.05
723	Xii	2009	7.286	16	14	3.043
724	iuuenis	449	1.629	6	6	3.034
725	diligenter	1675	6.075	14	14	3.012
726	lector	723	2.622	8	7	3.012
727	hic	18456	66.937	92	62	3.002
728	initium	1521	5.516	13	13	2.973
729	integrum	738	2.677	8	7	2.948
730	artis	464	1.683	6	5	2.942
731	libros	1044	3.786	10	7	2.936
732	centum	1544	5.6	13	11	2.916
733	Codicibus	346	1.255	5	5	2.897
734	imposuit	346	1.255	5	4	2.897
735	quosdam	1554	5.636	13	12	2.891
736	duobus	3025	10.971	21	17	2.877
737	ostenditur	1397	5.067	12	10	2.858
738	docet	1922	6.971	15	13	2.852
739	Pontificum	914	3.315	9	8	2.848
740	Priorum	355	1.288	5	4	2.831
741	sequitur	6547	23.745	38	21	2.823
742	frequenter	1253	4.544	11	10	2.794
743	Scripturarum	1950	7.072	15	14	2.793
744	Uiris	1423	5.161	12	12	2.79
745	en	497	1.803	6	5	2.754
746	singuli	786	2.851	8	4	2.754
747	prefatus	640	2.321	7	6	2.743
748	accipiat	948	3.438	9	4	2.73
749	libro	4565	16.557	28	12	2.689
750	quibusdam	2976	10.794	20	18	2.65
751	nominatur	663	2.405	7	6	2.641
752	exposuit	384	1.393	5	5	2.633
753	istos	520	1.886	6	4	2.632
754	Xxui	385	1.396	5	4	2.627
755	cetera	4000	14.507	25	19	2.624
756	Pluribus	821	2.978	8	8	2.621
757	sententiis	525	1.904	6	6	2.606
758	Xu	1323	4.798	11	8	2.603
759	diuersis	2046	7.421	15	15	2.599
760	adiutorio	528	1.915	6	5	2.591
761	utilis	392	1.422	5	5	2.582
762	Samuel	393	1.425	5	3	2.575
763	Regule	532	1.93	6	5	2.57
764	Libello	400	1.451	5	5	2.532
765	dicto	689	2.499	7	7	2.531
766	arbitrio	1015	3.681	9	8	2.511
767	fecisse	1190	4.316	10	10	2.495
768	quodam	1912	6.935	14	14	2.493
769	quo	34150	123.857	152	95	2.484
770	ordinem	2503	9.078	17	16	2.463
771	manibus	3106	11.265	20	15	2.454
772	sepius	1208	4.381	10	9	2.446
773	comitis	558	2.024	6	5	2.444
774	loqueretur	415	1.505	5	5	2.441
775	multa	5868	21.282	33	26	2.432
776	istorum	418	1.516	5	4	2.424
777	imperatorem	1046	3.794	9	8	2.416
778	discere	421	1.527	5	5	2.406
779	adiecit	422	1.531	5	5	2.4
780	habemus	2155	7.816	15	11	2.391
781	presentis	1780	6.456	13	8	2.379
782	permaneat	574	2.082	6	4	2.369
783	postulat	428	1.552	5	4	2.366
784	Xuiii	904	3.279	8	7	2.331
785	Mattheus	746	2.706	7	6	2.307
786	Paradiso	750	2.72	7	3	2.292
787	homilia	752	2.727	7	7	2.284
788	Xx	764	2.771	7	5	2.24
789	perhibetur	453	1.643	5	4	2.229
790	conscientie	454	1.647	5	5	2.224
791	beate	1114	4.04	9	8	2.219
792	Testamentum	1304	4.729	10	9	2.194
793	euangeliste	616	2.234	6	6	2.185
794	Redemptor	782	2.836	7	5	2.176
795	Ioannem	1314	4.766	10	8	2.169
796	beatum	1320	4.787	10	8	2.154
797	terminum	631	2.289	6	6	2.123
798	scribens	631	2.289	6	6	2.123
799	predicti	801	2.905	7	7	2.109
800	uestimenta	984	3.569	8	8	2.081
801	septuaginta	1934	7.014	13	8	2.071
802	studuit	494	1.792	5	5	2.023
803	Isaiam	496	1.799	5	4	2.014
804	dextera	1196	4.338	9	4	1.998
805	Isaia	664	2.408	6	5	1.992
806	offert	502	1.821	5	5	1.986
807	plurimi	510	1.85	5	4	1.949
808	Scriptura	3694	13.398	21	15	1.94
809	aperte	1811	6.568	12	9	1.924
810	Preterea	1228	4.454	9	8	1.917
811	uerbis	5501	19.951	29	25	1.914
812	singulorum	685	2.484	6	4	1.913
813	uides	692	2.51	6	4	1.887
814	Similiter	5768	20.92	30	25	1.876
815	scriptis	875	3.174	7	7	1.867
816	testimonio	876	3.177	7	7	1.864
817	arbitror	708	2.568	6	6	1.83
818	ordines	714	2.59	6	5	1.809
819	Habent	4249	15.411	23	19	1.806
820	Isaias	1093	3.964	8	4	1.776
821	Laude	1094	3.968	8	8	1.773
822	precipue	1288	4.671	9	8	1.771
823	Canticum	726	2.633	6	5	1.767
824	uersus	1098	3.982	8	8	1.763
825	Denique	3179	11.53	18	17	1.758
826	Plaga	557	2.02	5	5	1.745
827	intus	1906	6.913	12	8	1.745
828	quadraginta	1702	6.173	11	9	1.742
829	maxime	3869	14.032	21	20	1.727
830	Magni	1511	5.48	10	8	1.717
831	intelliguntur	741	2.688	6	5	1.716
832	uenerabilis	1716	6.224	11	10	1.714
833	multi	3434	12.455	19	15	1.713
834	ostendit	5482	19.882	28	23	1.708
835	Moyses	2350	8.523	14	12	1.705
836	pre	2146	7.783	13	7	1.691
837	Spiritu	7382	26.773	36	14	1.687
838	breui	572	2.075	5	5	1.684
839	significant	943	3.42	7	7	1.665
840	aliqui	757	2.746	6	4	1.662
841	intelligimus	759	2.753	6	6	1.656
842	Ix	1546	5.607	10	10	1.644
843	Huic	3506	12.716	19	18	1.622
844	auctorem	773	2.804	6	6	1.61
845	posuit	2195	7.961	13	12	1.609
846	imagines	964	3.496	7	3	1.606
847	natiuitate	596	2.162	5	5	1.59
848	triginta	1573	5.705	10	10	1.589
849	Hebrei	598	2.169	5	5	1.583
850	auri	782	2.836	6	6	1.582
851	nempe	785	2.847	6	6	1.572
852	dignus	1376	4.991	9	7	1.571
853	ipsius	9218	33.432	43	41	1.568
854	tum	2227	8.077	13	10	1.556
855	presumpserit	609	2.209	5	4	1.542
856	Totus	1602	5.81	10	9	1.531
857	clericorum	993	3.602	7	6	1.527
858	magnam	1001	3.631	7	7	1.506
859	euangelista	1406	5.099	9	7	1.506
860	contulit	808	2.931	6	5	1.501
861	multorum	1411	5.118	9	8	1.495
862	personis	812	2.945	6	3	1.489
863	ubi	18833	68.305	81	62	1.476
864	sanctis	4324	15.683	22	15	1.469
865	arce	630	2.285	5	5	1.465
866	plurima	1018	3.692	7	7	1.461
867	Moysen	1428	5.179	9	9	1.459
868	solus	3183	11.544	17	16	1.459
869	iustitie	3646	13.224	19	15	1.451
870	panes	825	2.992	6	6	1.45
871	decem	3195	11.588	17	17	1.443
872	nomen	8419	30.535	39	31	1.442
873	testimonium	3199	11.602	17	16	1.438
874	locis	2984	10.823	16	16	1.422
875	auctore	842	3.054	6	6	1.4
876	suos	6301	22.853	30	26	1.39
877	christianorum	1047	3.797	7	6	1.387
878	auctoritas	1468	5.324	9	8	1.376
879	testis	851	3.087	6	5	1.374
880	suorum	3962	14.37	20	11	1.353
881	Percussit	664	2.408	5	4	1.348
882	hereticorum	1271	4.61	8	6	1.346
883	cultu	665	2.412	5	5	1.345
884	lege	4918	17.837	24	17	1.341
885	quibus	25792	93.544	107	68	1.34
886	Quinquaginta	873	3.166	6	6	1.312
887	epistolam	1288	4.671	8	7	1.309
888	principium	1288	4.671	8	7	1.309
889	conditione	676	2.452	5	5	1.308
890	archiepiscopum	682	2.474	5	5	1.289
891	Christiane	685	2.484	5	5	1.279
892	unius	3099	11.24	16	13	1.271
893	intentio	688	2.495	5	3	1.269
894	solidos	690	2.503	5	5	1.263
895	temporibus	3574	12.962	18	12	1.26
896	Trinitatis	1748	6.34	10	9	1.255
897	alios	3821	13.858	19	16	1.247
898	alium	1980	7.181	11	7	1.238
899	propriis	1541	5.589	9	7	1.231
900	dixi	1995	7.236	11	9	1.214
901	teste	710	2.575	5	5	1.2
902	Reuera	711	2.579	5	5	1.196
903	synodi	711	2.579	5	4	1.196
904	Amen	3393	12.306	17	17	1.196
905	Natura	4347	15.766	21	10	1.192
906	Hi	4590	16.647	22	13	1.189
907	desiderat	919	3.333	6	5	1.187
908	abbatis	1136	4.12	7	5	1.172
909	beato	1575	5.712	9	7	1.166
910	Uidi	927	3.362	6	6	1.166
911	prophetia	721	2.615	5	5	1.166
912	loquens	728	2.64	5	4	1.144
913	Romanis	729	2.644	5	5	1.141
914	diaconi	730	2.648	5	3	1.138
915	Grece	1158	4.2	7	5	1.122
916	plura	1161	4.211	7	7	1.116
917	prout	1383	5.016	8	8	1.109
918	motus	1165	4.225	7	2	1.107
919	tria	1611	5.843	9	9	1.099
920	tenet	1172	4.251	7	6	1.091
921	S	7161	25.972	32	28	1.085
922	sermones	749	2.717	5	4	1.082
923	sermonis	754	2.735	5	5	1.068
924	mortis	3752	13.608	18	14	1.055
925	imperatoris	2097	7.606	11	6	1.05
926	dicentem	768	2.785	5	5	1.027
927	predictus	769	2.789	5	5	1.025
928	debitum	780	2.829	5	3	0.994
929	lapides	1022	3.707	6	5	0.932
930	tulit	806	2.923	5	5	0.922
931	Cura	1711	6.206	9	8	0.921
932	tradidit	1946	7.058	10	7	0.919
933	idolorum	813	2.949	5	5	0.903
934	Corpore	5382	19.52	24	14	0.901
935	femina	814	2.952	5	5	0.901
936	pene	2923	10.601	14	13	0.89
937	utriusque	1273	4.617	7	7	0.876
938	uariis	1047	3.797	6	6	0.874
939	Ceteri	1516	5.498	8	7	0.854
940	obtulit	833	3.021	5	5	0.851
941	templi	1758	6.376	9	3	0.841
942	Probatur	838	3.039	5	5	0.838
943	multos	2001	7.257	10	9	0.832
944	auctoritatis	1067	3.87	6	6	0.829
945	prior	1076	3.903	6	4	0.809
946	memorie	1308	4.744	7	7	0.806
947	pape	2755	9.992	13	10	0.793
948	litterarum	856	3.105	5	5	0.792
949	Seu	6014	21.812	26	23	0.79
950	inuenire	1087	3.942	6	4	0.784
951	suis	18251	66.194	73	48	0.775
952	constituit	1560	5.658	8	8	0.774
953	singulis	2282	8.277	11	9	0.773
954	sensu	1803	6.539	9	9	0.767
955	arte	867	3.145	5	5	0.764
956	siue	16962	61.519	68	43	0.763
957	dicens	10689	38.767	44	31	0.76
958	studio	1811	6.568	9	9	0.754
959	presentem	1105	4.008	6	5	0.745
960	Supra	6866	24.902	29	21	0.721
961	saltem	1600	5.803	8	8	0.704
962	fertur	896	3.25	5	5	0.694
963	appellat	897	3.253	5	5	0.691
964	Romanorum	1369	4.965	7	6	0.689
965	luce	1859	6.742	9	8	0.677
966	Ceterum	1144	4.149	6	6	0.663
967	gesta	1383	5.016	7	6	0.663
968	Primam	910	3.3	5	5	0.66
969	litteras	1398	5.07	7	7	0.635
970	Quidam	6209	22.519	26	24	0.628
971	uocatur	2641	9.579	12	11	0.621
972	audit	929	3.369	5	4	0.616
973	memoriam	1907	6.916	9	8	0.602
974	presenti	2919	10.587	13	11	0.588
975	episcopus	9920	35.978	40	24	0.587
976	dolore	943	3.42	5	5	0.584
977	Habes	1184	4.294	6	5	0.582
978	psalmus	1429	5.183	7	6	0.579
979	uoluerit	2172	7.878	10	8	0.578
980	exempla	1187	4.305	6	6	0.576
981	Disciplina	952	3.453	5	4	0.564
982	tot	1684	6.108	8	6	0.563
983	aliorum	2187	7.932	10	8	0.557
984	Patet	1198	4.345	6	6	0.554
985	haud	963	3.493	5	5	0.539
986	ipsorum	1702	6.173	8	8	0.534
987	Preter	2710	9.829	12	12	0.533
988	Predicatione	966	3.504	5	3	0.532
989	Ait	17493	63.445	68	40	0.509
990	auro	1222	4.432	6	6	0.507
991	cur	3768	13.666	16	14	0.496
992	quippe	7694	27.905	31	21	0.491
993	fere	991	3.594	5	5	0.478
994	necnon	1487	5.393	7	7	0.477
995	an	4310	15.632	18	12	0.473
996	superius	3276	11.882	14	12	0.47
997	magnum	1997	7.243	9	8	0.467
998	uasa	1497	5.429	7	6	0.459
999	temporum	1249	4.53	6	6	0.456
1000	aliis	7744	28.086	31	26	0.455
1001	Laus	1005	3.645	5	4	0.448
1002	postmodum	1759	6.38	8	7	0.444
1003	uideretur	1012	3.67	5	5	0.433
1004	loquitur	3834	13.905	16	15	0.428
1005	Uide	1279	4.639	6	5	0.4
1006	Dominica	1279	4.639	6	3	0.4
1007	diximus	3081	11.174	13	12	0.397
1008	Saul	1031	3.739	5	5	0.393
1009	notitiam	1035	3.754	5	5	0.385
1010	Hactenus	1292	4.686	6	6	0.376
1011	rite	1044	3.786	5	4	0.367
1012	maxima	1047	3.797	5	5	0.361
1013	etiam	39496	143.246	148	95	0.355
1014	horum	2342	8.494	10	10	0.345
1015	populus	4983	18.073	20	16	0.336
1016	miracula	1062	3.852	5	4	0.33
1017	creditur	1063	3.855	5	2	0.328
1018	Dauid	6606	23.959	26	16	0.315
1019	positum	1073	3.892	5	5	0.308
1020	quodammodo	1085	3.935	5	4	0.285
1021	numerus	2131	7.729	9	8	0.277
1022	millia	2134	7.74	9	7	0.273
1023	Porro	2399	8.701	10	9	0.271
1024	notandum	1612	5.847	7	7	0.27
1025	scire	1876	6.804	8	8	0.267
1026	Certe	2932	10.634	12	10	0.266
1027	Hoc	68485	248.385	253	118	0.261
1028	gratie	2938	10.656	12	2	0.259
1029	sententiam	2675	9.702	11	5	0.256
1030	duabus	1108	4.019	5	5	0.24
1031	catholice	1669	6.053	7	4	0.182
1032	secunda	1939	7.033	8	8	0.176
1033	audi	1151	4.175	5	5	0.159
1034	proinde	1158	4.2	5	5	0.146
1035	diaboli	2237	8.113	9	9	0.136
1036	Uita	9843	35.699	37	32	0.134
1037	faceret	1166	4.229	5	5	0.132
1038	solummodo	1434	5.201	6	5	0.131
1039	domni	1434	5.201	6	6	0.131
1040	uiros	1438	5.215	6	6	0.125
1041	exinde	1244	4.512	5	5	0.115
1042	undique	1251	4.537	5	4	0.109
1043	quecunque	1989	7.214	8	8	0.107
1044	magister	1270	4.606	5	5	0.092
1045	alio	3362	12.194	13	11	0.088
1046	Propheta	5273	19.124	20	16	0.086
1047	memoria	1462	5.303	6	6	0.086
1048	habens	2084	7.558	8	8	0.08
1049	alterius	2354	8.538	9	8	0.079
1050	dicente	2087	7.569	8	8	0.078
1051	Bellum	1196	4.338	5	5	0.078
1052	numerum	1830	6.637	7	6	0.07
1053	nil	1573	5.705	6	5	0.062
1054	sacri	1206	4.374	5	4	0.06
1055	Ioannes	4564	16.553	17	11	0.055
1056	medium	1211	4.392	5	5	0.051
1057	sensum	2402	8.712	9	9	0.049
1058	utrumque	1761	6.387	7	6	0.045
1059	Fac	1326	4.809	5	4	0.044
1060	populum	4591	16.651	17	13	0.043
1061	sacris	2040	7.399	8	8	0.037
1062	prima	3524	12.781	13	10	0.031
1063	oratio	1614	5.854	6	6	0.03
1064	suo	14496	52.575	53	36	0.029
1065	inuenit	1618	5.868	6	6	0.027
1066	scientiam	1621	5.879	6	6	0.025
1067	aliquem	1228	4.454	5	5	0.022
1068	nostrorum	2327	8.44	9	6	0.021
1069	Petrum	1355	4.914	5	4	0.019
1070	sex	2329	8.447	9	6	0.018
1071	litteram	1360	4.933	5	5	0.015
1072	continuo	1374	4.983	5	4	0.004
1073	uix	1790	6.492	7	7	0.003
1074	tantum	10340	37.502	37	25	-0
1075	dicuntur	3173	11.508	11	11	-0.002
1076	Euangelium	2772	10.054	10	7	-0.008
1077	quondam	2078	7.537	7	7	-0.013
1078	nullus	6102	22.131	22	19	-0.014
1079	Iuda	1951	7.076	7	6	-0.014
1080	missus	1398	5.07	5	5	-0.016
1081	Nunquid	2642	9.582	9	8	-0.027
1082	ueluti	1816	6.586	6	5	-0.034
1083	annum	1701	6.169	6	6	-0.034
1084	sanctos	1819	6.597	6	6	-0.038
1085	constat	2554	9.263	9	9	-0.043
1086	Re	3396	12.317	12	11	-0.045
1087	antea	1450	5.259	5	5	-0.056
1088	usus	1736	6.296	6	6	-0.059
1089	presbyter	2311	8.382	8	7	-0.066
1090	prophetam	2601	9.433	9	8	-0.071
1091	alter	2036	7.384	7	7	-0.071
1092	tali	1845	6.692	6	6	-0.074
1093	accipere	2325	8.432	8	6	-0.074
1094	patres	2405	8.723	8	8	-0.075
1095	Fiat	3249	11.784	11	11	-0.083
1096	Oratione	1485	5.386	5	2	-0.083
1097	igne	2063	7.482	7	7	-0.088
1098	adeo	1586	5.752	5	5	-0.105
1099	omnes	23853	86.511	85	62	-0.109
1100	profecto	2155	7.816	7	7	-0.113
1101	anime	4966	18.011	17	13	-0.12
1102	sunt	72096	261.482	259	116	-0.123
1103	canones	1603	5.814	5	5	-0.13
1104	culpa	1611	5.843	5	4	-0.142
1105	olim	2184	7.921	7	7	-0.15
1106	Siquidem	3033	11	10	8	-0.151
1107	sacerdotes	3065	11.116	10	9	-0.185
1108	debere	1928	6.993	6	4	-0.186
1109	aliqua	3067	11.124	10	10	-0.187
1110	synodo	1933	7.011	6	3	-0.193
1111	Romane	1941	7.04	6	5	-0.203
1112	ueritate	2803	10.166	9	6	-0.209
1113	Quapropter	2248	8.153	7	6	-0.229
1114	iuxta	12151	44.07	42	28	-0.236
1115	totum	4540	16.466	15	14	-0.238
1116	foris	1679	6.09	5	5	-0.239
1117	facile	1679	6.09	5	5	-0.239
1118	Saluatoris	2546	9.234	8	6	-0.242
1119	itaque	8518	30.894	29	23	-0.251
1120	scientie	1694	6.144	5	4	-0.26
1121	Actibus	1696	6.151	5	5	-0.263
1122	multis	4879	17.695	16	16	-0.284
1123	insuper	1715	6.22	5	5	-0.289
1124	penitus	2589	9.39	8	8	-0.29
1125	uidetur	5463	19.814	18	14	-0.295
1126	postea	4899	17.768	16	14	-0.301
1127	nimirum	2607	9.455	8	8	-0.311
1128	habebat	1733	6.285	5	5	-0.313
1129	locutus	2328	8.443	7	6	-0.325
1130	apud	14014	50.827	48	32	-0.326
1131	medio	3221	11.682	10	10	-0.346
1132	sancto	6677	24.217	22	12	-0.349
1133	lingua	2354	8.538	7	7	-0.355
1134	secundum	20850	75.62	72	54	-0.359
1135	Ioseph	1767	6.409	5	4	-0.359
1136	qui	164490	596.581	587	210	-0.372
1137	proprie	2375	8.614	7	7	-0.379
1138	rem	1783	6.467	5	5	-0.38
1139	fecerit	1796	6.514	5	5	-0.397
1140	misit	3285	11.914	10	10	-0.41
1141	eas	3004	10.895	9	8	-0.423
1142	e	4178	15.153	13	13	-0.425
1143	Pascha	1826	6.623	5	2	-0.436
1144	Quare	3911	14.185	12	10	-0.447
1145	anni	2145	7.78	6	4	-0.459
1146	tandem	2476	8.98	7	5	-0.494
1147	Ciuitatis	2491	9.035	7	5	-0.511
1148	Neque	16128	58.494	54	38	-0.522
1149	Francorum	1894	6.869	5	4	-0.522
1150	pars	2809	10.188	8	8	-0.529
1151	hac	9255	33.567	30	24	-0.529
1152	rerum	4903	17.783	15	12	-0.541
1153	Ordo	1921	6.967	5	4	-0.556
1154	quamuis	4631	16.796	14	11	-0.56
1155	poterit	2245	8.142	6	6	-0.576
1156	totius	3762	13.644	11	8	-0.58
1157	episcopi	7018	25.453	22	15	-0.585
1158	litteris	2264	8.211	6	5	-0.597
1159	sum	8214	29.791	26	15	-0.603
1160	sub	14326	51.958	47	32	-0.619
1161	celi	3203	11.617	9	8	-0.621
1162	ira	1975	7.163	5	2	-0.621
1163	uidere	2288	8.298	6	6	-0.624
1164	quas	6197	22.476	19	19	-0.628
1165	Quomodo	10295	37.338	33	25	-0.628
1166	parte	5608	20.339	17	15	-0.63
1167	Talibus	1984	7.196	5	5	-0.632
1168	tam	10045	36.432	32	26	-0.651
1169	illo	8616	31.249	27	24	-0.671
1170	debeat	2020	7.326	5	4	-0.675
1171	nequaquam	3283	11.907	9	9	-0.698
1172	hodie	2361	8.563	6	5	-0.705
1173	Marie	2048	7.428	5	5	-0.707
1174	opus	5429	19.69	16	16	-0.719
1175	intelligi	3002	10.888	8	6	-0.724
1176	fuerat	4559	16.535	13	13	-0.746
1177	diu	2085	7.562	5	5	-0.75
1178	faciunt	2717	9.854	7	7	-0.75
1179	quedam	3982	14.442	11	10	-0.774
1180	fratribus	3064	11.113	8	8	-0.784
1181	)	30262	109.756	101	71	-0.788
1182	habeat	3077	11.16	8	7	-0.796
1183	uelut	3406	12.353	9	9	-0.812
1184	igitur	11511	41.749	36	27	-0.812
1185	exemplum	2462	8.929	6	4	-0.813
1186	modum	2159	7.83	5	5	-0.833
1187	intelligere	2159	7.83	5	5	-0.833
1188	alibi	2804	10.17	7	7	-0.837
1189	dicta	3129	11.348	8	8	-0.846
1190	meo	3784	13.724	10	7	-0.87
1191	ordine	3156	11.446	8	8	-0.871
1192	At	3787	13.735	10	7	-0.873
1193	ut	166832	605.075	583	170	-0.877
1194	ipsum	11054	40.091	34	26	-0.883
1195	isti	2860	10.373	7	6	-0.892
1196	diuina	6586	23.886	19	16	-0.897
1197	sepe	3840	13.927	10	6	-0.918
1198	illius	10243	37.15	31	19	-0.927
1199	fuisse	5097	18.486	14	11	-0.927
1200	ipse	28742	104.243	94	56	-0.954
1201	etenim	2603	9.441	6	6	-0.957
1202	nemo	5801	21.039	16	12	-0.99
1203	illorum	4561	16.542	12	8	-0.994
1204	quisque	2318	8.407	5	5	-1.003
1205	uidelicet	10383	37.658	31	22	-1.003
1206	fecit	8877	32.196	26	22	-1.004
1207	Is	2320	8.414	5	5	-1.005
1208	eadem	7673	27.829	22	19	-1.01
1209	posset	2669	9.68	6	6	-1.022
1210	quicunque	2670	9.684	6	6	-1.023
1211	rege	2672	9.691	6	5	-1.025
1212	peccato	3649	13.234	9	8	-1.027
1213	longe	3330	12.077	8	7	-1.029
1214	rei	2694	9.771	6	6	-1.046
1215	partes	2365	8.578	5	4	-1.051
1216	lex	3682	13.354	9	8	-1.055
1217	aliquo	2384	8.646	5	4	-1.07
1218	gentium	3716	13.477	9	8	-1.083
1219	Abraham	2764	10.025	6	5	-1.113
1220	aliquis	2776	10.068	6	5	-1.125
1221	propterea	3112	11.287	7	7	-1.127
1222	;	116352	421.992	398	151	-1.144
1223	ceteris	4447	16.129	11	10	-1.153
1224	noster	5472	19.846	14	11	-1.2
1225	Epistola	4513	16.368	11	8	-1.203
1226	manu	4837	17.543	12	10	-1.204
1227	cuncta	3543	12.85	8	8	-1.213
1228	martyris	2540	9.212	5	5	-1.223
1229	tempora	2546	9.234	5	3	-1.229
1230	Postquam	3897	14.134	9	9	-1.233
1231	ipsos	2899	10.514	6	6	-1.238
1232	Nature	3245	11.769	7	4	-1.244
1233	episcopum	3592	13.028	8	8	-1.254
1234	Fidei	9336	33.86	26	19	-1.265
1235	iterum	6856	24.866	18	16	-1.277
1236	uidit	2598	9.423	5	4	-1.278
1237	extra	2607	9.455	5	4	-1.286
1238	fit	3967	14.388	9	9	-1.289
1239	precepta	2611	9.47	5	5	-1.29
1240	Nam	23565	85.467	73	45	-1.294
1241	iam	20595	74.695	63	47	-1.295
1242	quidquid	4654	16.879	11	10	-1.309
1243	potuit	3329	12.074	7	7	-1.316
1244	multo	2677	9.709	5	5	-1.351
1245	nunquam	4722	17.126	11	10	-1.359
1246	potestatem	3063	11.109	6	6	-1.383
1247	gentes	4142	15.022	9	3	-1.425
1248	toto	3112	11.287	6	6	-1.425
1249	pariter	3118	11.309	6	6	-1.43
1250	factus	4823	17.492	11	10	-1.433
1251	quis	16434	59.604	48	35	-1.438
1252	celum	3831	13.895	8	7	-1.447
1253	Iudei	2788	10.112	5	5	-1.45
1254	c	3493	12.669	7	7	-1.452
1255	circa	3505	12.712	7	7	-1.462
1256	Uirtus	3165	11.479	6	5	-1.47
1257	ore	4202	15.24	9	8	-1.47
1258	coram	4889	17.732	11	10	-1.48
1259	frater	3190	11.57	6	5	-1.49
1260	statim	2835	10.282	5	5	-1.491
1261	inde	7880	28.58	20	18	-1.511
1262	utique	5038	18.272	11	10	-1.584
1263	loco	10297	37.346	27	20	-1.611
1264	ualde	2980	10.808	5	5	-1.615
1265	sacerdos	2980	10.808	5	5	-1.615
1266	sit	27786	100.776	84	63	-1.621
1267	solum	10659	38.659	28	26	-1.634
1268	alia	7470	27.093	18	17	-1.651
1269	Apostoli	4794	17.387	10	9	-1.652
1270	His	21236	77.02	62	46	-1.654
1271	illos	5169	18.747	11	10	-1.674
1272	dicunt	3419	12.4	6	6	-1.676
1273	unusquisque	3064	11.113	5	5	-1.684
1274	melius	3086	11.193	5	4	-1.702
1275	sermo	3100	11.243	5	5	-1.713
1276	illum	8925	32.37	22	19	-1.735
1277	huiusmodi	3496	12.68	6	6	-1.735
1278	es	6288	22.806	14	12	-1.739
1279	Petrus	3145	11.406	5	5	-1.749
1280	nomine	11537	41.843	30	26	-1.754
1281	tuis	3526	12.788	6	6	-1.758
1282	ratione	3174	11.512	5	5	-1.772
1283	celestis	3200	11.606	5	5	-1.792
1284	illud	13210	47.911	35	27	-1.793
1285	Iudeorum	3613	13.104	6	6	-1.824
1286	tanta	3249	11.784	5	4	-1.83
1287	auctoritate	3997	14.497	7	7	-1.838
1288	facit	5068	18.381	10	8	-1.838
1289	sententia	3288	11.925	5	4	-1.861
1290	Magna	4439	16.1	8	7	-1.894
1291	bene	8253	29.932	19	15	-1.907
1292	Iustitia	3349	12.146	5	5	-1.907
1293	Hec	30798	111.7	91	68	-1.911
1294	alii	5192	18.831	10	9	-1.92
1295	episcopis	3373	12.233	5	5	-1.925
1296	locum	6277	22.766	13	9	-1.942
1297	tota	3787	13.735	6	6	-1.952
1298	opere	3797	13.771	6	3	-1.959
1299	ipsis	4543	16.477	8	8	-1.965
1300	licet	7008	25.417	15	15	-1.967
1301	minus	3836	13.913	6	6	-1.987
1302	possit	5310	19.259	10	10	-1.996
1303	qualiter	3848	13.956	6	6	-1.996
1304	significat	4964	18.004	9	7	-2.004
1305	nostro	5724	20.76	11	8	-2.032
1306	dicat	4292	15.566	7	7	-2.044
1307	Sapientia	3918	14.21	6	6	-2.045
1308	seculi	5061	18.356	9	9	-2.067
1309	peccati	3577	12.973	5	5	-2.075
1310	!	3970	14.399	6	6	-2.082
1311	uir	5824	21.123	11	11	-2.094
1312	habere	8274	30.009	18	16	-2.101
1313	deinde	5116	18.555	9	9	-2.102
1314	sui	12941	46.935	32	26	-2.107
1315	tui	5140	18.642	9	9	-2.117
1316	omnem	5876	21.311	11	9	-2.125
1317	fieri	7663	27.793	16	15	-2.142
1318	cui	11424	41.433	27	25	-2.165
1319	nostrum	6305	22.867	12	11	-2.168
1320	fuerint	3718	13.485	5	5	-2.174
1321	annis	3802	13.789	5	5	-2.232
1322	omnium	11251	40.806	26	24	-2.239
1323	sensus	3828	13.884	5	4	-2.25
1324	dixit	12295	44.592	29	17	-2.26
1325	quantum	6499	23.571	12	11	-2.28
1326	Ecce	7576	27.477	15	12	-2.285
1327	Patris	8628	31.293	18	14	-2.287
1328	Filio	5805	21.054	10	8	-2.3
1329	Regem	4696	17.032	7	7	-2.31
1330	Cunctis	3943	14.301	5	4	-2.327
1331	fuit	11793	42.772	27	22	-2.335
1332	dictum	6978	25.308	13	11	-2.347
1333	Pater	11157	40.465	25	17	-2.353
1334	annos	4404	15.973	6	6	-2.37
1335	nostris	5969	21.649	10	9	-2.396
1336	dicere	4835	17.536	7	5	-2.397
1337	morte	4064	14.74	5	5	-2.407
1338	Gratia	10609	38.477	23	13	-2.415
1339	nulla	5661	20.532	9	9	-2.435
1340	ille	15694	56.92	38	32	-2.441
1341	recte	5301	19.226	8	6	-2.446
1342	ista	5699	20.669	9	9	-2.457
1343	regis	6472	23.473	11	8	-2.471
1344	quatenus	4173	15.135	5	5	-2.477
1345	habet	9718	35.246	20	18	-2.484
1346	debet	4982	18.069	7	6	-2.486
1347	super	23580	85.521	62	42	-2.489
1348	anno	9054	32.838	18	16	-2.502
1349	Iudicium	5420	19.658	8	8	-2.517
1350	scilicet	11574	41.977	25	21	-2.543
1351	factum	5854	21.232	9	9	-2.546
1352	nostram	4284	15.537	5	5	-2.546
1353	erit	9146	33.171	18	17	-2.547
1354	mox	4291	15.563	5	5	-2.551
1355	absque	4330	15.704	5	5	-2.575
1356	tanquam	5523	20.031	8	7	-2.576
1357	quidem	13370	48.491	30	27	-2.584
1358	possunt	4386	15.907	5	5	-2.609
1359	omnino	4403	15.969	5	5	-2.62
1360	tue	5257	19.066	7	7	-2.649
1361	rebus	4893	17.746	6	6	-2.67
1362	Israel	8396	30.451	15	13	-2.709
1363	ipsi	9879	35.83	19	18	-2.728
1364	ob	5009	18.167	6	6	-2.737
1365	potius	4608	16.713	5	5	-2.743
1366	uestre	4617	16.745	5	5	-2.748
1367	adhuc	7383	26.777	12	12	-2.759
1368	uiri	4657	16.89	5	5	-2.771
1369	omnis	10007	36.294	19	19	-2.788
1370	sanctum	6326	22.944	9	7	-2.807
1371	populo	5161	18.718	6	6	-2.824
1372	Euangelio	4753	17.238	5	5	-2.827
1373	eorum	25018	90.737	63	45	-2.859
1374	quando	13356	48.44	28	22	-2.865
1375	suum	13040	47.294	27	20	-2.878
1376	?	41969	152.215	116	60	-2.895
1377	nostri	10602	38.452	20	17	-2.895
1378	nostre	6929	25.131	10	7	-2.918
1379	episcopo	4956	17.975	5	5	-2.942
1380	dedit	5078	18.417	5	5	-3.01
1381	sic	22224	80.603	53	45	-3.019
1382	opera	6363	23.078	8	6	-3.035
1383	mei	5165	18.733	5	4	-3.057
1384	Spiritum	6423	23.295	8	6	-3.065
1385	magis	8781	31.847	14	14	-3.074
1386	facta	6440	23.357	8	8	-3.074
1387	manus	5645	20.474	6	6	-3.088
1388	legem	5254	19.056	5	4	-3.105
1389	causa	7700	27.927	11	9	-3.108
1390	illis	11108	40.287	20	19	-3.117
1391	sancte	11187	40.574	20	18	-3.151
1392	forte	6594	23.916	8	7	-3.152
1393	sint	7864	28.522	11	10	-3.187
1394	omni	11640	42.217	21	20	-3.188
1395	filii	10957	39.739	19	15	-3.211
1396	potest	13503	48.973	26	25	-3.211
1397	ibi	10625	38.535	18	17	-3.228
1398	nunc	13926	50.508	27	22	-3.237
1399	gratiam	6394	23.19	7	6	-3.258
1400	ipso	9616	34.876	15	14	-3.281
1401	hominis	6445	23.375	7	7	-3.284
1402	fratres	5632	20.426	5	5	-3.303
1403	Christi	23773	86.221	55	35	-3.308
1404	uitam	8938	32.417	13	13	-3.322
1405	sumus	6102	22.131	6	6	-3.323
1406	erant	7471	27.096	9	8	-3.38
1407	fuerit	11192	40.592	18	15	-3.467
1408	hominem	6415	23.266	6	6	-3.476
1409	Quoniam	16008	58.059	31	24	-3.486
1410	Hanc	9345	33.893	13	13	-3.503
1411	esset	9536	34.586	13	11	-3.585
1412	facere	6211	22.526	5	3	-3.587
1413	mihi	14184	51.443	25	18	-3.617
1414	una	8906	32.301	11	9	-3.66
1415	prius	6813	24.71	6	4	-3.663
1416	aliud	8095	29.359	9	8	-3.665
1417	tempore	12833	46.543	21	21	-3.671
1418	illa	12472	45.234	20	19	-3.678
1419	Uenit	6490	23.538	5	5	-3.718
1420	anima	6506	23.596	5	5	-3.725
1421	tuum	6539	23.716	5	5	-3.741
1422	eo	25904	93.95	57	46	-3.761
1423	uerum	8319	30.172	9	8	-3.763
1424	corporis	6617	23.999	5	5	-3.776
1425	Tempus	6697	24.289	5	5	-3.812
1426	terram	8011	29.055	8	7	-3.813
1427	hominum	6709	24.333	5	5	-3.818
1428	tamen	22532	81.72	46	35	-3.896
1429	quod	133459	484.036	397	142	-3.933
1430	ante	15065	54.639	25	19	-3.942
1431	aliquid	7044	25.548	5	5	-3.966
1432	illi	14775	53.587	24	21	-3.973
1433	sue	13329	48.342	20	17	-4.004
1434	Christum	10187	36.947	12	11	-4.022
1435	omnibus	22258	80.727	44	33	-4.032
1436	usque	24146	87.574	49	39	-4.069
1437	Post	25587	92.8	53	40	-4.08
1438	eius	58490	212.135	152	96	-4.094
1439	modo	10867	39.413	13	12	-4.128
1440	mundi	7879	28.576	6	5	-4.13
1441	ergo	29670	107.609	64	45	-4.156
1442	inquit	11832	42.913	15	14	-4.185
1443	propter	17688	64.152	30	23	-4.201
1444	ab	47676	172.914	117	84	-4.214
1445	spiritus	16254	58.951	26	12	-4.226
1446	ea	16639	60.347	27	25	-4.228
1447	atque	32045	116.223	70	47	-4.241
1448	uero	35931	130.316	81	64	-4.276
1449	enim	66589	241.508	174	97	-4.312
1450	Tibi	13832	50.167	19	16	-4.33
1451	ei	16962	61.519	27	24	-4.337
1452	quasi	19683	71.387	34	26	-4.366
1453	esse	42728	154.968	100	77	-4.375
1454	Tu	9923	35.989	9	9	-4.416
1455	nostra	9321	33.806	7	6	-4.524
1456	eam	10692	38.778	10	9	-4.541
1457	omnia	23642	85.746	43	35	-4.562
1458	tua	9484	34.397	7	7	-4.586
1459	ac	31966	115.936	66	53	-4.591
1460	fidem	9048	32.816	6	6	-4.594
1461	Dominum	11718	42.499	12	10	-4.602
1462	rex	9240	33.512	6	6	-4.666
1463	ecclesiam	8817	31.978	5	5	-4.682
1464	Dies	9338	33.868	6	6	-4.703
1465	Erat	17808	64.587	26	21	-4.739
1466	quid	25030	90.78	45	35	-4.752
1467	Domini	26925	97.653	50	39	-4.772
1468	terra	10001	36.272	7	5	-4.777
1469	nihil	11730	42.543	10	10	-4.913
1470	Ecclesie	21098	76.519	33	26	-4.918
1471	si	77083	279.569	196	98	-4.968
1472	apostolus	10154	36.827	6	6	-4.997
1473	tunc	14329	51.969	15	14	-5.059
1474	ecclesia	14781	53.609	16	12	-5.068
1475	Christus	12693	46.036	11	9	-5.09
1476	ipsa	12425	45.064	10	9	-5.149
1477	ideo	14608	52.981	15	15	-5.149
1478	domino	17924	65.008	22	18	-5.272
1479	dum	18066	65.523	22	19	-5.315
1480	suam	12923	46.87	9	9	-5.459
1481	qua	20532	74.467	26	22	-5.558
1482	die	13670	49.579	9	9	-5.692
1483	Christo	11863	43.025	5	5	-5.721
1484	aut	34719	125.921	61	36	-5.741
1485	uobis	16104	58.407	14	14	-5.745
1486	est	273513	991.991	810	252	-5.762
1487	uel	61906	224.524	137	76	-5.808
1488	filius	12707	46.086	6	6	-5.831
1489	sibi	21952	79.617	27	24	-5.841
1490	quam	46206	167.582	91	70	-5.877
1491	-que	76595	277.799	179	109	-5.898
1492	nisi	22042	79.943	26	24	-5.977
1493	me	30698	111.337	47	37	-6.05
1494	ego	14898	54.033	9	9	-6.058
1495	semper	14445	52.39	8	8	-6.064
1496	eis	17666	64.072	15	14	-6.068
1497	nobis	28243	102.433	40	31	-6.119
1498	Dei	58503	212.182	122	63	-6.157
1499	autem	64914	235.434	140	78	-6.187
1500	nec	41042	148.853	72	54	-6.258
1501	ne	26706	96.859	33	28	-6.438
1502	te	23799	86.315	26	24	-6.438
1503	sua	17389	63.067	10	10	-6.619
1504	eos	21293	77.227	18	16	-6.683
1505	Dominus	28645	103.891	35	24	-6.71
1506	sine	17552	63.659	9	8	-6.788
1507	uos	17265	62.618	8	7	-6.839
1508	Deum	18759	68.036	11	11	-6.854
1509	a	90890	329.645	199	128	-7.168
1510	nos	28959	105.03	29	23	-7.37
1511	eum	31346	113.687	34	29	-7.427
1512	que	105304	381.922	235	137	-7.492
1513	Deus	32414	117.561	35	27	-7.568
1514	pro	43478	157.688	62	45	-7.58
1515	cum	118100	428.331	261	149	-8.061
1516	Deo	28999	105.175	22	17	-8.062
1517	id	56272	204.09	86	50	-8.231
1518	ad	177121	642.392	422	181	-8.676
1519	quia	98686	357.92	188	89	-8.955
1520	se	52290	189.648	64	47	-9.088
1521	Sed	101571	368.383	184	119	-9.581
1522	et	725334	2630.679	2118	402	-9.986
1523	per	98723	358.054	163	106	-10.282
1524	,	2210261	8016.289	6686	591	-14.852
1525	non	212441	770.492	301	157	-16.896
