No.	Word	Total no. in this subcorpus	Expected collocate frequency	Observed collocate frequency	In no. of texts	T-score value

1	in	463796	1682.119	5543	485	51.858
2	de	136672	495.689	2086	342	34.82
3	Augustinus	1868	6.775	446	72	20.798
4	Regum	2335	8.469	444	105	20.669
5	eodem	7506	27.223	327	93	16.578
6	Item	9688	35.137	341	57	16.563
7	:	232010	841.466	1404	243	15.013
8	.	894868	3245.554	4209	449	14.85
9	Primo	4829	17.514	228	89	13.94
10	scriptum	8276	30.016	242	85	13.627
11	legitur	3327	12.067	209	102	13.622
12	quinque	3634	13.18	201	76	13.248
13	Ex	62436	226.446	531	178	13.217
14	idem	9197	33.356	218	50	12.506
15	secundo	2140	7.762	168	70	12.363
16	beatus	5441	19.734	188	68	12.272
17	quatuor	5393	19.56	176	69	11.792
18	Paralipomenon	275	0.997	139	46	11.705
19	Secundus	894	3.242	142	101	11.644
20	quem	20657	74.92	262	139	11.558
21	Primus	2727	9.89	150	110	11.44
22	Augustini	834	3.025	136	49	11.403
23	legis	5802	21.043	165	75	11.207
24	sanctus	8553	31.021	181	40	11.148
25	Caput	12364	44.842	203	65	11.1
26	Numerorum	400	1.451	126	42	11.096
27	Moralium	151	0.548	122	32	10.996
28	Incipit	1805	6.547	133	66	10.965
29	Iob	2983	10.819	140	76	10.918
30	Gregorius	2028	7.355	118	44	10.186
31	tertio	2234	8.102	119	52	10.166
32	Iudicum	362	1.313	105	48	10.119
33	Sapientie	2871	10.413	122	74	10.103
34	I	4371	15.853	130	53	10.011
35	Trinitate	828	3.003	106	32	10.004
36	Scripsit	1471	5.335	110	62	9.979
37	Tertius	851	3.087	101	72	9.743
38	Ciuitate	3102	11.251	112	43	9.52
39	quarto	1121	4.066	96	47	9.383
40	beati	6144	22.283	128	69	9.344
41	uite	11118	40.323	156	98	9.262
42	huius	11730	42.543	156	86	9.084
43	diuinis	2152	7.805	88	57	8.549
44	legimus	2198	7.972	88	51	8.531
45	Moysi	1466	5.317	82	38	8.468
46	Iesu	6492	23.546	113	54	8.415
47	decimo	893	3.239	77	28	8.406
48	capite	2278	8.262	86	40	8.383
49	capitulo	935	3.391	76	24	8.329
50	sancti	19414	70.412	183	83	8.323
51	Euangeliorum	258	0.936	71	38	8.315
52	Euangelii	2367	8.585	85	44	8.288
53	scripta	2049	7.431	82	53	8.235
54	unus	6417	23.274	108	16	8.153
55	Machabeorum	128	0.464	67	40	8.129
56	eiusdem	6579	23.861	108	62	8.096
57	seruus	2666	9.669	83	56	8.049
58	Quartus	480	1.741	67	49	7.973
59	Predestinatione	739	2.68	68	16	7.921
60	Regnorum	283	1.026	64	35	7.872
61	Capitula	1125	4.08	69	22	7.815
62	sicut	40799	147.972	278	117	7.799
63	contra	16153	58.585	155	55	7.744
64	Historie	779	2.825	65	42	7.712
65	Ambrosius	556	2.017	63	24	7.683
66	prophetarum	1727	6.264	70	42	7.618
67	quinto	760	2.756	63	27	7.59
68	septimo	796	2.887	63	33	7.574
69	unum	11256	40.824	125	38	7.529
70	Dialogorum	62	0.225	54	33	7.318
71	duos	2676	9.706	71	45	7.274
72	bono	2382	8.639	69	18	7.267
73	diuinorum	620	2.249	57	39	7.252
74	Exodi	97	0.352	53	32	7.232
75	Genesis	119	0.432	52	37	7.151
76	Hieronymus	979	3.551	57	36	7.08
77	generationis	273	0.99	52	27	7.074
78	Sententiarum	219	0.794	51	22	7.03
79	Numeri	709	2.571	54	19	6.999
80	Geneseos	94	0.341	49	38	6.951
81	psalmorum	389	1.411	51	29	6.944
82	Testamenti	1995	7.236	61	36	6.884
83	sexto	654	2.372	50	27	6.736
84	prefatio	349	1.266	47	27	6.671
85	capitulorum	245	0.889	45	16	6.576
86	quos	13860	50.268	123	82	6.558
87	hunc	6501	23.578	83	65	6.522
88	inter	18369	66.622	145	70	6.509
89	Perseuerantie	141	0.511	43	8	6.479
90	Decimus	281	1.019	43	12	6.402
91	prefato	623	2.26	45	18	6.371
92	Explicit	203	0.736	42	25	6.367
93	Ueteris	1396	5.063	50	31	6.355
94	Questionum	131	0.475	41	16	6.329
95	Historia	1037	3.761	47	33	6.307
96	scribit	1222	4.432	48	28	6.288
97	Iu	3446	12.498	62	36	6.287
98	liber	2348	8.516	55	27	6.268
99	Naue	245	0.889	41	25	6.264
100	Lectio	693	2.513	44	17	6.254
101	librum	1166	4.229	47	7	6.239
102	appellatur	1475	5.35	49	16	6.236
103	Correptione	163	0.591	40	8	6.231
104	prologus	166	0.602	40	22	6.229
105	Esdre	68	0.247	39	20	6.206
106	Actuum	369	1.338	41	21	6.194
107	Gregorii	967	3.507	45	33	6.185
108	Prosper	211	0.765	38	10	6.04
109	Isidorus	214	0.776	38	21	6.039
110	Iii	4170	15.124	63	36	6.032
111	finem	4190	15.197	63	36	6.023
112	Deuteronomii	125	0.453	37	21	6.008
113	aperire	415	1.505	39	20	6.004
114	operis	2291	8.309	51	33	5.978
115	Ii	4832	17.525	66	39	5.967
116	apostolorum	5022	18.214	66	32	5.882
117	Quintus	315	1.143	36	24	5.81
118	mortuos	868	3.148	39	24	5.741
119	religione	744	2.698	38	21	5.727
120	uigesimo	183	0.664	34	8	5.717
121	fine	3037	11.015	52	37	5.684
122	quoque	16521	59.919	122	70	5.621
123	Enchiridion	64	0.232	32	18	5.616
124	edidit	364	1.32	34	28	5.605
125	composuit	406	1.473	34	23	5.578
126	narrat	873	3.166	37	20	5.562
127	secundi	402	1.458	33	29	5.491
128	sanctorum	10098	36.624	88	43	5.477
129	Isaie	347	1.259	32	22	5.434
130	Salomonis	718	2.604	34	22	5.384
131	uiuentium	611	2.216	33	26	5.359
132	Leuitici	54	0.196	29	18	5.349
133	tres	4679	16.97	57	39	5.302
134	continetur	1029	3.732	35	31	5.285
135	Incipiunt	434	1.574	31	13	5.285
136	plenius	809	2.934	33	20	5.234
137	legat	291	1.055	29	22	5.189
138	Retractationum	31	0.112	27	13	5.175
139	memorato	322	1.168	29	10	5.168
140	epistolarum	192	0.696	28	17	5.16
141	dicitur	19450	70.542	129	64	5.147
142	ita	28529	103.471	170	87	5.103
143	Danielis	148	0.537	27	21	5.093
144	Esther	150	0.544	27	19	5.091
145	Hypomnesticon	34	0.123	26	2	5.075
146	Antiquitatum	39	0.141	26	19	5.071
147	tertii	190	0.689	27	17	5.064
148	uerba	6519	23.643	64	45	5.045
149	Sacramentorum	361	1.309	28	20	5.044
150	Fide	7524	27.288	69	31	5.021
151	Sextus	258	0.936	27	21	5.016
152	Septimus	340	1.233	27	19	4.959
153	legere	496	1.799	28	25	4.952
154	prophete	2564	9.299	41	30	4.951
155	historiarum	71	0.258	25	16	4.949
156	Christiana	515	1.868	28	23	4.939
157	dele	95	0.345	25	20	4.931
158	octauo	691	2.506	29	21	4.92
159	prophetie	571	2.071	28	16	4.9
160	Samuelis	171	0.62	25	17	4.876
161	Tobie	76	0.276	24	16	4.843
162	doctor	1222	4.432	31	19	4.772
163	primi	1411	5.118	32	23	4.752
164	Ansegisi	59	0.214	23	3	4.751
165	meminit	495	1.795	26	19	4.747
166	dicit	25130	91.143	149	51	4.74
167	homo	11409	41.379	85	30	4.731
168	demonstrat	1149	4.167	30	23	4.716
169	ecclesiastico	562	2.038	26	11	4.699
170	Ruth	133	0.482	23	17	4.695
171	Iosue	459	1.665	25	14	4.667
172	leguntur	624	2.263	26	25	4.655
173	iste	6251	22.672	58	39	4.639
174	ecclesiastici	369	1.338	24	19	4.626
175	Fulgentius	87	0.316	22	14	4.623
176	ecclesiastice	674	2.445	26	17	4.62
177	Ecclesiasticus	269	0.976	23	17	4.592
178	Confessionum	40	0.145	21	14	4.551
179	uolumine	340	1.233	23	11	4.539
180	nono	361	1.309	23	13	4.523
181	historiam	817	2.963	26	14	4.518
182	istius	1309	4.748	29	20	4.504
183	Baptismo	839	3.043	26	17	4.502
184	Beda	1157	4.196	28	9	4.498
185	gentilium	699	2.535	25	20	4.493
186	uolumina	261	0.947	22	19	4.489
187	miraculorum	558	2.024	24	15	4.486
188	inscribitur	123	0.446	21	17	4.485
189	Iudith	279	1.012	22	17	4.475
190	sacrorum	444	1.61	23	18	4.46
191	narratur	330	1.197	22	11	4.435
192	(	30251	109.716	167	72	4.433
193	testatur	1634	5.926	30	25	4.395
194	continet	838	3.039	25	19	4.392
195	diuinos	132	0.479	20	11	4.365
196	uiginti	2038	7.392	32	18	4.35
197	sermonum	300	1.088	21	5	4.345
198	dierum	1410	5.114	28	14	4.325
199	plures	1802	6.536	30	15	4.284
200	locorum	678	2.459	23	15	4.283
201	U	3578	12.977	40	23	4.273
202	scripti	117	0.424	19	17	4.262
203	scribitur	711	2.579	23	15	4.258
204	refert	758	2.749	23	20	4.223
205	Athanasius	168	0.609	19	5	4.219
206	soluere	611	2.216	22	16	4.218
207	continentur	631	2.289	22	17	4.203
208	Deleantur	68	0.247	18	14	4.185
209	commemorat	536	1.944	21	16	4.158
210	Ieremie	287	1.041	19	10	4.12
211	aperti	144	0.522	18	11	4.12
212	uno	4827	17.507	45	22	4.098
213	ueteribus	192	0.696	18	15	4.078
214	Noui	1776	6.441	28	23	4.074
215	Capitularium	57	0.207	17	5	4.073
216	Mosaice	62	0.225	17	10	4.069
217	suarum	1151	4.175	24	15	4.047
218	habetur	1516	5.498	26	21	4.021
219	septem	4445	16.121	42	24	3.993
220	exordio	449	1.629	19	14	3.985
221	Etymologiarum	19	0.069	16	13	3.983
222	nomina	1928	6.993	28	27	3.97
223	Ui	3736	13.55	38	21	3.966
224	Sirach	59	0.214	16	13	3.947
225	moralibus	74	0.268	16	9	3.933
226	Octauus	223	0.809	17	12	3.927
227	Unde	25621	92.924	139	69	3.908
228	nominibus	704	2.553	20	11	3.901
229	trigesimo	116	0.421	16	5	3.895
230	gestorum	275	0.997	17	13	3.881
231	Quarti	135	0.49	16	12	3.878
232	doctrina	2780	10.083	32	25	3.874
233	expositione	433	1.57	18	16	3.872
234	signatum	144	0.522	16	11	3.869
235	apocryphus	18	0.065	15	1	3.856
236	commentariorum	25	0.091	15	10	3.85
237	Patrum	3751	13.604	37	27	3.846
238	priori	479	1.737	18	8	3.833
239	Penitentia	1620	5.876	25	13	3.825
240	sermone	2172	7.878	28	21	3.803
241	diuine	3890	14.109	37	28	3.763
242	Iulianum	127	0.461	15	4	3.754
243	Officiorum	145	0.526	15	10	3.737
244	principio	1587	5.756	24	18	3.724
245	gratis	947	3.435	20	6	3.704
246	Isidori	181	0.657	15	12	3.703
247	Scripture	1617	5.865	24	15	3.702
248	Cyprianus	184	0.667	15	10	3.701
249	Boetius	54	0.196	14	8	3.689
250	ueterum	343	1.244	16	14	3.689
251	sedentis	72	0.261	14	8	3.672
252	scripsisti	84	0.305	14	11	3.66
253	X	2211	8.019	27	16	3.653
254	Apocalypsis	96	0.348	14	12	3.649
255	auctorum	103	0.374	14	13	3.642
256	nonus	122	0.443	14	9	3.623
257	Uii	2452	8.893	28	15	3.611
258	Ezechielis	146	0.53	14	12	3.6
259	scriptus	158	0.573	14	12	3.589
260	conscripsit	176	0.638	14	12	3.571
261	scribentur	37	0.134	13	11	3.568
262	inuenitur	1459	5.292	22	19	3.562
263	quicumque	347	1.259	15	5	3.548
264	testimonia	988	3.583	19	13	3.537
265	signacula	70	0.254	13	12	3.535
266	superiori	366	1.327	15	8	3.53
267	eisdem	1677	6.082	23	16	3.528
268	Nuptiis	369	1.338	15	4	3.527
269	Hinc	7123	25.834	51	29	3.524
270	Hebreorum	379	1.375	15	12	3.518
271	Moysis	88	0.319	13	8	3.517
272	titulus	542	1.966	16	14	3.509
273	Sequentis	244	0.885	14	11	3.505
274	Augustinum	257	0.932	14	9	3.493
275	canonici	257	0.932	14	8	3.493
276	hos	2454	8.9	27	21	3.483
277	canticorum	417	1.512	15	11	3.482
278	philosophorum	272	0.987	14	12	3.478
279	superioribus	753	2.731	17	10	3.461
280	Ierarchia	144	0.522	13	5	3.461
281	Prosperi	145	0.526	13	7	3.46
282	Hilarii	152	0.551	13	9	3.453
283	tractatus	152	0.551	13	13	3.453
284	Prouerbiorum	33	0.12	12	10	3.43
285	cuius	15182	55.063	87	65	3.424
286	Benedicti	1470	5.332	21	6	3.419
287	manifestat	652	2.365	16	6	3.409
288	Hilarius	203	0.736	13	6	3.401
289	inuolutus	63	0.229	12	6	3.398
290	Iosephi	64	0.232	12	6	3.397
291	pastorali	209	0.758	13	6	3.395
292	sacre	1333	4.835	20	16	3.391
293	scripsisse	221	0.802	13	12	3.383
294	Canonum	1176	4.265	19	15	3.38
295	aduersus	3779	13.706	33	25	3.359
296	scriptoribus	104	0.377	12	9	3.355
297	mentio	261	0.947	13	12	3.343
298	tuo	4801	17.413	38	29	3.34
299	habentur	581	2.107	15	12	3.329
300	auctor	1238	4.49	19	17	3.329
301	Hebreos	582	2.111	15	10	3.328
302	aduersum	1417	5.139	20	5	3.323
303	reperitur	433	1.57	14	14	3.322
304	Hieronymi	283	1.026	13	11	3.321
305	mentionem	439	1.592	14	11	3.316
306	quorum	7967	28.895	53	39	3.311
307	synodis	155	0.562	12	7	3.302
308	Pastoralis	169	0.613	12	8	3.287
309	Chronicorum	34	0.123	11	9	3.279
310	isto	1476	5.353	20	15	3.275
311	Leuiticus	38	0.138	11	11	3.275
312	sigillis	43	0.156	11	8	3.27
313	Hermes	47	0.171	11	9	3.265
314	pauca	1321	4.791	19	14	3.26
315	duodecim	2409	8.737	25	19	3.253
316	expositionis	74	0.268	11	9	3.236
317	Uicesimus	78	0.283	11	2	3.231
318	illustribus	80	0.29	11	11	3.229
319	scriptas	84	0.305	11	10	3.225
320	istum	856	3.105	16	12	3.224
321	prioribus	535	1.94	14	8	3.223
322	libri	1369	4.965	19	8	3.22
323	Ambrosii	235	0.852	12	9	3.218
324	coniugali	106	0.384	11	2	3.201
325	tertium	900	3.264	16	13	3.184
326	Dionysius	272	0.987	12	5	3.179
327	uerborum	1250	4.534	18	9	3.174
328	priore	282	1.023	12	7	3.169
329	propheticis	137	0.497	11	8	3.167
330	Dionysii	451	1.636	13	7	3.152
331	Bede	155	0.562	11	11	3.147
332	Monimum	18	0.065	10	5	3.142
333	Homiliarum	20	0.073	10	7	3.139
334	adulterinis	21	0.076	10	5	3.138
335	appendices	27	0.098	10	1	3.131
336	breuiter	1128	4.091	17	14	3.131
337	Genesim	35	0.127	10	9	3.122
338	duodecimo	181	0.657	11	7	3.119
339	uicesimo	183	0.664	11	9	3.117
340	Computo	41	0.149	10	4	3.115
341	eumdem	2795	10.137	26	15	3.111
342	Iosephus	344	1.248	12	11	3.104
343	undecimo	197	0.715	11	6	3.101
344	Faustum	54	0.196	10	7	3.1
345	authenticis	57	0.207	10	9	3.097
346	primum	6073	22.026	42	31	3.082
347	libero	528	1.915	13	7	3.074
348	exordium	384	1.393	12	12	3.062
349	inuenimus	703	2.55	14	11	3.06
350	Gestis	710	2.575	14	12	3.053
351	quantitate	242	0.878	11	7	3.052
352	editis	97	0.352	10	9	3.051
353	copiam	261	0.947	11	11	3.031
354	copia	437	1.585	12	9	3.007
355	legit	598	2.169	13	8	3.004
356	octo	1632	5.919	19	15	3.001
357	disputationis	148	0.537	10	6	2.993
358	Caroli	1468	5.324	18	9	2.988
359	descripta	160	0.58	10	10	2.979
360	Iouinianum	20	0.073	9	7	2.976
361	inuentus	794	2.88	14	13	2.972
362	prefatione	166	0.602	10	10	2.972
363	inueniuntur	632	2.292	13	12	2.97
364	precedenti	169	0.613	10	7	2.968
365	Boetii	28	0.102	9	6	2.966
366	uera	3401	12.335	28	16	2.96
367	nominum	326	1.182	11	8	2.96
368	prophetici	34	0.123	9	9	2.959
369	Actorum	37	0.134	9	3	2.955
370	uolum	37	0.134	9	1	2.955
371	institutionum	42	0.152	9	6	2.949
372	exponens	337	1.222	11	8	2.948
373	Paschasii	43	0.156	9	2	2.948
374	aperuit	655	2.376	13	9	2.947
375	Coniugiis	55	0.2	9	5	2.934
376	titulo	510	1.85	12	9	2.93
377	predestinationis	356	1.291	11	8	2.927
378	diuini	1542	5.593	18	15	2.924
379	Uiii	2494	9.045	23	15	2.91
380	uolumen	221	0.802	10	7	2.909
381	antiquis	552	2.002	12	11	2.886
382	precedentibus	394	1.429	11	8	2.886
383	essem	396	1.436	11	9	2.884
384	partim	888	3.221	14	11	2.881
385	testantur	400	1.451	11	10	2.879
386	duo	5406	19.607	37	24	2.859
387	iustorum	1099	3.986	15	7	2.844
388	Mattheum	279	1.012	10	9	2.842
389	initio	1655	6.002	18	15	2.828
390	cuiusdam	776	2.814	13	11	2.825
391	apertum	296	1.074	10	7	2.823
392	epistolas	623	2.26	12	7	2.812
393	Hebraicarum	19	0.069	8	5	2.804
394	Legi	969	3.514	14	14	2.802
395	catholicorum	471	1.708	11	10	2.802
396	hereses	316	1.146	10	4	2.8
397	capitulis	473	1.716	11	8	2.799
398	eorumdem	480	1.741	11	10	2.792
399	Xi	1524	5.527	17	14	2.783
400	reperi	181	0.657	9	8	2.781
401	Amalarius	38	0.138	8	2	2.78
402	conscripserunt	44	0.16	8	3	2.772
403	Bellorum	189	0.686	9	8	2.772
404	Areopagita	46	0.167	8	2	2.769
405	Alcuinus	191	0.693	9	7	2.769
406	Areopagite	48	0.174	8	3	2.767
407	Pontificali	193	0.7	9	4	2.767
408	totidem	347	1.259	10	9	2.764
409	expositionem	198	0.718	9	7	2.761
410	Alcuini	200	0.725	9	7	2.758
411	Euangelistarum	200	0.725	9	7	2.758
412	Hymnorum	56	0.203	8	7	2.757
413	scribere	678	2.459	12	11	2.754
414	scriptores	204	0.74	9	7	2.753
415	deleri	67	0.243	8	7	2.743
416	Reparatione	69	0.25	8	2	2.74
417	confecit	73	0.265	8	4	2.735
418	capp	76	0.276	8	4	2.731
419	Daniel	382	1.386	10	10	2.724
420	sententias	551	1.998	11	11	2.714
421	Legant	91	0.33	8	6	2.712
422	scribe	554	2.009	11	7	2.711
423	egredietur	243	0.881	9	5	2.706
424	Excerpta	96	0.348	8	7	2.705
425	reperiatur	104	0.377	8	8	2.695
426	argenti	569	2.064	11	8	2.694
427	signatus	107	0.388	8	8	2.691
428	lapsis	111	0.403	8	6	2.686
429	Pauli	1822	6.608	18	14	2.685
430	expositum	117	0.424	8	8	2.678
431	accepit	2807	10.181	23	14	2.673
432	Cypriani	124	0.45	8	6	2.669
433	Grecorum	592	2.147	11	11	2.669
434	lapsi	132	0.479	8	2	2.659
435	manifeste	1127	4.088	14	13	2.649
436	Epistole	953	3.456	13	12	2.647
437	Ecclesiastica	954	3.46	13	9	2.646
438	egreditur	297	1.077	9	4	2.641
439	gestarum	148	0.537	8	3	2.639
440	epigrammatum	9	0.033	7	2	2.633
441	Silonitis	9	0.033	7	5	2.633
442	Ahie	10	0.036	7	5	2.632
443	Peri	12	0.044	7	4	2.629
444	refertur	634	2.299	11	10	2.623
445	doctorum	804	2.916	12	8	2.622
446	monachus	986	3.576	13	7	2.614
447	hic	18456	66.937	92	62	2.613
448	potes	645	2.339	11	10	2.611
449	penitentialis	26	0.094	7	4	2.61
450	diuersos	323	1.172	9	8	2.61
451	Xxii	483	1.752	10	9	2.608
452	Exstant	172	0.624	8	8	2.608
453	diuersorum	325	1.179	9	8	2.607
454	superiore	177	0.642	8	7	2.601
455	Malachim	34	0.123	7	7	2.599
456	lasciuus	35	0.127	7	6	2.598
457	apertus	35	0.127	7	5	2.598
458	Sancta	6735	24.427	41	29	2.588
459	Fulgentii	42	0.152	7	6	2.588
460	aliquot	502	1.821	10	8	2.587
461	Undecimus	55	0.2	7	7	2.57
462	declaratur	362	1.313	9	8	2.562
463	Ezechiel	363	1.317	9	5	2.561
464	laqueis	211	0.765	8	8	2.558
465	Conciliorum	212	0.769	8	6	2.557
466	Incarnatione	367	1.331	9	8	2.556
467	lectione	529	1.919	10	9	2.556
468	Genesi	529	1.919	10	5	2.556
469	Cesariensis	73	0.265	7	7	2.546
470	institutione	222	0.805	8	6	2.544
471	capita	707	2.564	11	4	2.543
472	Actus	1059	3.841	13	10	2.54
473	antiquorum	381	1.382	9	9	2.539
474	Rabani	79	0.287	7	5	2.537
475	imponere	234	0.849	8	3	2.528
476	ecclesiasticis	1073	3.892	13	11	2.526
477	Ioannis	2206	8.001	19	15	2.523
478	series	244	0.885	8	8	2.516
479	Ione	100	0.363	7	5	2.509
480	Quinti	106	0.384	7	7	2.5
481	partem	3447	12.502	25	20	2.5
482	Agnelli	109	0.395	7	2	2.496
483	Decimi	116	0.421	7	3	2.487
484	scribuntur	117	0.424	7	7	2.485
485	satis	3060	11.098	23	18	2.482
486	Agni	598	2.169	10	7	2.476
487	signati	124	0.45	7	6	2.476
488	Sacramentis	614	2.227	10	5	2.458
489	Enchiridii	7	0.025	6	1	2.439
490	commenti	14	0.051	6	4	2.429
491	uirginitate	159	0.577	7	5	2.428
492	additiones	15	0.054	6	2	2.427
493	finis	1547	5.611	15	12	2.424
494	Ezre	17	0.062	6	5	2.424
495	Hester	18	0.065	6	3	2.423
496	papa	2730	9.901	21	18	2.422
497	titulatur	22	0.08	6	3	2.417
498	euidenter	650	2.358	10	9	2.417
499	plagas	322	1.168	8	8	2.416
500	Monacensis	25	0.091	6	2	2.412
501	Xxix	329	1.193	8	7	2.407
502	prioris	495	1.795	9	3	2.402
503	predicto	664	2.408	10	8	2.401
504	debito	334	1.211	8	5	2.4
505	Xui	1018	3.692	12	8	2.398
506	legebat	36	0.131	6	6	2.396
507	Apocalypsi	668	2.423	10	9	2.396
508	supradicto	183	0.664	7	6	2.395
509	Exodus	37	0.134	6	5	2.395
510	alius	2767	10.036	21	13	2.393
511	uocatus	847	3.072	11	8	2.39
512	Scoti	41	0.149	6	3	2.389
513	Eusebius	189	0.686	7	6	2.387
514	Eusebii	189	0.686	7	5	2.387
515	Apocalypsin	47	0.171	6	5	2.38
516	prolixitas	48	0.174	6	4	2.378
517	Duodecimus	50	0.181	6	6	2.375
518	sexti	50	0.181	6	6	2.375
519	Maximinum	57	0.207	6	3	2.365
520	legatur	363	1.317	8	8	2.363
521	Esdra	59	0.214	6	2	2.362
522	Tricesimus	67	0.243	6	1	2.35
523	Scriptor	216	0.783	7	7	2.35
524	explanat	70	0.254	6	4	2.346
525	tribus	3877	14.061	26	22	2.341
526	codice	545	1.977	9	8	2.341
527	numero	3046	11.047	22	16	2.335
528	Perfectione	385	1.396	8	6	2.335
529	doctoris	397	1.44	8	6	2.319
530	Prudentius	88	0.319	6	5	2.319
531	scribat	88	0.319	6	5	2.319
532	mystica	399	1.447	8	5	2.317
533	Cantica	241	0.874	7	6	2.315
534	Pastoralem	92	0.334	6	4	2.313
535	sequitur	6547	23.745	38	21	2.312
536	Cassiani	93	0.337	6	4	2.312
537	posuimus	244	0.885	7	4	2.311
538	Tabernaculo	570	2.067	9	2	2.311
539	Decretorum	96	0.348	6	1	2.307
540	legum	408	1.48	8	6	2.305
541	decreui	101	0.366	6	4	2.3
542	eosdem	752	2.727	10	7	2.3
543	uidisse	415	1.505	8	8	2.296
544	Xxu	423	1.534	8	4	2.286
545	quo	34150	123.857	152	95	2.283
546	Ade	427	1.549	8	5	2.281
547	Amos	271	0.983	7	5	2.274
548	diuisione	277	1.005	7	4	2.266
549	dimissus	124	0.45	6	5	2.266
550	apertius	440	1.596	8	8	2.264
551	disputat	130	0.472	6	4	2.257
552	Pontificalis	130	0.472	6	2	2.257
553	Canonicis	448	1.625	8	6	2.254
554	duorum	794	2.88	10	10	2.252
555	secularium	450	1.632	8	7	2.251
556	Paschasius	134	0.486	6	3	2.251
557	Marci	289	1.048	7	6	2.25
558	sequenti	621	2.252	9	9	2.249
559	scribendi	136	0.493	6	6	2.248
560	legantur	138	0.501	6	5	2.245
561	nonnulla	468	1.697	8	6	2.228
562	Paralipomenorum	5	0.018	5	3	2.228
563	plicabitur	5	0.018	5	5	2.228
564	nouem	996	3.612	11	9	2.227
565	Uarronis	6	0.022	5	5	2.226
566	solidentur	8	0.029	5	3	2.223
567	Tobi	10	0.036	5	4	2.22
568	Hebraicorum	11	0.04	5	3	2.218
569	Turonensibus	12	0.044	5	1	2.217
570	Clementis	159	0.577	6	6	2.214
571	Philo	18	0.065	5	4	2.207
572	contemptoris	18	0.065	5	2	2.207
573	quot	1015	3.681	11	11	2.207
574	Augustino	321	1.164	7	6	2.206
575	Malachie	19	0.069	5	3	2.205
576	sacros	486	1.763	8	7	2.205
577	catalogo	168	0.609	6	4	2.201
578	Differentiarum	22	0.08	5	5	2.2
579	Etherii	22	0.08	5	1	2.2
580	Radberti	25	0.091	5	3	2.196
581	Apologeticum	25	0.091	5	5	2.196
582	scribi	172	0.624	6	6	2.195
583	manuscriptis	26	0.094	5	3	2.194
584	Gedeon	174	0.631	6	4	2.192
585	edidi	28	0.102	5	5	2.191
586	indicem	29	0.105	5	5	2.189
587	duobus	3025	10.971	21	17	2.188
588	legite	30	0.109	5	4	2.187
589	Exstat	335	1.215	7	6	2.187
590	recipiebant	31	0.112	5	4	2.186
591	Carolum	674	2.445	9	7	2.185
592	sufficienter	336	1.219	7	7	2.185
593	Hebraicis	33	0.12	5	4	2.183
594	dispositionum	34	0.123	5	2	2.181
595	Elipandum	34	0.123	5	4	2.181
596	Xii	2009	7.286	16	14	2.178
597	Nahum	37	0.134	5	3	2.176
598	trium	862	3.126	10	9	2.174
599	Latinos	187	0.678	6	6	2.173
600	Pastoris	513	1.861	8	7	2.171
601	conscriptus	41	0.149	5	5	2.17
602	exponit	688	2.495	9	9	2.168
603	Noni	42	0.152	5	5	2.168
604	libro	4565	16.557	28	12	2.163
605	memorat	197	0.715	6	6	2.158
606	testimoniis	524	1.901	8	8	2.156
607	Marcellinum	50	0.181	5	2	2.155
608	Salomon	1443	5.234	13	11	2.154
609	tractauimus	51	0.185	5	3	2.153
610	Pelagium	52	0.189	5	2	2.152
611	Questionibus	203	0.736	6	6	2.149
612	conscripti	59	0.214	5	5	2.14
613	disputatum	60	0.218	5	3	2.139
614	explanatione	60	0.218	5	5	2.139
615	Ecclesiasticum	370	1.342	7	7	2.139
616	delebo	61	0.221	5	5	2.137
617	Leuitico	212	0.769	6	4	2.136
618	Baruch	62	0.225	5	2	2.135
619	thronum	373	1.353	7	7	2.134
620	Arianos	65	0.236	5	2	2.131
621	Iudaicus	221	0.802	6	5	2.122
622	latius	383	1.389	7	7	2.121
623	terminetur	72	0.261	5	2	2.119
624	diligenter	1675	6.075	14	14	2.118
625	Nepotis	76	0.276	5	3	2.113
626	sequentibus	918	3.329	10	8	2.109
627	prefati	738	2.677	9	9	2.108
628	Psalterium	235	0.852	6	6	2.102
629	regibus	1113	4.037	11	7	2.1
630	custos	569	2.064	8	2	2.099
631	cetera	4000	14.507	25	19	2.099
632	exponunt	87	0.316	5	5	2.095
633	tractatu	240	0.87	6	5	2.094
634	reperiuntur	242	0.878	6	5	2.091
635	Heresibus	92	0.334	5	5	2.087
636	Celesti	1316	4.773	12	6	2.086
637	Xxxiii	246	0.892	6	2	2.085
638	Arium	94	0.341	5	5	2.084
639	prefatis	248	0.9	6	3	2.082
640	Iuliani	249	0.903	6	3	2.081
641	Regularum	96	0.348	5	5	2.08
642	diuinarum	585	2.122	8	7	2.078
643	capitulari	98	0.355	5	4	2.077
644	initium	1521	5.516	13	13	2.076
645	Lucam	253	0.918	6	4	2.075
646	constitutione	254	0.921	6	4	2.073
647	docet	1922	6.971	15	13	2.073
648	Prosperum	108	0.392	5	3	2.061
649	Monitum	108	0.392	5	5	2.061
650	quibusdam	2976	10.794	20	18	2.059
651	indicat	602	2.183	8	8	2.056
652	Dono	966	3.504	10	5	2.054
653	creaturarum	268	0.972	6	5	2.053
654	centum	1544	5.6	13	11	2.052
655	uersibus	269	0.976	6	6	2.051
656	testante	269	0.976	6	6	2.051
657	Mediolanensis	114	0.414	5	2	2.051
658	lectori	115	0.417	5	5	2.05
659	Scripturarum	1950	7.072	15	14	2.047
660	potui	438	1.589	7	7	2.045
661	sedecim	118	0.428	5	3	2.045
662	historiis	118	0.428	5	4	2.045
663	quosdam	1554	5.636	13	12	2.042
664	officiis	615	2.231	8	8	2.04
665	multa	5868	21.282	33	26	2.04
666	Felicem	277	1.005	6	4	2.039
667	recipiunt	279	1.012	6	6	2.036
668	questiones	281	1.019	6	5	2.033
669	Theodosii	125	0.453	5	3	2.033
670	penuria	127	0.461	5	4	2.03
671	descripsit	127	0.461	5	5	2.03
672	posterioribus	127	0.461	5	4	2.03
673	Osee	285	1.034	6	4	2.027
674	Edificatione	134	0.486	5	1	2.019
675	conditi	135	0.49	5	5	2.017
676	continentem	137	0.497	5	5	2.014
677	ostenditur	1397	5.067	12	10	2.001
678	tractatum	145	0.526	5	5	2.001
679	Conditor	473	1.716	7	7	1.997
680	declarat	476	1.726	7	7	1.993
681	demonstratur	477	1.73	7	7	1.992
682	Testamentorum	151	0.548	5	5	1.991
683	deest	478	1.734	7	7	1.991
684	ostendunt	479	1.737	7	7	1.989
685	comprehendit	313	1.135	6	6	1.986
686	mysteriorum	316	1.146	6	6	1.982
687	legendo	160	0.58	5	5	1.977
688	Carmen	320	1.161	6	6	1.976
689	Uiris	1423	5.161	12	12	1.974
690	ecclesiasticorum	163	0.591	5	4	1.972
691	theologia	164	0.595	5	2	1.97
692	pleniter	494	1.792	7	6	1.969
693	Expositio	166	0.602	5	5	1.967
694	Miraculis	856	3.105	9	6	1.965
695	libros	1044	3.786	10	7	1.965
696	nusquam	677	2.455	8	7	1.96
697	diuersis	2046	7.421	15	15	1.957
698	scriptorum	173	0.627	5	4	1.955
699	describit	335	1.215	6	6	1.953
700	manibus	3106	11.265	20	15	1.953
701	frequenter	1253	4.544	11	10	1.946
702	Uocatione	340	1.233	6	3	1.946
703	plurali	189	0.686	5	4	1.93
704	octoginta	352	1.277	6	6	1.928
705	ordinem	2503	9.078	17	16	1.921
706	plerisque	197	0.715	5	4	1.917
707	Agone	197	0.715	5	4	1.917
708	exiit	364	1.32	6	4	1.911
709	Mendacio	365	1.324	6	6	1.909
710	respicere	202	0.733	5	4	1.908
711	ingenii	366	1.327	6	4	1.908
712	lector	723	2.622	8	7	1.901
713	auctoris	371	1.346	6	6	1.9
714	Pontificum	914	3.315	9	8	1.895
715	seriem	375	1.36	6	6	1.894
716	bibliotheca	214	0.776	5	4	1.889
717	quodam	1912	6.935	14	14	1.888
718	appellauit	381	1.382	6	6	1.885
719	integrum	738	2.677	8	7	1.882
720	iisdem	384	1.393	6	6	1.881
721	auctoribus	224	0.812	5	4	1.873
722	capitulum	564	2.046	7	6	1.873
723	Xu	1323	4.798	11	8	1.87
724	considerandum	399	1.447	6	4	1.859
725	termino	234	0.849	5	4	1.857
726	habemus	2155	7.816	15	11	1.855
727	multoties	235	0.852	5	3	1.855
728	accipiat	948	3.438	9	4	1.854
729	paganorum	411	1.491	6	6	1.841
730	comprobatur	244	0.885	5	5	1.84
731	congregauit	244	0.885	5	5	1.84
732	Responsio	412	1.494	6	2	1.839
733	coniugii	247	0.896	5	3	1.835
734	Ludouicum	247	0.896	5	5	1.835
735	conscripta	248	0.9	5	5	1.834
736	episcopali	416	1.509	6	5	1.834
737	reperimus	253	0.918	5	5	1.826
738	Matthei	253	0.918	5	4	1.826
739	singuli	786	2.851	8	4	1.821
740	presentis	1780	6.456	13	8	1.815
741	Xxxii	260	0.943	5	3	1.814
742	manifestissime	260	0.943	5	5	1.814
743	auctores	435	1.578	6	4	1.805
744	Origine	440	1.596	6	6	1.798
745	fecisse	1190	4.316	10	10	1.797
746	quatuordecim	273	0.99	5	4	1.793
747	quotiescunque	276	1.001	5	5	1.788
748	iuuenis	449	1.629	6	6	1.785
749	sepius	1208	4.381	10	9	1.777
750	Pluribus	821	2.978	8	8	1.776
751	arbitrio	1015	3.681	9	8	1.773
752	aduocatus	286	1.037	5	3	1.772
753	prefatus	640	2.321	7	6	1.768
754	nouis	289	1.048	5	4	1.767
755	artis	464	1.683	6	5	1.762
756	ostendimus	297	1.077	5	4	1.754
757	Tolle	303	1.099	5	3	1.745
758	exhibet	304	1.103	5	5	1.743
759	nominatur	663	2.405	7	6	1.737
760	imperatorem	1046	3.794	9	8	1.735
761	lectionem	318	1.153	5	5	1.72
762	ornamenta	322	1.168	5	4	1.714
763	en	497	1.803	6	5	1.714
764	dicto	689	2.499	7	7	1.701
765	uerbis	5501	19.951	29	25	1.68
766	istos	520	1.886	6	4	1.68
767	Codicibus	346	1.255	5	5	1.675
768	imposuit	346	1.255	5	4	1.675
769	sententiis	525	1.904	6	6	1.672
770	Xuiii	904	3.279	8	7	1.669
771	adiutorio	528	1.915	6	5	1.668
772	Testamentum	1304	4.729	10	9	1.667
773	Regule	532	1.93	6	5	1.662
774	Priorum	355	1.288	5	4	1.66
775	septuaginta	1934	7.014	13	8	1.66
776	Scriptura	3694	13.398	21	15	1.659
777	Similiter	5768	20.92	30	25	1.658
778	Ioannem	1314	4.766	10	8	1.655
779	beate	1114	4.04	9	8	1.653
780	beatum	1320	4.787	10	8	1.648
781	comitis	558	2.024	6	5	1.623
782	Mattheus	746	2.706	7	6	1.623
783	Paradiso	750	2.72	7	3	1.618
784	homilia	752	2.727	7	7	1.615
785	exposuit	384	1.393	5	5	1.613
786	Xxui	385	1.396	5	4	1.612
787	utilis	392	1.422	5	5	1.6
788	permaneat	574	2.082	6	4	1.6
789	Samuel	393	1.425	5	3	1.599
790	Xx	764	2.771	7	5	1.598
791	Libello	400	1.451	5	5	1.587
792	Habent	4249	15.411	23	19	1.583
793	Redemptor	782	2.836	7	5	1.574
794	aperte	1811	6.568	12	9	1.568
795	uestimenta	984	3.569	8	8	1.567
796	loqueretur	415	1.505	5	5	1.563
797	istorum	418	1.516	5	4	1.558
798	dextera	1196	4.338	9	4	1.554
799	discere	421	1.527	5	5	1.553
800	adiecit	422	1.531	5	5	1.552
801	predicti	801	2.905	7	7	1.548
802	postulat	428	1.552	5	4	1.542
803	Spiritu	7382	26.773	36	14	1.538
804	euangeliste	616	2.234	6	6	1.537
805	ostendit	5482	19.882	28	23	1.534
806	Denique	3179	11.53	18	17	1.525
807	maxime	3869	14.032	21	20	1.52
808	Preterea	1228	4.454	9	8	1.515
809	scribens	631	2.289	6	6	1.515
810	terminum	631	2.289	6	6	1.515
811	multi	3434	12.455	19	15	1.502
812	perhibetur	453	1.643	5	4	1.501
813	conscientie	454	1.647	5	5	1.5
814	intus	1906	6.913	12	8	1.469
815	Isaia	664	2.408	6	5	1.466
816	Moyses	2350	8.523	14	12	1.464
817	ipsius	9218	33.432	43	41	1.459
818	quadraginta	1702	6.173	11	9	1.455
819	pre	2146	7.783	13	7	1.447
820	scriptis	875	3.174	7	7	1.446
821	testimonio	876	3.177	7	7	1.445
822	precipue	1288	4.671	9	8	1.443
823	Huic	3506	12.716	19	18	1.442
824	uenerabilis	1716	6.224	11	10	1.44
825	singulorum	685	2.484	6	4	1.435
826	studuit	494	1.792	5	5	1.435
827	Isaiam	496	1.799	5	4	1.432
828	Magni	1511	5.48	10	8	1.429
829	Isaias	1093	3.964	8	4	1.427
830	Laude	1094	3.968	8	8	1.426
831	uides	692	2.51	6	4	1.425
832	offert	502	1.821	5	5	1.422
833	uersus	1098	3.982	8	8	1.42
834	ubi	18833	68.305	81	62	1.411
835	plurimi	510	1.85	5	4	1.409
836	arbitror	708	2.568	6	6	1.401
837	posuit	2195	7.961	13	12	1.398
838	ordines	714	2.59	6	5	1.392
839	Ix	1546	5.607	10	10	1.389
840	Canticum	726	2.633	6	5	1.375
841	tum	2227	8.077	13	10	1.365
842	triginta	1573	5.705	10	10	1.358
843	nomen	8419	30.535	39	31	1.356
844	significant	943	3.42	7	7	1.353
845	intelliguntur	741	2.688	6	5	1.352
846	sanctis	4324	15.683	22	15	1.347
847	dignus	1376	4.991	9	7	1.337
848	Plaga	557	2.02	5	5	1.333
849	aliqui	757	2.746	6	4	1.329
850	intelligimus	759	2.753	6	6	1.326
851	iustitie	3646	13.224	19	15	1.325
852	Totus	1602	5.81	10	9	1.325
853	imagines	964	3.496	7	3	1.324
854	solus	3183	11.544	17	16	1.323
855	decem	3195	11.588	17	17	1.313
856	testimonium	3199	11.602	17	16	1.309
857	breui	572	2.075	5	5	1.308
858	auctorem	773	2.804	6	6	1.305
859	suos	6301	22.853	30	26	1.305
860	quibus	25792	93.544	107	68	1.301
861	euangelista	1406	5.099	9	7	1.3
862	locis	2984	10.823	16	16	1.294
863	multorum	1411	5.118	9	8	1.294
864	auri	782	2.836	6	6	1.292
865	nempe	785	2.847	6	6	1.287
866	clericorum	993	3.602	7	6	1.285
867	Moysen	1428	5.179	9	9	1.274
868	magnam	1001	3.631	7	7	1.274
869	natiuitate	596	2.162	5	5	1.269
870	Hebrei	598	2.169	5	5	1.266
871	suorum	3962	14.37	20	11	1.259
872	lege	4918	17.837	24	17	1.258
873	contulit	808	2.931	6	5	1.253
874	plurima	1018	3.692	7	7	1.25
875	presumpserit	609	2.209	5	4	1.248
876	personis	812	2.945	6	3	1.247
877	panes	825	2.992	6	6	1.228
878	auctoritas	1468	5.324	9	8	1.225
879	arce	630	2.285	5	5	1.214
880	christianorum	1047	3.797	7	6	1.211
881	auctore	842	3.054	6	6	1.203
882	hereticorum	1271	4.61	8	6	1.199
883	unius	3099	11.24	16	13	1.19
884	testis	851	3.087	6	5	1.189
885	temporibus	3574	12.962	18	12	1.187
886	alios	3821	13.858	19	16	1.18
887	epistolam	1288	4.671	8	7	1.177
888	principium	1288	4.671	8	7	1.177
889	Percussit	664	2.408	5	4	1.159
890	Trinitatis	1748	6.34	10	9	1.157
891	cultu	665	2.412	5	5	1.157
892	Quinquaginta	873	3.166	6	6	1.157
893	alium	1980	7.181	11	7	1.151
894	Natura	4347	15.766	21	10	1.142
895	Hi	4590	16.647	22	13	1.141
896	conditione	676	2.452	5	5	1.14
897	Amen	3393	12.306	17	17	1.138
898	propriis	1541	5.589	9	7	1.137
899	dixi	1995	7.236	11	9	1.135
900	archiepiscopum	682	2.474	5	5	1.13
901	Christiane	685	2.484	5	5	1.125
902	intentio	688	2.495	5	3	1.12
903	solidos	690	2.503	5	5	1.117
904	beato	1575	5.712	9	7	1.096
905	desiderat	919	3.333	6	5	1.089
906	abbatis	1136	4.12	7	5	1.088
907	teste	710	2.575	5	5	1.084
908	Reuera	711	2.579	5	5	1.083
909	synodi	711	2.579	5	4	1.083
910	Uidi	927	3.362	6	6	1.077
911	prophetia	721	2.615	5	5	1.067
912	S	7161	25.972	32	28	1.066
913	Grece	1158	4.2	7	5	1.058
914	loquens	728	2.64	5	4	1.055
915	prout	1383	5.016	8	8	1.055
916	plura	1161	4.211	7	7	1.054
917	Romanis	729	2.644	5	5	1.054
918	tria	1611	5.843	9	9	1.052
919	diaconi	730	2.648	5	3	1.052
920	motus	1165	4.225	7	2	1.049
921	tenet	1172	4.251	7	6	1.039
922	mortis	3752	13.608	18	14	1.035
923	imperatoris	2097	7.606	11	6	1.023
924	sermones	749	2.717	5	4	1.021
925	sermonis	754	2.735	5	5	1.013
926	dicentem	768	2.785	5	5	0.99
927	predictus	769	2.789	5	5	0.989
928	debitum	780	2.829	5	3	0.971
929	lapides	1022	3.707	6	5	0.936
930	Cura	1711	6.206	9	8	0.932
931	tradidit	1946	7.058	10	7	0.93
932	tulit	806	2.923	5	5	0.929
933	idolorum	813	2.949	5	5	0.917
934	femina	814	2.952	5	5	0.916
935	Corpore	5382	19.52	24	14	0.915
936	pene	2923	10.601	14	13	0.908
937	utriusque	1273	4.617	7	7	0.901
938	uariis	1047	3.797	6	6	0.899
939	obtulit	833	3.021	5	5	0.885
940	Ceteri	1516	5.498	8	7	0.884
941	Probatur	838	3.039	5	5	0.877
942	templi	1758	6.376	9	3	0.875
943	auctoritatis	1067	3.87	6	6	0.87
944	multos	2001	7.257	10	9	0.867
945	prior	1076	3.903	6	4	0.856
946	memorie	1308	4.744	7	7	0.853
947	litterarum	856	3.105	5	5	0.848
948	inuenire	1087	3.942	6	4	0.84
949	pape	2755	9.992	13	10	0.834
950	arte	867	3.145	5	5	0.83
951	constituit	1560	5.658	8	8	0.828
952	Seu	6014	21.812	26	23	0.821
953	singulis	2282	8.277	11	9	0.821
954	sensu	1803	6.539	9	9	0.82
955	presentem	1105	4.008	6	5	0.813
956	studio	1811	6.568	9	9	0.811
957	suis	18251	66.194	73	48	0.797
958	dicens	10689	38.767	44	31	0.789
959	siue	16962	61.519	68	43	0.786
960	fertur	896	3.25	5	5	0.783
961	appellat	897	3.253	5	5	0.781
962	saltem	1600	5.803	8	8	0.777
963	Romanorum	1369	4.965	7	6	0.769
964	Supra	6866	24.902	29	21	0.761
965	Primam	910	3.3	5	5	0.76
966	Ceterum	1144	4.149	6	6	0.756
967	luce	1859	6.742	9	8	0.753
968	gesta	1383	5.016	7	6	0.75
969	litteras	1398	5.07	7	7	0.729
970	audit	929	3.369	5	4	0.729
971	dolore	943	3.42	5	5	0.707
972	uocatur	2641	9.579	12	11	0.699
973	Habes	1184	4.294	6	5	0.696
974	memoriam	1907	6.916	9	8	0.695
975	exempla	1187	4.305	6	6	0.692
976	Disciplina	952	3.453	5	4	0.692
977	psalmus	1429	5.183	7	6	0.687
978	Quidam	6209	22.519	26	24	0.683
979	Patet	1198	4.345	6	6	0.676
980	haud	963	3.493	5	5	0.674
981	uoluerit	2172	7.878	10	8	0.671
982	presenti	2919	10.587	13	11	0.669
983	Predicatione	966	3.504	5	3	0.669
984	tot	1684	6.108	8	6	0.669
985	aliorum	2187	7.932	10	8	0.654
986	ipsorum	1702	6.173	8	8	0.646
987	auro	1222	4.432	6	6	0.64
988	episcopus	9920	35.978	40	24	0.636
989	fere	991	3.594	5	5	0.629
990	Preter	2710	9.829	12	12	0.627
991	necnon	1487	5.393	7	7	0.607
992	Laus	1005	3.645	5	4	0.606
993	temporum	1249	4.53	6	6	0.6
994	uideretur	1012	3.67	5	5	0.595
995	uasa	1497	5.429	7	6	0.594
996	magnum	1997	7.243	9	8	0.586
997	cur	3768	13.666	16	14	0.584
998	postmodum	1759	6.38	8	7	0.573
999	superius	3276	11.882	14	12	0.566
1000	Saul	1031	3.739	5	5	0.564
1001	an	4310	15.632	18	12	0.558
1002	notitiam	1035	3.754	5	5	0.557
1003	quippe	7694	27.905	31	21	0.556
1004	Uide	1279	4.639	6	5	0.556
1005	Dominica	1279	4.639	6	3	0.556
1006	Ait	17493	63.445	68	40	0.552
1007	rite	1044	3.786	5	4	0.543
1008	maxima	1047	3.797	5	5	0.538
1009	Hactenus	1292	4.686	6	6	0.536
1010	loquitur	3834	13.905	16	15	0.524
1011	aliis	7744	28.086	31	26	0.523
1012	miracula	1062	3.852	5	4	0.514
1013	creditur	1063	3.855	5	2	0.512
1014	diximus	3081	11.174	13	12	0.506
1015	positum	1073	3.892	5	5	0.496
1016	quodammodo	1085	3.935	5	4	0.476
1017	horum	2342	8.494	10	10	0.476
1018	duabus	1108	4.019	5	5	0.439
1019	notandum	1612	5.847	7	7	0.436
1020	populus	4983	18.073	20	16	0.431
1021	numerus	2131	7.729	9	8	0.424
1022	scire	1876	6.804	8	8	0.423
1023	millia	2134	7.74	9	7	0.42
1024	Porro	2399	8.701	10	9	0.411
1025	Dauid	6606	23.959	26	16	0.4
1026	Certe	2932	10.634	12	10	0.394
1027	sententiam	2675	9.702	11	5	0.391
1028	etiam	39496	143.246	148	95	0.391
1029	gratie	2938	10.656	12	2	0.388
1030	audi	1151	4.175	5	5	0.369
1031	catholice	1669	6.053	7	4	0.358
1032	proinde	1158	4.2	5	5	0.358
1033	faceret	1166	4.229	5	5	0.345
1034	secunda	1939	7.033	8	8	0.342
1035	solummodo	1434	5.201	6	5	0.326
1036	domni	1434	5.201	6	6	0.326
1037	uiros	1438	5.215	6	6	0.32
1038	Bellum	1196	4.338	5	5	0.296
1039	diaboli	2237	8.113	9	9	0.296
1040	Hoc	68485	248.385	253	118	0.29
1041	memoria	1462	5.303	6	6	0.285
1042	sacri	1206	4.374	5	4	0.28
1043	quecunque	1989	7.214	8	8	0.278
1044	medium	1211	4.392	5	5	0.272
1045	aliquem	1228	4.454	5	5	0.244
1046	utrumque	1761	6.387	7	6	0.232
1047	alio	3362	12.194	13	11	0.224
1048	exinde	1244	4.512	5	5	0.218
1049	Uita	9843	35.699	37	32	0.214
1050	sacris	2040	7.399	8	8	0.213
1051	undique	1251	4.537	5	4	0.207
1052	Propheta	5273	19.124	20	16	0.196
1053	uix	1790	6.492	7	7	0.192
1054	nostrorum	2327	8.44	9	6	0.187
1055	sex	2329	8.447	9	6	0.184
1056	magister	1270	4.606	5	5	0.176
1057	habens	2084	7.558	8	8	0.156
1058	alterius	2354	8.538	9	8	0.154
1059	dicente	2087	7.569	8	8	0.152
1060	numerum	1830	6.637	7	6	0.137
1061	nil	1573	5.705	6	5	0.12
1062	Ioannes	4564	16.553	17	11	0.108
1063	sensum	2402	8.712	9	9	0.096
1064	Fac	1326	4.809	5	4	0.085
1065	populum	4591	16.651	17	13	0.085
1066	prima	3524	12.781	13	10	0.061
1067	oratio	1614	5.854	6	6	0.06
1068	suo	14496	52.575	53	36	0.058
1069	inuenit	1618	5.868	6	6	0.054
1070	scientiam	1621	5.879	6	6	0.049
1071	Petrum	1355	4.914	5	4	0.038
1072	litteram	1360	4.933	5	5	0.03
1073	continuo	1374	4.983	5	4	0.007
1074	Euangelium	2772	10.054	10	7	-0.017
1075	nullus	6102	22.131	22	19	-0.028
1076	Iuda	1951	7.076	7	6	-0.029
1077	missus	1398	5.07	5	5	-0.031
1078	annum	1701	6.169	6	6	-0.069
1079	tantum	10340	37.502	37	25	-0.082
1080	constat	2554	9.263	9	9	-0.088
1081	Re	3396	12.317	12	11	-0.091
1082	antea	1450	5.259	5	5	-0.116
1083	usus	1736	6.296	6	6	-0.121
1084	presbyter	2311	8.382	8	7	-0.135
1085	prophetam	2601	9.433	9	8	-0.144
1086	alter	2036	7.384	7	7	-0.145
1087	accipere	2325	8.432	8	6	-0.153
1088	dicuntur	3173	11.508	11	11	-0.153
1089	sunt	72096	261.482	259	116	-0.154
1090	omnes	23853	86.511	85	62	-0.164
1091	Oratione	1485	5.386	5	2	-0.173
1092	igne	2063	7.482	7	7	-0.182
1093	Nunquid	2642	9.582	9	8	-0.194
1094	quondam	2078	7.537	7	7	-0.203
1095	Fiat	3249	11.784	11	11	-0.236
1096	ueluti	1816	6.586	6	5	-0.239
1097	sanctos	1819	6.597	6	6	-0.244
1098	anime	4966	18.011	17	13	-0.245
1099	patres	2405	8.723	8	8	-0.255
1100	tali	1845	6.692	6	6	-0.282
1101	profecto	2155	7.816	7	7	-0.308
1102	Siquidem	3033	11	10	8	-0.316
1103	iuxta	12151	44.07	42	28	-0.319
1104	adeo	1586	5.752	5	5	-0.336
1105	olim	2184	7.921	7	7	-0.348
1106	itaque	8518	30.894	29	23	-0.352
1107	sacerdotes	3065	11.116	10	9	-0.353
1108	aliqua	3067	11.124	10	10	-0.355
1109	canones	1603	5.814	5	5	-0.364
1110	culpa	1611	5.843	5	4	-0.377
1111	totum	4540	16.466	15	14	-0.378
1112	ueritate	2803	10.166	9	6	-0.389
1113	qui	164490	596.581	587	210	-0.395
1114	debere	1928	6.993	6	4	-0.405
1115	apud	14014	50.827	48	32	-0.408
1116	synodo	1933	7.011	6	3	-0.413
1117	multis	4879	17.695	16	16	-0.424
1118	Romane	1941	7.04	6	5	-0.424
1119	secundum	20850	75.62	72	54	-0.427
1120	uidetur	5463	19.814	18	14	-0.427
1121	Quapropter	2248	8.153	7	6	-0.436
1122	Saluatoris	2546	9.234	8	6	-0.436
1123	postea	4899	17.768	16	14	-0.442
1124	sancto	6677	24.217	22	12	-0.473
1125	foris	1679	6.09	5	5	-0.487
1126	facile	1679	6.09	5	5	-0.487
1127	penitus	2589	9.39	8	8	-0.491
1128	scientie	1694	6.144	5	4	-0.512
1129	nimirum	2607	9.455	8	8	-0.514
1130	Actibus	1696	6.151	5	5	-0.515
1131	medio	3221	11.682	10	10	-0.532
1132	locutus	2328	8.443	7	6	-0.546
1133	insuper	1715	6.22	5	5	-0.546
1134	habebat	1733	6.285	5	5	-0.575
1135	lingua	2354	8.538	7	7	-0.581
1136	e	4178	15.153	13	13	-0.597
1137	misit	3285	11.914	10	10	-0.605
1138	proprie	2375	8.614	7	7	-0.61
1139	Neque	16128	58.494	54	38	-0.612
1140	Ioseph	1767	6.409	5	4	-0.63
1141	Quare	3911	14.185	12	10	-0.631
1142	eas	3004	10.895	9	8	-0.632
1143	hac	9255	33.567	30	24	-0.651
1144	rem	1783	6.467	5	5	-0.656
1145	fecerit	1796	6.514	5	5	-0.677
1146	rerum	4903	17.783	15	12	-0.718
1147	sub	14326	51.958	47	32	-0.723
1148	Pascha	1826	6.623	5	2	-0.726
1149	anni	2145	7.78	6	4	-0.727
1150	episcopi	7018	25.453	22	15	-0.736
1151	sum	8214	29.791	26	15	-0.743
1152	quamuis	4631	16.796	14	11	-0.747
1153	tandem	2476	8.98	7	5	-0.748
1154	Quomodo	10295	37.338	33	25	-0.755
1155	Ciuitatis	2491	9.035	7	5	-0.769
1156	pars	2809	10.188	8	8	-0.774
1157	tam	10045	36.432	32	26	-0.783
1158	totius	3762	13.644	11	8	-0.797
1159	quas	6197	22.476	19	19	-0.797
1160	parte	5608	20.339	17	15	-0.81
1161	illo	8616	31.249	27	24	-0.818
1162	Francorum	1894	6.869	5	4	-0.836
1163	)	30262	109.756	101	71	-0.871
1164	celi	3203	11.617	9	8	-0.872
1165	poterit	2245	8.142	6	6	-0.875
1166	Ordo	1921	6.967	5	4	-0.88
1167	litteris	2264	8.211	6	5	-0.903
1168	ut	166832	605.075	583	170	-0.914
1169	opus	5429	19.69	16	16	-0.923
1170	uidere	2288	8.298	6	6	-0.938
1171	igitur	11511	41.749	36	27	-0.958
1172	ira	1975	7.163	5	2	-0.967
1173	nequaquam	3283	11.907	9	9	-0.969
1174	fuerat	4559	16.535	13	13	-0.98
1175	Talibus	1984	7.196	5	5	-0.982
1176	intelligi	3002	10.888	8	6	-1.021
1177	quedam	3982	14.442	11	10	-1.038
1178	debeat	2020	7.326	5	4	-1.04
1179	ipsum	11054	40.091	34	26	-1.045
1180	hodie	2361	8.563	6	5	-1.046
1181	ipse	28742	104.243	94	56	-1.056
1182	faciunt	2717	9.854	7	7	-1.079
1183	Marie	2048	7.428	5	5	-1.086
1184	fratribus	3064	11.113	8	8	-1.101
1185	illius	10243	37.15	31	19	-1.105
1186	habeat	3077	11.16	8	7	-1.117
1187	uelut	3406	12.353	9	9	-1.118
1188	diuina	6586	23.886	19	16	-1.121
1189	diu	2085	7.562	5	5	-1.146
1190	meo	3784	13.724	10	7	-1.178
1191	At	3787	13.735	10	7	-1.181
1192	dicta	3129	11.348	8	8	-1.184
1193	uidelicet	10383	37.658	31	22	-1.196
1194	exemplum	2462	8.929	6	4	-1.196
1195	alibi	2804	10.17	7	7	-1.198
1196	fuisse	5097	18.486	14	11	-1.199
1197	;	116352	421.992	398	151	-1.203
1198	fecit	8877	32.196	26	22	-1.215
1199	ordine	3156	11.446	8	8	-1.218
1200	sepe	3840	13.927	10	6	-1.242
1201	eadem	7673	27.829	22	19	-1.243
1202	nemo	5801	21.039	16	12	-1.26
1203	modum	2159	7.83	5	5	-1.266
1204	intelligere	2159	7.83	5	5	-1.266
1205	isti	2860	10.373	7	6	-1.275
1206	illorum	4561	16.542	12	8	-1.311
1207	etenim	2603	9.441	6	6	-1.405
1208	peccato	3649	13.234	9	8	-1.411
1209	longe	3330	12.077	8	7	-1.442
1210	lex	3682	13.354	9	8	-1.451
1211	Nam	23565	85.467	73	45	-1.459
1212	iam	20595	74.695	63	47	-1.473
1213	gentium	3716	13.477	9	8	-1.492
1214	posset	2669	9.68	6	6	-1.502
1215	quicunque	2670	9.684	6	6	-1.504
1216	rege	2672	9.691	6	5	-1.507
1217	quisque	2318	8.407	5	5	-1.524
1218	Is	2320	8.414	5	5	-1.527
1219	rei	2694	9.771	6	6	-1.539
1220	Fidei	9336	33.86	26	19	-1.542
1221	ceteris	4447	16.129	11	10	-1.546
1222	noster	5472	19.846	14	11	-1.562
1223	partes	2365	8.578	5	4	-1.6
1224	manu	4837	17.543	12	10	-1.6
1225	iterum	6856	24.866	18	16	-1.618
1226	Epistola	4513	16.368	11	8	-1.619
1227	propterea	3112	11.287	7	7	-1.62
1228	aliquo	2384	8.646	5	4	-1.631
1229	Abraham	2764	10.025	6	5	-1.643
1230	aliquis	2776	10.068	6	5	-1.661
1231	quis	16434	59.604	48	35	-1.675
1232	Postquam	3897	14.134	9	9	-1.711
1233	cuncta	3543	12.85	8	8	-1.715
1234	quidquid	4654	16.879	11	10	-1.773
1235	episcopum	3592	13.028	8	8	-1.778
1236	fit	3967	14.388	9	9	-1.796
1237	Nature	3245	11.769	7	4	-1.803
1238	sit	27786	100.776	84	63	-1.83
1239	ipsos	2899	10.514	6	6	-1.843
1240	nunquam	4722	17.126	11	10	-1.847
1241	martyris	2540	9.212	5	5	-1.884
1242	tempora	2546	9.234	5	3	-1.894
1243	His	21236	77.02	62	46	-1.908
1244	potuit	3329	12.074	7	7	-1.918
1245	inde	7880	28.58	20	18	-1.918
1246	factus	4823	17.492	11	10	-1.958
1247	uidit	2598	9.423	5	4	-1.978
1248	loco	10297	37.346	27	20	-1.991
1249	extra	2607	9.455	5	4	-1.992
1250	precepta	2611	9.47	5	5	-1.999
1251	gentes	4142	15.022	9	3	-2.007
1252	solum	10659	38.659	28	26	-2.014
1253	coram	4889	17.732	11	10	-2.03
1254	ore	4202	15.24	9	8	-2.08
1255	celum	3831	13.895	8	7	-2.084
1256	potestatem	3063	11.109	6	6	-2.086
1257	multo	2677	9.709	5	5	-2.106
1258	c	3493	12.669	7	7	-2.143
1259	alia	7470	27.093	18	17	-2.143
1260	toto	3112	11.287	6	6	-2.158
1261	circa	3505	12.712	7	7	-2.159
1262	nomine	11537	41.843	30	26	-2.162
1263	pariter	3118	11.309	6	6	-2.167
1264	Hec	30798	111.7	91	68	-2.17
1265	illud	13210	47.911	35	27	-2.182
1266	utique	5038	18.272	11	10	-2.193
1267	illum	8925	32.37	22	19	-2.211
1268	Uirtus	3165	11.479	6	5	-2.237
1269	frater	3190	11.57	6	5	-2.274
1270	Iudei	2788	10.112	5	5	-2.286
1271	illos	5169	18.747	11	10	-2.336
1272	Apostoli	4794	17.387	10	9	-2.336
1273	es	6288	22.806	14	12	-2.353
1274	statim	2835	10.282	5	5	-2.362
1275	bene	8253	29.932	19	15	-2.508
1276	sacerdos	2980	10.808	5	5	-2.597
1277	ualde	2980	10.808	5	5	-2.597
1278	dicunt	3419	12.4	6	6	-2.613
1279	sui	12941	46.935	32	26	-2.64
1280	facit	5068	18.381	10	8	-2.65
1281	licet	7008	25.417	15	15	-2.69
1282	locum	6277	22.766	13	9	-2.709
1283	huiusmodi	3496	12.68	6	6	-2.727
1284	unusquisque	3064	11.113	5	5	-2.734
1285	melius	3086	11.193	5	4	-2.769
1286	tuis	3526	12.788	6	6	-2.771
1287	cui	11424	41.433	27	25	-2.778
1288	sermo	3100	11.243	5	5	-2.792
1289	alii	5192	18.831	10	9	-2.792
1290	habere	8274	30.009	18	16	-2.83
1291	auctoritate	3997	14.497	7	7	-2.833
1292	Magna	4439	16.1	8	7	-2.864
1293	Petrus	3145	11.406	5	5	-2.865
1294	dixit	12295	44.592	29	17	-2.895
1295	Iudeorum	3613	13.104	6	6	-2.9
1296	omnium	11251	40.806	26	24	-2.904
1297	ratione	3174	11.512	5	5	-2.912
1298	possit	5310	19.259	10	10	-2.928
1299	nostro	5724	20.76	11	8	-2.943
1300	fieri	7663	27.793	16	15	-2.948
1301	celestis	3200	11.606	5	5	-2.954
1302	super	23580	85.521	62	42	-2.987
1303	ipsis	4543	16.477	8	8	-2.997
1304	significat	4964	18.004	9	7	-3.001
1305	tanta	3249	11.784	5	4	-3.034
1306	fuit	11793	42.772	27	22	-3.035
1307	uir	5824	21.123	11	11	-3.052
1308	ille	15694	56.92	38	32	-3.069
1309	Pater	11157	40.465	25	17	-3.093
1310	sententia	3288	11.925	5	4	-3.097
1311	omnem	5876	21.311	11	9	-3.109
1312	seculi	5061	18.356	9	9	-3.119
1313	Patris	8628	31.293	18	14	-3.133
1314	nostrum	6305	22.867	12	11	-3.137
1315	tota	3787	13.735	6	6	-3.158
1316	opere	3797	13.771	6	3	-3.173
1317	deinde	5116	18.555	9	9	-3.185
1318	Iustitia	3349	12.146	5	5	-3.196
1319	tui	5140	18.642	9	9	-3.214
1320	Ecce	7576	27.477	15	12	-3.222
1321	Gratia	10609	38.477	23	13	-3.227
1322	minus	3836	13.913	6	6	-3.23
1323	episcopis	3373	12.233	5	5	-3.235
1324	dicat	4292	15.566	7	7	-3.238
1325	qualiter	3848	13.956	6	6	-3.248
1326	quantum	6499	23.571	12	11	-3.34
1327	Sapientia	3918	14.21	6	6	-3.352
1328	?	41969	152.215	116	60	-3.363
1329	quidem	13370	48.491	30	27	-3.376
1330	scilicet	11574	41.977	25	21	-3.395
1331	habet	9718	35.246	20	18	-3.409
1332	dictum	6978	25.308	13	11	-3.414
1333	!	3970	14.399	6	6	-3.429
1334	eorum	25018	90.737	63	45	-3.494
1335	Filio	5805	21.054	10	8	-3.496
1336	anno	9054	32.838	18	16	-3.497
1337	peccati	3577	12.973	5	5	-3.566
1338	erit	9146	33.171	18	17	-3.576
1339	nostris	5969	21.649	10	9	-3.684
1340	regis	6472	23.473	11	8	-3.761
1341	sic	22224	80.603	53	45	-3.792
1342	Regem	4696	17.032	7	7	-3.792
1343	fuerint	3718	13.485	5	5	-3.794
1344	nulla	5661	20.532	9	9	-3.844
1345	ipsi	9879	35.83	19	18	-3.861
1346	quando	13356	48.44	28	22	-3.863
1347	ista	5699	20.669	9	9	-3.89
1348	suum	13040	47.294	27	20	-3.906
1349	annis	3802	13.789	5	5	-3.931
1350	omnis	10007	36.294	19	19	-3.967
1351	recte	5301	19.226	8	6	-3.969
1352	sensus	3828	13.884	5	4	-3.973
1353	dicere	4835	17.536	7	5	-3.982
1354	Israel	8396	30.451	15	13	-3.989
1355	annos	4404	15.973	6	6	-4.071
1356	factum	5854	21.232	9	9	-4.077
1357	Iudicium	5420	19.658	8	8	-4.122
1358	nostri	10602	38.452	20	17	-4.126
1359	Cunctis	3943	14.301	5	4	-4.159
1360	debet	4982	18.069	7	6	-4.184
1361	Christi	23773	86.221	55	35	-4.21
1362	tanquam	5523	20.031	8	7	-4.254
1363	adhuc	7383	26.777	12	12	-4.266
1364	morte	4064	14.74	5	5	-4.356
1365	quod	133459	484.036	397	142	-4.368
1366	potest	13503	48.973	26	25	-4.505
1367	nunc	13926	50.508	27	22	-4.524
1368	quatenus	4173	15.135	5	5	-4.532
1369	illis	11108	40.287	20	19	-4.536
1370	tue	5257	19.066	7	7	-4.561
1371	sancte	11187	40.574	20	18	-4.6
1372	omni	11640	42.217	21	20	-4.63
1373	sanctum	6326	22.944	9	7	-4.648
1374	nostram	4284	15.537	5	5	-4.712
1375	mox	4291	15.563	5	5	-4.724
1376	filii	10957	39.739	19	15	-4.758
1377	magis	8781	31.847	14	14	-4.77
1378	nostre	6929	25.131	10	7	-4.785
1379	absque	4330	15.704	5	5	-4.787
1380	rebus	4893	17.746	6	6	-4.795
1381	ibi	10625	38.535	18	17	-4.84
1382	Quoniam	16008	58.059	31	24	-4.86
1383	eius	58490	212.135	152	96	-4.878
1384	possunt	4386	15.907	5	5	-4.878
1385	eo	25904	93.95	57	46	-4.894
1386	omnino	4403	15.969	5	5	-4.905
1387	ob	5009	18.167	6	6	-4.967
1388	causa	7700	27.927	11	9	-5.104
1389	enim	66589	241.508	174	97	-5.118
1390	ipso	9616	34.876	15	14	-5.132
1391	ab	47676	172.914	117	84	-5.169
1392	populo	5161	18.718	6	6	-5.192
1393	potius	4608	16.713	5	5	-5.238
1394	uestre	4617	16.745	5	5	-5.253
1395	tamen	22532	81.72	46	35	-5.267
1396	sint	7864	28.522	11	10	-5.283
1397	mihi	14184	51.443	25	18	-5.289
1398	uiri	4657	16.89	5	5	-5.317
1399	fuerit	11192	40.592	18	15	-5.325
1400	opera	6363	23.078	8	6	-5.331
1401	uitam	8938	32.417	13	13	-5.385
1402	Spiritum	6423	23.295	8	6	-5.408
1403	facta	6440	23.357	8	8	-5.429
1404	ergo	29670	107.609	64	45	-5.451
1405	Post	25587	92.8	53	40	-5.467
1406	Euangelio	4753	17.238	5	5	-5.473
1407	uero	35931	130.316	81	64	-5.48
1408	esse	42728	154.968	100	77	-5.497
1409	usque	24146	87.574	49	39	-5.511
1410	atque	32045	116.223	70	47	-5.525
1411	omnibus	22258	80.727	44	33	-5.537
1412	tempore	12833	46.543	21	21	-5.574
1413	forte	6594	23.916	8	7	-5.627
1414	illa	12472	45.234	20	19	-5.643
1415	Hanc	9345	33.893	13	13	-5.795
1416	episcopo	4956	17.975	5	5	-5.802
1417	manus	5645	20.474	6	6	-5.909
1418	ante	15065	54.639	25	19	-5.928
1419	si	77083	279.569	196	98	-5.969
1420	esset	9536	34.586	13	11	-5.987
1421	dedit	5078	18.417	5	5	-6
1422	erant	7471	27.096	9	8	-6.032
1423	illi	14775	53.587	24	21	-6.039
1424	gratiam	6394	23.19	7	6	-6.119
1425	mei	5165	18.733	5	4	-6.141
1426	ac	31966	115.936	66	53	-6.147
1427	hominis	6445	23.375	7	7	-6.189
1428	propter	17688	64.152	30	23	-6.235
1429	legem	5254	19.056	5	4	-6.286
1430	sue	13329	48.342	20	17	-6.338
1431	est	273513	991.991	810	252	-6.395
1432	quasi	19683	71.387	34	26	-6.412
1433	ea	16639	60.347	27	25	-6.418
1434	una	8906	32.301	11	9	-6.422
1435	spiritus	16254	58.951	26	12	-6.462
1436	omnia	23642	85.746	43	35	-6.519
1437	sumus	6102	22.131	6	6	-6.585
1438	ei	16962	61.519	27	24	-6.643
1439	Domini	26925	97.653	50	39	-6.739
1440	aliud	8095	29.359	9	8	-6.786
1441	quid	25030	90.78	45	35	-6.824
1442	fratres	5632	20.426	5	5	-6.899
1443	hominem	6415	23.266	6	6	-7.049
1444	uerum	8319	30.172	9	8	-7.057
1445	Tibi	13832	50.167	19	16	-7.15
1446	Christum	10187	36.947	12	11	-7.201
1447	inquit	11832	42.913	15	14	-7.207
1448	modo	10867	39.413	13	12	-7.326
1449	-que	76595	277.799	179	109	-7.385
1450	terram	8011	29.055	8	7	-7.444
1451	uel	61906	224.524	137	76	-7.478
1452	Erat	17808	64.587	26	21	-7.568
1453	Ecclesie	21098	76.519	33	26	-7.576
1454	prius	6813	24.71	6	4	-7.638
1455	facere	6211	22.526	5	3	-7.838
1456	quam	46206	167.582	91	70	-8.028
1457	autem	64914	235.434	140	78	-8.066
1458	Dei	58503	212.182	122	63	-8.165
1459	Uenit	6490	23.538	5	5	-8.291
1460	aut	34719	125.921	61	36	-8.312
1461	anima	6506	23.596	5	5	-8.317
1462	tuum	6539	23.716	5	5	-8.37
1463	corporis	6617	23.999	5	5	-8.497
1464	Tempus	6697	24.289	5	5	-8.626
1465	hominum	6709	24.333	5	5	-8.646
1466	Dominum	11718	42.499	12	10	-8.804
1467	Tu	9923	35.989	9	9	-8.996
1468	nec	41042	148.853	72	54	-9.057
1469	eam	10692	38.778	10	9	-9.1
1470	domino	17924	65.008	22	18	-9.169
1471	aliquid	7044	25.548	5	5	-9.189
1472	mundi	7879	28.576	6	5	-9.217
1473	a	90890	329.645	199	128	-9.261
1474	dum	18066	65.523	22	19	-9.279
1475	me	30698	111.337	47	37	-9.385
1476	ecclesia	14781	53.609	16	12	-9.402
1477	qua	20532	74.467	26	22	-9.505
1478	tunc	14329	51.969	15	14	-9.545
1479	que	105304	381.922	235	137	-9.584
1480	ideo	14608	52.981	15	15	-9.807
1481	nobis	28243	102.433	40	31	-9.872
1482	sibi	21952	79.617	27	24	-10.126
1483	nostra	9321	33.806	7	6	-10.132
1484	nihil	11730	42.543	10	10	-10.291
1485	tua	9484	34.397	7	7	-10.355
1486	cum	118100	428.331	261	149	-10.358
1487	Christus	12693	46.036	11	9	-10.564
1488	nisi	22042	79.943	26	24	-10.579
1489	ad	177121	642.392	422	181	-10.728
1490	fidem	9048	32.816	6	6	-10.948
1491	terra	10001	36.272	7	5	-11.064
1492	ipsa	12425	45.064	10	9	-11.088
1493	ne	26706	96.859	33	28	-11.116
1494	et	725334	2630.679	2118	402	-11.14
1495	rex	9240	33.512	6	6	-11.232
1496	Dies	9338	33.868	6	6	-11.377
1497	Dominus	28645	103.891	35	24	-11.645
1498	te	23799	86.315	26	24	-11.829
1499	uobis	16104	58.407	14	14	-11.868
1500	ecclesiam	8817	31.978	5	5	-12.065
1501	pro	43478	157.688	62	45	-12.152
1502	quia	98686	357.92	188	89	-12.393
1503	apostolus	10154	36.827	6	6	-12.585
1504	suam	12923	46.87	9	9	-12.623
1505	eis	17666	64.072	15	14	-12.67
1506	id	56272	204.09	86	50	-12.734
1507	die	13670	49.579	9	9	-13.526
1508	Sed	101571	368.383	184	119	-13.593
1509	eum	31346	113.687	34	29	-13.666
1510	Deus	32414	117.561	35	27	-13.955
1511	eos	21293	77.227	18	16	-13.96
1512	nos	28959	105.03	29	23	-14.118
1513	ego	14898	54.033	9	9	-15.011
1514	per	98723	358.054	163	106	-15.278
1515	semper	14445	52.39	8	8	-15.694
1516	se	52290	189.648	64	47	-15.706
1517	,	2210261	8016.289	6686	591	-16.269
1518	filius	12707	46.086	6	6	-16.365
1519	sua	17389	63.067	10	10	-16.781
1520	Christo	11863	43.025	5	5	-17.005
1521	Deum	18759	68.036	11	11	-17.197
1522	Deo	28999	105.175	22	17	-17.733
1523	sine	17552	63.659	9	8	-18.22
1524	uos	17265	62.618	8	7	-19.31
1525	non	212441	770.492	301	157	-27.061
